<?xml version="1.0" encoding="UTF-8"?>
<kml xmlns="http://www.opengis.net/kml/2.2">
  <Document>
    <name>Bản sao của Bản sao của Ranh giới 12 TDP Hòa 13 Liên củ 12</name>
    <description/>
    <Style id="icon-1899-0288D1-normal">
      <IconStyle>
        <color>ffd18802</color>
        <scale>1</scale>
        <Icon>
          <href>https://www.gstatic.com/mapspro/images/stock/503-wht-blank_maps.png</href>
        </Icon>
        <hotSpot x="32" xunits="pixels" y="64" yunits="insetPixels"/>
      </IconStyle>
      <LabelStyle>
        <scale>0</scale>
      </LabelStyle>
    </Style>
    <Style id="icon-1899-0288D1-highlight">
      <IconStyle>
        <color>ffd18802</color>
        <scale>1</scale>
        <Icon>
          <href>https://www.gstatic.com/mapspro/images/stock/503-wht-blank_maps.png</href>
        </Icon>
        <hotSpot x="32" xunits="pixels" y="64" yunits="insetPixels"/>
      </IconStyle>
      <LabelStyle>
        <scale>1</scale>
      </LabelStyle>
    </Style>
    <StyleMap id="icon-1899-0288D1">
      <Pair>
        <key>normal</key>
        <styleUrl>#icon-1899-0288D1-normal</styleUrl>
      </Pair>
      <Pair>
        <key>highlight</key>
        <styleUrl>#icon-1899-0288D1-highlight</styleUrl>
      </Pair>
    </StyleMap>
    <Style id="icon-1899-0288D1-nodesc-normal">
      <IconStyle>
        <color>ffd18802</color>
        <scale>1</scale>
        <Icon>
          <href>https://www.gstatic.com/mapspro/images/stock/503-wht-blank_maps.png</href>
        </Icon>
        <hotSpot x="32" xunits="pixels" y="64" yunits="insetPixels"/>
      </IconStyle>
      <LabelStyle>
        <scale>0</scale>
      </LabelStyle>
      <BalloonStyle>
        <text><![CDATA[<h3>$[name]</h3>]]></text>
      </BalloonStyle>
    </Style>
    <Style id="icon-1899-0288D1-nodesc-highlight">
      <IconStyle>
        <color>ffd18802</color>
        <scale>1</scale>
        <Icon>
          <href>https://www.gstatic.com/mapspro/images/stock/503-wht-blank_maps.png</href>
        </Icon>
        <hotSpot x="32" xunits="pixels" y="64" yunits="insetPixels"/>
      </IconStyle>
      <LabelStyle>
        <scale>1</scale>
      </LabelStyle>
      <BalloonStyle>
        <text><![CDATA[<h3>$[name]</h3>]]></text>
      </BalloonStyle>
    </Style>
    <StyleMap id="icon-1899-0288D1-nodesc">
      <Pair>
        <key>normal</key>
        <styleUrl>#icon-1899-0288D1-nodesc-normal</styleUrl>
      </Pair>
      <Pair>
        <key>highlight</key>
        <styleUrl>#icon-1899-0288D1-nodesc-highlight</styleUrl>
      </Pair>
    </StyleMap>
    <Style id="icon-1899-558B2F-nodesc-normal">
      <IconStyle>
        <color>ff2f8b55</color>
        <scale>1</scale>
        <Icon>
          <href>https://www.gstatic.com/mapspro/images/stock/503-wht-blank_maps.png</href>
        </Icon>
        <hotSpot x="32" xunits="pixels" y="64" yunits="insetPixels"/>
      </IconStyle>
      <LabelStyle>
        <scale>0</scale>
      </LabelStyle>
      <BalloonStyle>
        <text><![CDATA[<h3>$[name]</h3>]]></text>
      </BalloonStyle>
    </Style>
    <Style id="icon-1899-558B2F-nodesc-highlight">
      <IconStyle>
        <color>ff2f8b55</color>
        <scale>1</scale>
        <Icon>
          <href>https://www.gstatic.com/mapspro/images/stock/503-wht-blank_maps.png</href>
        </Icon>
        <hotSpot x="32" xunits="pixels" y="64" yunits="insetPixels"/>
      </IconStyle>
      <LabelStyle>
        <scale>1</scale>
      </LabelStyle>
      <BalloonStyle>
        <text><![CDATA[<h3>$[name]</h3>]]></text>
      </BalloonStyle>
    </Style>
    <StyleMap id="icon-1899-558B2F-nodesc">
      <Pair>
        <key>normal</key>
        <styleUrl>#icon-1899-558B2F-nodesc-normal</styleUrl>
      </Pair>
      <Pair>
        <key>highlight</key>
        <styleUrl>#icon-1899-558B2F-nodesc-highlight</styleUrl>
      </Pair>
    </StyleMap>
    <Style id="icon-1899-A52714-nodesc-normal">
      <IconStyle>
        <color>ff1427a5</color>
        <scale>1</scale>
        <Icon>
          <href>https://www.gstatic.com/mapspro/images/stock/503-wht-blank_maps.png</href>
        </Icon>
        <hotSpot x="32" xunits="pixels" y="64" yunits="insetPixels"/>
      </IconStyle>
      <LabelStyle>
        <scale>0</scale>
      </LabelStyle>
      <BalloonStyle>
        <text><![CDATA[<h3>$[name]</h3>]]></text>
      </BalloonStyle>
    </Style>
    <Style id="icon-1899-A52714-nodesc-highlight">
      <IconStyle>
        <color>ff1427a5</color>
        <scale>1</scale>
        <Icon>
          <href>https://www.gstatic.com/mapspro/images/stock/503-wht-blank_maps.png</href>
        </Icon>
        <hotSpot x="32" xunits="pixels" y="64" yunits="insetPixels"/>
      </IconStyle>
      <LabelStyle>
        <scale>1</scale>
      </LabelStyle>
      <BalloonStyle>
        <text><![CDATA[<h3>$[name]</h3>]]></text>
      </BalloonStyle>
    </Style>
    <StyleMap id="icon-1899-A52714-nodesc">
      <Pair>
        <key>normal</key>
        <styleUrl>#icon-1899-A52714-nodesc-normal</styleUrl>
      </Pair>
      <Pair>
        <key>highlight</key>
        <styleUrl>#icon-1899-A52714-nodesc-highlight</styleUrl>
      </Pair>
    </StyleMap>
    <Style id="icon-1899-AFB42B-nodesc-normal">
      <IconStyle>
        <color>ff2bb4af</color>
        <scale>1</scale>
        <Icon>
          <href>https://www.gstatic.com/mapspro/images/stock/503-wht-blank_maps.png</href>
        </Icon>
        <hotSpot x="32" xunits="pixels" y="64" yunits="insetPixels"/>
      </IconStyle>
      <LabelStyle>
        <scale>0</scale>
      </LabelStyle>
      <BalloonStyle>
        <text><![CDATA[<h3>$[name]</h3>]]></text>
      </BalloonStyle>
    </Style>
    <Style id="icon-1899-AFB42B-nodesc-highlight">
      <IconStyle>
        <color>ff2bb4af</color>
        <scale>1</scale>
        <Icon>
          <href>https://www.gstatic.com/mapspro/images/stock/503-wht-blank_maps.png</href>
        </Icon>
        <hotSpot x="32" xunits="pixels" y="64" yunits="insetPixels"/>
      </IconStyle>
      <LabelStyle>
        <scale>1</scale>
      </LabelStyle>
      <BalloonStyle>
        <text><![CDATA[<h3>$[name]</h3>]]></text>
      </BalloonStyle>
    </Style>
    <StyleMap id="icon-1899-AFB42B-nodesc">
      <Pair>
        <key>normal</key>
        <styleUrl>#icon-1899-AFB42B-nodesc-normal</styleUrl>
      </Pair>
      <Pair>
        <key>highlight</key>
        <styleUrl>#icon-1899-AFB42B-nodesc-highlight</styleUrl>
      </Pair>
    </StyleMap>
    <Style id="icon-1899-C2185B-nodesc-normal">
      <IconStyle>
        <color>ff5b18c2</color>
        <scale>1</scale>
        <Icon>
          <href>https://www.gstatic.com/mapspro/images/stock/503-wht-blank_maps.png</href>
        </Icon>
        <hotSpot x="32" xunits="pixels" y="64" yunits="insetPixels"/>
      </IconStyle>
      <LabelStyle>
        <scale>0</scale>
      </LabelStyle>
      <BalloonStyle>
        <text><![CDATA[<h3>$[name]</h3>]]></text>
      </BalloonStyle>
    </Style>
    <Style id="icon-1899-C2185B-nodesc-highlight">
      <IconStyle>
        <color>ff5b18c2</color>
        <scale>1</scale>
        <Icon>
          <href>https://www.gstatic.com/mapspro/images/stock/503-wht-blank_maps.png</href>
        </Icon>
        <hotSpot x="32" xunits="pixels" y="64" yunits="insetPixels"/>
      </IconStyle>
      <LabelStyle>
        <scale>1</scale>
      </LabelStyle>
      <BalloonStyle>
        <text><![CDATA[<h3>$[name]</h3>]]></text>
      </BalloonStyle>
    </Style>
    <StyleMap id="icon-1899-C2185B-nodesc">
      <Pair>
        <key>normal</key>
        <styleUrl>#icon-1899-C2185B-nodesc-normal</styleUrl>
      </Pair>
      <Pair>
        <key>highlight</key>
        <styleUrl>#icon-1899-C2185B-nodesc-highlight</styleUrl>
      </Pair>
    </StyleMap>
    <Style id="icon-1899-E65100-nodesc-normal">
      <IconStyle>
        <color>ff0051e6</color>
        <scale>1</scale>
        <Icon>
          <href>https://www.gstatic.com/mapspro/images/stock/503-wht-blank_maps.png</href>
        </Icon>
        <hotSpot x="32" xunits="pixels" y="64" yunits="insetPixels"/>
      </IconStyle>
      <LabelStyle>
        <scale>0</scale>
      </LabelStyle>
      <BalloonStyle>
        <text><![CDATA[<h3>$[name]</h3>]]></text>
      </BalloonStyle>
    </Style>
    <Style id="icon-1899-E65100-nodesc-highlight">
      <IconStyle>
        <color>ff0051e6</color>
        <scale>1</scale>
        <Icon>
          <href>https://www.gstatic.com/mapspro/images/stock/503-wht-blank_maps.png</href>
        </Icon>
        <hotSpot x="32" xunits="pixels" y="64" yunits="insetPixels"/>
      </IconStyle>
      <LabelStyle>
        <scale>1</scale>
      </LabelStyle>
      <BalloonStyle>
        <text><![CDATA[<h3>$[name]</h3>]]></text>
      </BalloonStyle>
    </Style>
    <StyleMap id="icon-1899-E65100-nodesc">
      <Pair>
        <key>normal</key>
        <styleUrl>#icon-1899-E65100-nodesc-normal</styleUrl>
      </Pair>
      <Pair>
        <key>highlight</key>
        <styleUrl>#icon-1899-E65100-nodesc-highlight</styleUrl>
      </Pair>
    </StyleMap>
    <Style id="icon-1899-F57C00-normal">
      <IconStyle>
        <color>ff007cf5</color>
        <scale>1</scale>
        <Icon>
          <href>https://www.gstatic.com/mapspro/images/stock/503-wht-blank_maps.png</href>
        </Icon>
        <hotSpot x="32" xunits="pixels" y="64" yunits="insetPixels"/>
      </IconStyle>
      <LabelStyle>
        <scale>0</scale>
      </LabelStyle>
    </Style>
    <Style id="icon-1899-F57C00-highlight">
      <IconStyle>
        <color>ff007cf5</color>
        <scale>1</scale>
        <Icon>
          <href>https://www.gstatic.com/mapspro/images/stock/503-wht-blank_maps.png</href>
        </Icon>
        <hotSpot x="32" xunits="pixels" y="64" yunits="insetPixels"/>
      </IconStyle>
      <LabelStyle>
        <scale>1</scale>
      </LabelStyle>
    </Style>
    <StyleMap id="icon-1899-F57C00">
      <Pair>
        <key>normal</key>
        <styleUrl>#icon-1899-F57C00-normal</styleUrl>
      </Pair>
      <Pair>
        <key>highlight</key>
        <styleUrl>#icon-1899-F57C00-highlight</styleUrl>
      </Pair>
    </StyleMap>
    <Style id="icon-1899-F57C00-nodesc-normal">
      <IconStyle>
        <color>ff007cf5</color>
        <scale>1</scale>
        <Icon>
          <href>https://www.gstatic.com/mapspro/images/stock/503-wht-blank_maps.png</href>
        </Icon>
        <hotSpot x="32" xunits="pixels" y="64" yunits="insetPixels"/>
      </IconStyle>
      <LabelStyle>
        <scale>0</scale>
      </LabelStyle>
      <BalloonStyle>
        <text><![CDATA[<h3>$[name]</h3>]]></text>
      </BalloonStyle>
    </Style>
    <Style id="icon-1899-F57C00-nodesc-highlight">
      <IconStyle>
        <color>ff007cf5</color>
        <scale>1</scale>
        <Icon>
          <href>https://www.gstatic.com/mapspro/images/stock/503-wht-blank_maps.png</href>
        </Icon>
        <hotSpot x="32" xunits="pixels" y="64" yunits="insetPixels"/>
      </IconStyle>
      <LabelStyle>
        <scale>1</scale>
      </LabelStyle>
      <BalloonStyle>
        <text><![CDATA[<h3>$[name]</h3>]]></text>
      </BalloonStyle>
    </Style>
    <StyleMap id="icon-1899-F57C00-nodesc">
      <Pair>
        <key>normal</key>
        <styleUrl>#icon-1899-F57C00-nodesc-normal</styleUrl>
      </Pair>
      <Pair>
        <key>highlight</key>
        <styleUrl>#icon-1899-F57C00-nodesc-highlight</styleUrl>
      </Pair>
    </StyleMap>
    <Style id="icon-1899-F9A825-nodesc-normal">
      <IconStyle>
        <color>ff25a8f9</color>
        <scale>1</scale>
        <Icon>
          <href>https://www.gstatic.com/mapspro/images/stock/503-wht-blank_maps.png</href>
        </Icon>
        <hotSpot x="32" xunits="pixels" y="64" yunits="insetPixels"/>
      </IconStyle>
      <LabelStyle>
        <scale>0</scale>
      </LabelStyle>
      <BalloonStyle>
        <text><![CDATA[<h3>$[name]</h3>]]></text>
      </BalloonStyle>
    </Style>
    <Style id="icon-1899-F9A825-nodesc-highlight">
      <IconStyle>
        <color>ff25a8f9</color>
        <scale>1</scale>
        <Icon>
          <href>https://www.gstatic.com/mapspro/images/stock/503-wht-blank_maps.png</href>
        </Icon>
        <hotSpot x="32" xunits="pixels" y="64" yunits="insetPixels"/>
      </IconStyle>
      <LabelStyle>
        <scale>1</scale>
      </LabelStyle>
      <BalloonStyle>
        <text><![CDATA[<h3>$[name]</h3>]]></text>
      </BalloonStyle>
    </Style>
    <StyleMap id="icon-1899-F9A825-nodesc">
      <Pair>
        <key>normal</key>
        <styleUrl>#icon-1899-F9A825-nodesc-normal</styleUrl>
      </Pair>
      <Pair>
        <key>highlight</key>
        <styleUrl>#icon-1899-F9A825-nodesc-highlight</styleUrl>
      </Pair>
    </StyleMap>
    <Style id="icon-1899-FBC02D-nodesc-normal">
      <IconStyle>
        <color>ff2dc0fb</color>
        <scale>1</scale>
        <Icon>
          <href>https://www.gstatic.com/mapspro/images/stock/503-wht-blank_maps.png</href>
        </Icon>
        <hotSpot x="32" xunits="pixels" y="64" yunits="insetPixels"/>
      </IconStyle>
      <LabelStyle>
        <scale>0</scale>
      </LabelStyle>
      <BalloonStyle>
        <text><![CDATA[<h3>$[name]</h3>]]></text>
      </BalloonStyle>
    </Style>
    <Style id="icon-1899-FBC02D-nodesc-highlight">
      <IconStyle>
        <color>ff2dc0fb</color>
        <scale>1</scale>
        <Icon>
          <href>https://www.gstatic.com/mapspro/images/stock/503-wht-blank_maps.png</href>
        </Icon>
        <hotSpot x="32" xunits="pixels" y="64" yunits="insetPixels"/>
      </IconStyle>
      <LabelStyle>
        <scale>1</scale>
      </LabelStyle>
      <BalloonStyle>
        <text><![CDATA[<h3>$[name]</h3>]]></text>
      </BalloonStyle>
    </Style>
    <StyleMap id="icon-1899-FBC02D-nodesc">
      <Pair>
        <key>normal</key>
        <styleUrl>#icon-1899-FBC02D-nodesc-normal</styleUrl>
      </Pair>
      <Pair>
        <key>highlight</key>
        <styleUrl>#icon-1899-FBC02D-nodesc-highlight</styleUrl>
      </Pair>
    </StyleMap>
    <Style id="icon-1899-FF5252-nodesc-normal">
      <IconStyle>
        <color>ff5252ff</color>
        <scale>1</scale>
        <Icon>
          <href>https://www.gstatic.com/mapspro/images/stock/503-wht-blank_maps.png</href>
        </Icon>
        <hotSpot x="32" xunits="pixels" y="64" yunits="insetPixels"/>
      </IconStyle>
      <LabelStyle>
        <scale>0</scale>
      </LabelStyle>
      <BalloonStyle>
        <text><![CDATA[<h3>$[name]</h3>]]></text>
      </BalloonStyle>
    </Style>
    <Style id="icon-1899-FF5252-nodesc-highlight">
      <IconStyle>
        <color>ff5252ff</color>
        <scale>1</scale>
        <Icon>
          <href>https://www.gstatic.com/mapspro/images/stock/503-wht-blank_maps.png</href>
        </Icon>
        <hotSpot x="32" xunits="pixels" y="64" yunits="insetPixels"/>
      </IconStyle>
      <LabelStyle>
        <scale>1</scale>
      </LabelStyle>
      <BalloonStyle>
        <text><![CDATA[<h3>$[name]</h3>]]></text>
      </BalloonStyle>
    </Style>
    <StyleMap id="icon-1899-FF5252-nodesc">
      <Pair>
        <key>normal</key>
        <styleUrl>#icon-1899-FF5252-nodesc-normal</styleUrl>
      </Pair>
      <Pair>
        <key>highlight</key>
        <styleUrl>#icon-1899-FF5252-nodesc-highlight</styleUrl>
      </Pair>
    </StyleMap>
    <Style id="icon-1899-FFD600-nodesc-normal">
      <IconStyle>
        <color>ff00d6ff</color>
        <scale>1</scale>
        <Icon>
          <href>https://www.gstatic.com/mapspro/images/stock/503-wht-blank_maps.png</href>
        </Icon>
        <hotSpot x="32" xunits="pixels" y="64" yunits="insetPixels"/>
      </IconStyle>
      <LabelStyle>
        <scale>0</scale>
      </LabelStyle>
      <BalloonStyle>
        <text><![CDATA[<h3>$[name]</h3>]]></text>
      </BalloonStyle>
    </Style>
    <Style id="icon-1899-FFD600-nodesc-highlight">
      <IconStyle>
        <color>ff00d6ff</color>
        <scale>1</scale>
        <Icon>
          <href>https://www.gstatic.com/mapspro/images/stock/503-wht-blank_maps.png</href>
        </Icon>
        <hotSpot x="32" xunits="pixels" y="64" yunits="insetPixels"/>
      </IconStyle>
      <LabelStyle>
        <scale>1</scale>
      </LabelStyle>
      <BalloonStyle>
        <text><![CDATA[<h3>$[name]</h3>]]></text>
      </BalloonStyle>
    </Style>
    <StyleMap id="icon-1899-FFD600-nodesc">
      <Pair>
        <key>normal</key>
        <styleUrl>#icon-1899-FFD600-nodesc-normal</styleUrl>
      </Pair>
      <Pair>
        <key>highlight</key>
        <styleUrl>#icon-1899-FFD600-nodesc-highlight</styleUrl>
      </Pair>
    </StyleMap>
    <Style id="icon-1899-FFEA00-nodesc-normal">
      <IconStyle>
        <color>ff00eaff</color>
        <scale>1</scale>
        <Icon>
          <href>https://www.gstatic.com/mapspro/images/stock/503-wht-blank_maps.png</href>
        </Icon>
        <hotSpot x="32" xunits="pixels" y="64" yunits="insetPixels"/>
      </IconStyle>
      <LabelStyle>
        <scale>0</scale>
      </LabelStyle>
      <BalloonStyle>
        <text><![CDATA[<h3>$[name]</h3>]]></text>
      </BalloonStyle>
    </Style>
    <Style id="icon-1899-FFEA00-nodesc-highlight">
      <IconStyle>
        <color>ff00eaff</color>
        <scale>1</scale>
        <Icon>
          <href>https://www.gstatic.com/mapspro/images/stock/503-wht-blank_maps.png</href>
        </Icon>
        <hotSpot x="32" xunits="pixels" y="64" yunits="insetPixels"/>
      </IconStyle>
      <LabelStyle>
        <scale>1</scale>
      </LabelStyle>
      <BalloonStyle>
        <text><![CDATA[<h3>$[name]</h3>]]></text>
      </BalloonStyle>
    </Style>
    <StyleMap id="icon-1899-FFEA00-nodesc">
      <Pair>
        <key>normal</key>
        <styleUrl>#icon-1899-FFEA00-nodesc-normal</styleUrl>
      </Pair>
      <Pair>
        <key>highlight</key>
        <styleUrl>#icon-1899-FFEA00-nodesc-highlight</styleUrl>
      </Pair>
    </StyleMap>
    <Style id="line-0F9D58-5263-nodesc-normal">
      <LineStyle>
        <color>ff589d0f</color>
        <width>5.263</width>
      </LineStyle>
      <BalloonStyle>
        <text><![CDATA[<h3>$[name]</h3>]]></text>
      </BalloonStyle>
    </Style>
    <Style id="line-0F9D58-5263-nodesc-highlight">
      <LineStyle>
        <color>ff589d0f</color>
        <width>7.8945</width>
      </LineStyle>
      <BalloonStyle>
        <text><![CDATA[<h3>$[name]</h3>]]></text>
      </BalloonStyle>
    </Style>
    <StyleMap id="line-0F9D58-5263-nodesc">
      <Pair>
        <key>normal</key>
        <styleUrl>#line-0F9D58-5263-nodesc-normal</styleUrl>
      </Pair>
      <Pair>
        <key>highlight</key>
        <styleUrl>#line-0F9D58-5263-nodesc-highlight</styleUrl>
      </Pair>
    </StyleMap>
    <Style id="line-0F9D58-9159-nodesc-normal">
      <LineStyle>
        <color>ff589d0f</color>
        <width>9.159</width>
      </LineStyle>
      <BalloonStyle>
        <text><![CDATA[<h3>$[name]</h3>]]></text>
      </BalloonStyle>
    </Style>
    <Style id="line-0F9D58-9159-nodesc-highlight">
      <LineStyle>
        <color>ff589d0f</color>
        <width>13.7385</width>
      </LineStyle>
      <BalloonStyle>
        <text><![CDATA[<h3>$[name]</h3>]]></text>
      </BalloonStyle>
    </Style>
    <StyleMap id="line-0F9D58-9159-nodesc">
      <Pair>
        <key>normal</key>
        <styleUrl>#line-0F9D58-9159-nodesc-normal</styleUrl>
      </Pair>
      <Pair>
        <key>highlight</key>
        <styleUrl>#line-0F9D58-9159-nodesc-highlight</styleUrl>
      </Pair>
    </StyleMap>
    <Style id="line-1A237E-9138-nodesc-normal">
      <LineStyle>
        <color>ff7e231a</color>
        <width>9.138</width>
      </LineStyle>
      <BalloonStyle>
        <text><![CDATA[<h3>$[name]</h3>]]></text>
      </BalloonStyle>
    </Style>
    <Style id="line-1A237E-9138-nodesc-highlight">
      <LineStyle>
        <color>ff7e231a</color>
        <width>13.707</width>
      </LineStyle>
      <BalloonStyle>
        <text><![CDATA[<h3>$[name]</h3>]]></text>
      </BalloonStyle>
    </Style>
    <StyleMap id="line-1A237E-9138-nodesc">
      <Pair>
        <key>normal</key>
        <styleUrl>#line-1A237E-9138-nodesc-normal</styleUrl>
      </Pair>
      <Pair>
        <key>highlight</key>
        <styleUrl>#line-1A237E-9138-nodesc-highlight</styleUrl>
      </Pair>
    </StyleMap>
    <Style id="line-880E4F-10106-nodesc-normal">
      <LineStyle>
        <color>ff4f0e88</color>
        <width>10.106</width>
      </LineStyle>
      <BalloonStyle>
        <text><![CDATA[<h3>$[name]</h3>]]></text>
      </BalloonStyle>
    </Style>
    <Style id="line-880E4F-10106-nodesc-highlight">
      <LineStyle>
        <color>ff4f0e88</color>
        <width>15.159</width>
      </LineStyle>
      <BalloonStyle>
        <text><![CDATA[<h3>$[name]</h3>]]></text>
      </BalloonStyle>
    </Style>
    <StyleMap id="line-880E4F-10106-nodesc">
      <Pair>
        <key>normal</key>
        <styleUrl>#line-880E4F-10106-nodesc-normal</styleUrl>
      </Pair>
      <Pair>
        <key>highlight</key>
        <styleUrl>#line-880E4F-10106-nodesc-highlight</styleUrl>
      </Pair>
    </StyleMap>
    <Style id="line-C2185B-4488-nodesc-normal">
      <LineStyle>
        <color>ff5b18c2</color>
        <width>4.488</width>
      </LineStyle>
      <BalloonStyle>
        <text><![CDATA[<h3>$[name]</h3>]]></text>
      </BalloonStyle>
    </Style>
    <Style id="line-C2185B-4488-nodesc-highlight">
      <LineStyle>
        <color>ff5b18c2</color>
        <width>6.732</width>
      </LineStyle>
      <BalloonStyle>
        <text><![CDATA[<h3>$[name]</h3>]]></text>
      </BalloonStyle>
    </Style>
    <StyleMap id="line-C2185B-4488-nodesc">
      <Pair>
        <key>normal</key>
        <styleUrl>#line-C2185B-4488-nodesc-normal</styleUrl>
      </Pair>
      <Pair>
        <key>highlight</key>
        <styleUrl>#line-C2185B-4488-nodesc-highlight</styleUrl>
      </Pair>
    </StyleMap>
    <Style id="line-E65100-10106-nodesc-normal">
      <LineStyle>
        <color>ff0051e6</color>
        <width>10.106</width>
      </LineStyle>
      <BalloonStyle>
        <text><![CDATA[<h3>$[name]</h3>]]></text>
      </BalloonStyle>
    </Style>
    <Style id="line-E65100-10106-nodesc-highlight">
      <LineStyle>
        <color>ff0051e6</color>
        <width>15.159</width>
      </LineStyle>
      <BalloonStyle>
        <text><![CDATA[<h3>$[name]</h3>]]></text>
      </BalloonStyle>
    </Style>
    <StyleMap id="line-E65100-10106-nodesc">
      <Pair>
        <key>normal</key>
        <styleUrl>#line-E65100-10106-nodesc-normal</styleUrl>
      </Pair>
      <Pair>
        <key>highlight</key>
        <styleUrl>#line-E65100-10106-nodesc-highlight</styleUrl>
      </Pair>
    </StyleMap>
    <Style id="line-E65100-10494-nodesc-normal">
      <LineStyle>
        <color>ff0051e6</color>
        <width>10.494</width>
      </LineStyle>
      <BalloonStyle>
        <text><![CDATA[<h3>$[name]</h3>]]></text>
      </BalloonStyle>
    </Style>
    <Style id="line-E65100-10494-nodesc-highlight">
      <LineStyle>
        <color>ff0051e6</color>
        <width>15.741</width>
      </LineStyle>
      <BalloonStyle>
        <text><![CDATA[<h3>$[name]</h3>]]></text>
      </BalloonStyle>
    </Style>
    <StyleMap id="line-E65100-10494-nodesc">
      <Pair>
        <key>normal</key>
        <styleUrl>#line-E65100-10494-nodesc-normal</styleUrl>
      </Pair>
      <Pair>
        <key>highlight</key>
        <styleUrl>#line-E65100-10494-nodesc-highlight</styleUrl>
      </Pair>
    </StyleMap>
    <Style id="line-E65100-8556-nodesc-normal">
      <LineStyle>
        <color>ff0051e6</color>
        <width>8.556</width>
      </LineStyle>
      <BalloonStyle>
        <text><![CDATA[<h3>$[name]</h3>]]></text>
      </BalloonStyle>
    </Style>
    <Style id="line-E65100-8556-nodesc-highlight">
      <LineStyle>
        <color>ff0051e6</color>
        <width>12.834</width>
      </LineStyle>
      <BalloonStyle>
        <text><![CDATA[<h3>$[name]</h3>]]></text>
      </BalloonStyle>
    </Style>
    <StyleMap id="line-E65100-8556-nodesc">
      <Pair>
        <key>normal</key>
        <styleUrl>#line-E65100-8556-nodesc-normal</styleUrl>
      </Pair>
      <Pair>
        <key>highlight</key>
        <styleUrl>#line-E65100-8556-nodesc-highlight</styleUrl>
      </Pair>
    </StyleMap>
    <Style id="line-E65100-9913-nodesc-normal">
      <LineStyle>
        <color>ff0051e6</color>
        <width>9.913</width>
      </LineStyle>
      <BalloonStyle>
        <text><![CDATA[<h3>$[name]</h3>]]></text>
      </BalloonStyle>
    </Style>
    <Style id="line-E65100-9913-nodesc-highlight">
      <LineStyle>
        <color>ff0051e6</color>
        <width>14.8695</width>
      </LineStyle>
      <BalloonStyle>
        <text><![CDATA[<h3>$[name]</h3>]]></text>
      </BalloonStyle>
    </Style>
    <StyleMap id="line-E65100-9913-nodesc">
      <Pair>
        <key>normal</key>
        <styleUrl>#line-E65100-9913-nodesc-normal</styleUrl>
      </Pair>
      <Pair>
        <key>highlight</key>
        <styleUrl>#line-E65100-9913-nodesc-highlight</styleUrl>
      </Pair>
    </StyleMap>
    <Style id="line-FF5252-10300-nodesc-normal">
      <LineStyle>
        <color>ff5252ff</color>
        <width>10.3</width>
      </LineStyle>
      <BalloonStyle>
        <text><![CDATA[<h3>$[name]</h3>]]></text>
      </BalloonStyle>
    </Style>
    <Style id="line-FF5252-10300-nodesc-highlight">
      <LineStyle>
        <color>ff5252ff</color>
        <width>15.45</width>
      </LineStyle>
      <BalloonStyle>
        <text><![CDATA[<h3>$[name]</h3>]]></text>
      </BalloonStyle>
    </Style>
    <StyleMap id="line-FF5252-10300-nodesc">
      <Pair>
        <key>normal</key>
        <styleUrl>#line-FF5252-10300-nodesc-normal</styleUrl>
      </Pair>
      <Pair>
        <key>highlight</key>
        <styleUrl>#line-FF5252-10300-nodesc-highlight</styleUrl>
      </Pair>
    </StyleMap>
    <Style id="line-FFD600-5456-nodesc-normal">
      <LineStyle>
        <color>ff00d6ff</color>
        <width>5.456</width>
      </LineStyle>
      <BalloonStyle>
        <text><![CDATA[<h3>$[name]</h3>]]></text>
      </BalloonStyle>
    </Style>
    <Style id="line-FFD600-5456-nodesc-highlight">
      <LineStyle>
        <color>ff00d6ff</color>
        <width>8.184</width>
      </LineStyle>
      <BalloonStyle>
        <text><![CDATA[<h3>$[name]</h3>]]></text>
      </BalloonStyle>
    </Style>
    <StyleMap id="line-FFD600-5456-nodesc">
      <Pair>
        <key>normal</key>
        <styleUrl>#line-FFD600-5456-nodesc-normal</styleUrl>
      </Pair>
      <Pair>
        <key>highlight</key>
        <styleUrl>#line-FFD600-5456-nodesc-highlight</styleUrl>
      </Pair>
    </StyleMap>
    <Style id="line-FFD600-7394-nodesc-normal">
      <LineStyle>
        <color>ff00d6ff</color>
        <width>7.394</width>
      </LineStyle>
      <BalloonStyle>
        <text><![CDATA[<h3>$[name]</h3>]]></text>
      </BalloonStyle>
    </Style>
    <Style id="line-FFD600-7394-nodesc-highlight">
      <LineStyle>
        <color>ff00d6ff</color>
        <width>11.091</width>
      </LineStyle>
      <BalloonStyle>
        <text><![CDATA[<h3>$[name]</h3>]]></text>
      </BalloonStyle>
    </Style>
    <StyleMap id="line-FFD600-7394-nodesc">
      <Pair>
        <key>normal</key>
        <styleUrl>#line-FFD600-7394-nodesc-normal</styleUrl>
      </Pair>
      <Pair>
        <key>highlight</key>
        <styleUrl>#line-FFD600-7394-nodesc-highlight</styleUrl>
      </Pair>
    </StyleMap>
    <Style id="line-FFD600-8750-nodesc-normal">
      <LineStyle>
        <color>ff00d6ff</color>
        <width>8.75</width>
      </LineStyle>
      <BalloonStyle>
        <text><![CDATA[<h3>$[name]</h3>]]></text>
      </BalloonStyle>
    </Style>
    <Style id="line-FFD600-8750-nodesc-highlight">
      <LineStyle>
        <color>ff00d6ff</color>
        <width>13.125</width>
      </LineStyle>
      <BalloonStyle>
        <text><![CDATA[<h3>$[name]</h3>]]></text>
      </BalloonStyle>
    </Style>
    <StyleMap id="line-FFD600-8750-nodesc">
      <Pair>
        <key>normal</key>
        <styleUrl>#line-FFD600-8750-nodesc-normal</styleUrl>
      </Pair>
      <Pair>
        <key>highlight</key>
        <styleUrl>#line-FFD600-8750-nodesc-highlight</styleUrl>
      </Pair>
    </StyleMap>
    <Style id="poly-000000-1200-77-nodesc-normal">
      <LineStyle>
        <color>ff000000</color>
        <width>1.2</width>
      </LineStyle>
      <PolyStyle>
        <color>4d000000</color>
        <fill>1</fill>
        <outline>1</outline>
      </PolyStyle>
      <BalloonStyle>
        <text><![CDATA[<h3>$[name]</h3>]]></text>
      </BalloonStyle>
    </Style>
    <Style id="poly-000000-1200-77-nodesc-highlight">
      <LineStyle>
        <color>ff000000</color>
        <width>1.8</width>
      </LineStyle>
      <PolyStyle>
        <color>4d000000</color>
        <fill>1</fill>
        <outline>1</outline>
      </PolyStyle>
      <BalloonStyle>
        <text><![CDATA[<h3>$[name]</h3>]]></text>
      </BalloonStyle>
    </Style>
    <StyleMap id="poly-000000-1200-77-nodesc">
      <Pair>
        <key>normal</key>
        <styleUrl>#poly-000000-1200-77-nodesc-normal</styleUrl>
      </Pair>
      <Pair>
        <key>highlight</key>
        <styleUrl>#poly-000000-1200-77-nodesc-highlight</styleUrl>
      </Pair>
    </StyleMap>
    <Style id="poly-006064-5201-0-nodesc-normal">
      <LineStyle>
        <color>ff646000</color>
        <width>5.201</width>
      </LineStyle>
      <PolyStyle>
        <color>00646000</color>
        <fill>1</fill>
        <outline>1</outline>
      </PolyStyle>
      <BalloonStyle>
        <text><![CDATA[<h3>$[name]</h3>]]></text>
      </BalloonStyle>
    </Style>
    <Style id="poly-006064-5201-0-nodesc-highlight">
      <LineStyle>
        <color>ff646000</color>
        <width>7.8015</width>
      </LineStyle>
      <PolyStyle>
        <color>00646000</color>
        <fill>1</fill>
        <outline>1</outline>
      </PolyStyle>
      <BalloonStyle>
        <text><![CDATA[<h3>$[name]</h3>]]></text>
      </BalloonStyle>
    </Style>
    <StyleMap id="poly-006064-5201-0-nodesc">
      <Pair>
        <key>normal</key>
        <styleUrl>#poly-006064-5201-0-nodesc-normal</styleUrl>
      </Pair>
      <Pair>
        <key>highlight</key>
        <styleUrl>#poly-006064-5201-0-nodesc-highlight</styleUrl>
      </Pair>
    </StyleMap>
    <Style id="poly-006064-5901-0-nodesc-normal">
      <LineStyle>
        <color>ff646000</color>
        <width>5.901</width>
      </LineStyle>
      <PolyStyle>
        <color>00646000</color>
        <fill>1</fill>
        <outline>1</outline>
      </PolyStyle>
      <BalloonStyle>
        <text><![CDATA[<h3>$[name]</h3>]]></text>
      </BalloonStyle>
    </Style>
    <Style id="poly-006064-5901-0-nodesc-highlight">
      <LineStyle>
        <color>ff646000</color>
        <width>8.8515</width>
      </LineStyle>
      <PolyStyle>
        <color>00646000</color>
        <fill>1</fill>
        <outline>1</outline>
      </PolyStyle>
      <BalloonStyle>
        <text><![CDATA[<h3>$[name]</h3>]]></text>
      </BalloonStyle>
    </Style>
    <StyleMap id="poly-006064-5901-0-nodesc">
      <Pair>
        <key>normal</key>
        <styleUrl>#poly-006064-5901-0-nodesc-normal</styleUrl>
      </Pair>
      <Pair>
        <key>highlight</key>
        <styleUrl>#poly-006064-5901-0-nodesc-highlight</styleUrl>
      </Pair>
    </StyleMap>
    <Style id="poly-006064-6001-0-nodesc-normal">
      <LineStyle>
        <color>ff646000</color>
        <width>6.001</width>
      </LineStyle>
      <PolyStyle>
        <color>00646000</color>
        <fill>1</fill>
        <outline>1</outline>
      </PolyStyle>
      <BalloonStyle>
        <text><![CDATA[<h3>$[name]</h3>]]></text>
      </BalloonStyle>
    </Style>
    <Style id="poly-006064-6001-0-nodesc-highlight">
      <LineStyle>
        <color>ff646000</color>
        <width>9.0015</width>
      </LineStyle>
      <PolyStyle>
        <color>00646000</color>
        <fill>1</fill>
        <outline>1</outline>
      </PolyStyle>
      <BalloonStyle>
        <text><![CDATA[<h3>$[name]</h3>]]></text>
      </BalloonStyle>
    </Style>
    <StyleMap id="poly-006064-6001-0-nodesc">
      <Pair>
        <key>normal</key>
        <styleUrl>#poly-006064-6001-0-nodesc-normal</styleUrl>
      </Pair>
      <Pair>
        <key>highlight</key>
        <styleUrl>#poly-006064-6001-0-nodesc-highlight</styleUrl>
      </Pair>
    </StyleMap>
    <Style id="poly-0097A7-6001-0-nodesc-normal">
      <LineStyle>
        <color>ffa79700</color>
        <width>6.001</width>
      </LineStyle>
      <PolyStyle>
        <color>00a79700</color>
        <fill>1</fill>
        <outline>1</outline>
      </PolyStyle>
      <BalloonStyle>
        <text><![CDATA[<h3>$[name]</h3>]]></text>
      </BalloonStyle>
    </Style>
    <Style id="poly-0097A7-6001-0-nodesc-highlight">
      <LineStyle>
        <color>ffa79700</color>
        <width>9.0015</width>
      </LineStyle>
      <PolyStyle>
        <color>00a79700</color>
        <fill>1</fill>
        <outline>1</outline>
      </PolyStyle>
      <BalloonStyle>
        <text><![CDATA[<h3>$[name]</h3>]]></text>
      </BalloonStyle>
    </Style>
    <StyleMap id="poly-0097A7-6001-0-nodesc">
      <Pair>
        <key>normal</key>
        <styleUrl>#poly-0097A7-6001-0-nodesc-normal</styleUrl>
      </Pair>
      <Pair>
        <key>highlight</key>
        <styleUrl>#poly-0097A7-6001-0-nodesc-highlight</styleUrl>
      </Pair>
    </StyleMap>
    <Style id="poly-0097A7-6401-0-nodesc-normal">
      <LineStyle>
        <color>ffa79700</color>
        <width>6.401</width>
      </LineStyle>
      <PolyStyle>
        <color>00a79700</color>
        <fill>1</fill>
        <outline>1</outline>
      </PolyStyle>
      <BalloonStyle>
        <text><![CDATA[<h3>$[name]</h3>]]></text>
      </BalloonStyle>
    </Style>
    <Style id="poly-0097A7-6401-0-nodesc-highlight">
      <LineStyle>
        <color>ffa79700</color>
        <width>9.6015</width>
      </LineStyle>
      <PolyStyle>
        <color>00a79700</color>
        <fill>1</fill>
        <outline>1</outline>
      </PolyStyle>
      <BalloonStyle>
        <text><![CDATA[<h3>$[name]</h3>]]></text>
      </BalloonStyle>
    </Style>
    <StyleMap id="poly-0097A7-6401-0-nodesc">
      <Pair>
        <key>normal</key>
        <styleUrl>#poly-0097A7-6401-0-nodesc-normal</styleUrl>
      </Pair>
      <Pair>
        <key>highlight</key>
        <styleUrl>#poly-0097A7-6401-0-nodesc-highlight</styleUrl>
      </Pair>
    </StyleMap>
    <Style id="poly-0097A7-6701-0-nodesc-normal">
      <LineStyle>
        <color>ffa79700</color>
        <width>6.701</width>
      </LineStyle>
      <PolyStyle>
        <color>00a79700</color>
        <fill>1</fill>
        <outline>1</outline>
      </PolyStyle>
      <BalloonStyle>
        <text><![CDATA[<h3>$[name]</h3>]]></text>
      </BalloonStyle>
    </Style>
    <Style id="poly-0097A7-6701-0-nodesc-highlight">
      <LineStyle>
        <color>ffa79700</color>
        <width>10.0515</width>
      </LineStyle>
      <PolyStyle>
        <color>00a79700</color>
        <fill>1</fill>
        <outline>1</outline>
      </PolyStyle>
      <BalloonStyle>
        <text><![CDATA[<h3>$[name]</h3>]]></text>
      </BalloonStyle>
    </Style>
    <StyleMap id="poly-0097A7-6701-0-nodesc">
      <Pair>
        <key>normal</key>
        <styleUrl>#poly-0097A7-6701-0-nodesc-normal</styleUrl>
      </Pair>
      <Pair>
        <key>highlight</key>
        <styleUrl>#poly-0097A7-6701-0-nodesc-highlight</styleUrl>
      </Pair>
    </StyleMap>
    <Style id="poly-01579B-5601-0-nodesc-normal">
      <LineStyle>
        <color>ff9b5701</color>
        <width>5.601</width>
      </LineStyle>
      <PolyStyle>
        <color>009b5701</color>
        <fill>1</fill>
        <outline>1</outline>
      </PolyStyle>
      <BalloonStyle>
        <text><![CDATA[<h3>$[name]</h3>]]></text>
      </BalloonStyle>
    </Style>
    <Style id="poly-01579B-5601-0-nodesc-highlight">
      <LineStyle>
        <color>ff9b5701</color>
        <width>8.4015</width>
      </LineStyle>
      <PolyStyle>
        <color>009b5701</color>
        <fill>1</fill>
        <outline>1</outline>
      </PolyStyle>
      <BalloonStyle>
        <text><![CDATA[<h3>$[name]</h3>]]></text>
      </BalloonStyle>
    </Style>
    <StyleMap id="poly-01579B-5601-0-nodesc">
      <Pair>
        <key>normal</key>
        <styleUrl>#poly-01579B-5601-0-nodesc-normal</styleUrl>
      </Pair>
      <Pair>
        <key>highlight</key>
        <styleUrl>#poly-01579B-5601-0-nodesc-highlight</styleUrl>
      </Pair>
    </StyleMap>
    <Style id="poly-01579B-5801-0-nodesc-normal">
      <LineStyle>
        <color>ff9b5701</color>
        <width>5.801</width>
      </LineStyle>
      <PolyStyle>
        <color>009b5701</color>
        <fill>1</fill>
        <outline>1</outline>
      </PolyStyle>
      <BalloonStyle>
        <text><![CDATA[<h3>$[name]</h3>]]></text>
      </BalloonStyle>
    </Style>
    <Style id="poly-01579B-5801-0-nodesc-highlight">
      <LineStyle>
        <color>ff9b5701</color>
        <width>8.7015</width>
      </LineStyle>
      <PolyStyle>
        <color>009b5701</color>
        <fill>1</fill>
        <outline>1</outline>
      </PolyStyle>
      <BalloonStyle>
        <text><![CDATA[<h3>$[name]</h3>]]></text>
      </BalloonStyle>
    </Style>
    <StyleMap id="poly-01579B-5801-0-nodesc">
      <Pair>
        <key>normal</key>
        <styleUrl>#poly-01579B-5801-0-nodesc-normal</styleUrl>
      </Pair>
      <Pair>
        <key>highlight</key>
        <styleUrl>#poly-01579B-5801-0-nodesc-highlight</styleUrl>
      </Pair>
    </StyleMap>
    <Style id="poly-01579B-6001-0-nodesc-normal">
      <LineStyle>
        <color>ff9b5701</color>
        <width>6.001</width>
      </LineStyle>
      <PolyStyle>
        <color>009b5701</color>
        <fill>1</fill>
        <outline>1</outline>
      </PolyStyle>
      <BalloonStyle>
        <text><![CDATA[<h3>$[name]</h3>]]></text>
      </BalloonStyle>
    </Style>
    <Style id="poly-01579B-6001-0-nodesc-highlight">
      <LineStyle>
        <color>ff9b5701</color>
        <width>9.0015</width>
      </LineStyle>
      <PolyStyle>
        <color>009b5701</color>
        <fill>1</fill>
        <outline>1</outline>
      </PolyStyle>
      <BalloonStyle>
        <text><![CDATA[<h3>$[name]</h3>]]></text>
      </BalloonStyle>
    </Style>
    <StyleMap id="poly-01579B-6001-0-nodesc">
      <Pair>
        <key>normal</key>
        <styleUrl>#poly-01579B-6001-0-nodesc-normal</styleUrl>
      </Pair>
      <Pair>
        <key>highlight</key>
        <styleUrl>#poly-01579B-6001-0-nodesc-highlight</styleUrl>
      </Pair>
    </StyleMap>
    <Style id="poly-01579B-6301-0-nodesc-normal">
      <LineStyle>
        <color>ff9b5701</color>
        <width>6.301</width>
      </LineStyle>
      <PolyStyle>
        <color>009b5701</color>
        <fill>1</fill>
        <outline>1</outline>
      </PolyStyle>
      <BalloonStyle>
        <text><![CDATA[<h3>$[name]</h3>]]></text>
      </BalloonStyle>
    </Style>
    <Style id="poly-01579B-6301-0-nodesc-highlight">
      <LineStyle>
        <color>ff9b5701</color>
        <width>9.4515</width>
      </LineStyle>
      <PolyStyle>
        <color>009b5701</color>
        <fill>1</fill>
        <outline>1</outline>
      </PolyStyle>
      <BalloonStyle>
        <text><![CDATA[<h3>$[name]</h3>]]></text>
      </BalloonStyle>
    </Style>
    <StyleMap id="poly-01579B-6301-0-nodesc">
      <Pair>
        <key>normal</key>
        <styleUrl>#poly-01579B-6301-0-nodesc-normal</styleUrl>
      </Pair>
      <Pair>
        <key>highlight</key>
        <styleUrl>#poly-01579B-6301-0-nodesc-highlight</styleUrl>
      </Pair>
    </StyleMap>
    <Style id="poly-0288D1-3101-0-nodesc-normal">
      <LineStyle>
        <color>ffd18802</color>
        <width>3.101</width>
      </LineStyle>
      <PolyStyle>
        <color>00d18802</color>
        <fill>1</fill>
        <outline>1</outline>
      </PolyStyle>
      <BalloonStyle>
        <text><![CDATA[<h3>$[name]</h3>]]></text>
      </BalloonStyle>
    </Style>
    <Style id="poly-0288D1-3101-0-nodesc-highlight">
      <LineStyle>
        <color>ffd18802</color>
        <width>4.6515</width>
      </LineStyle>
      <PolyStyle>
        <color>00d18802</color>
        <fill>1</fill>
        <outline>1</outline>
      </PolyStyle>
      <BalloonStyle>
        <text><![CDATA[<h3>$[name]</h3>]]></text>
      </BalloonStyle>
    </Style>
    <StyleMap id="poly-0288D1-3101-0-nodesc">
      <Pair>
        <key>normal</key>
        <styleUrl>#poly-0288D1-3101-0-nodesc-normal</styleUrl>
      </Pair>
      <Pair>
        <key>highlight</key>
        <styleUrl>#poly-0288D1-3101-0-nodesc-highlight</styleUrl>
      </Pair>
    </StyleMap>
    <Style id="poly-0288D1-3301-0-nodesc-normal">
      <LineStyle>
        <color>ffd18802</color>
        <width>3.301</width>
      </LineStyle>
      <PolyStyle>
        <color>00d18802</color>
        <fill>1</fill>
        <outline>1</outline>
      </PolyStyle>
      <BalloonStyle>
        <text><![CDATA[<h3>$[name]</h3>]]></text>
      </BalloonStyle>
    </Style>
    <Style id="poly-0288D1-3301-0-nodesc-highlight">
      <LineStyle>
        <color>ffd18802</color>
        <width>4.9515</width>
      </LineStyle>
      <PolyStyle>
        <color>00d18802</color>
        <fill>1</fill>
        <outline>1</outline>
      </PolyStyle>
      <BalloonStyle>
        <text><![CDATA[<h3>$[name]</h3>]]></text>
      </BalloonStyle>
    </Style>
    <StyleMap id="poly-0288D1-3301-0-nodesc">
      <Pair>
        <key>normal</key>
        <styleUrl>#poly-0288D1-3301-0-nodesc-normal</styleUrl>
      </Pair>
      <Pair>
        <key>highlight</key>
        <styleUrl>#poly-0288D1-3301-0-nodesc-highlight</styleUrl>
      </Pair>
    </StyleMap>
    <Style id="poly-0288D1-3401-0-nodesc-normal">
      <LineStyle>
        <color>ffd18802</color>
        <width>3.401</width>
      </LineStyle>
      <PolyStyle>
        <color>00d18802</color>
        <fill>1</fill>
        <outline>1</outline>
      </PolyStyle>
      <BalloonStyle>
        <text><![CDATA[<h3>$[name]</h3>]]></text>
      </BalloonStyle>
    </Style>
    <Style id="poly-0288D1-3401-0-nodesc-highlight">
      <LineStyle>
        <color>ffd18802</color>
        <width>5.1015</width>
      </LineStyle>
      <PolyStyle>
        <color>00d18802</color>
        <fill>1</fill>
        <outline>1</outline>
      </PolyStyle>
      <BalloonStyle>
        <text><![CDATA[<h3>$[name]</h3>]]></text>
      </BalloonStyle>
    </Style>
    <StyleMap id="poly-0288D1-3401-0-nodesc">
      <Pair>
        <key>normal</key>
        <styleUrl>#poly-0288D1-3401-0-nodesc-normal</styleUrl>
      </Pair>
      <Pair>
        <key>highlight</key>
        <styleUrl>#poly-0288D1-3401-0-nodesc-highlight</styleUrl>
      </Pair>
    </StyleMap>
    <Style id="poly-0288D1-3501-0-nodesc-normal">
      <LineStyle>
        <color>ffd18802</color>
        <width>3.501</width>
      </LineStyle>
      <PolyStyle>
        <color>00d18802</color>
        <fill>1</fill>
        <outline>1</outline>
      </PolyStyle>
      <BalloonStyle>
        <text><![CDATA[<h3>$[name]</h3>]]></text>
      </BalloonStyle>
    </Style>
    <Style id="poly-0288D1-3501-0-nodesc-highlight">
      <LineStyle>
        <color>ffd18802</color>
        <width>5.2515</width>
      </LineStyle>
      <PolyStyle>
        <color>00d18802</color>
        <fill>1</fill>
        <outline>1</outline>
      </PolyStyle>
      <BalloonStyle>
        <text><![CDATA[<h3>$[name]</h3>]]></text>
      </BalloonStyle>
    </Style>
    <StyleMap id="poly-0288D1-3501-0-nodesc">
      <Pair>
        <key>normal</key>
        <styleUrl>#poly-0288D1-3501-0-nodesc-normal</styleUrl>
      </Pair>
      <Pair>
        <key>highlight</key>
        <styleUrl>#poly-0288D1-3501-0-nodesc-highlight</styleUrl>
      </Pair>
    </StyleMap>
    <Style id="poly-0288D1-5901-0-nodesc-normal">
      <LineStyle>
        <color>ffd18802</color>
        <width>5.901</width>
      </LineStyle>
      <PolyStyle>
        <color>00d18802</color>
        <fill>1</fill>
        <outline>1</outline>
      </PolyStyle>
      <BalloonStyle>
        <text><![CDATA[<h3>$[name]</h3>]]></text>
      </BalloonStyle>
    </Style>
    <Style id="poly-0288D1-5901-0-nodesc-highlight">
      <LineStyle>
        <color>ffd18802</color>
        <width>8.8515</width>
      </LineStyle>
      <PolyStyle>
        <color>00d18802</color>
        <fill>1</fill>
        <outline>1</outline>
      </PolyStyle>
      <BalloonStyle>
        <text><![CDATA[<h3>$[name]</h3>]]></text>
      </BalloonStyle>
    </Style>
    <StyleMap id="poly-0288D1-5901-0-nodesc">
      <Pair>
        <key>normal</key>
        <styleUrl>#poly-0288D1-5901-0-nodesc-normal</styleUrl>
      </Pair>
      <Pair>
        <key>highlight</key>
        <styleUrl>#poly-0288D1-5901-0-nodesc-highlight</styleUrl>
      </Pair>
    </StyleMap>
    <Style id="poly-0288D1-6001-0-nodesc-normal">
      <LineStyle>
        <color>ffd18802</color>
        <width>6.001</width>
      </LineStyle>
      <PolyStyle>
        <color>00d18802</color>
        <fill>1</fill>
        <outline>1</outline>
      </PolyStyle>
      <BalloonStyle>
        <text><![CDATA[<h3>$[name]</h3>]]></text>
      </BalloonStyle>
    </Style>
    <Style id="poly-0288D1-6001-0-nodesc-highlight">
      <LineStyle>
        <color>ffd18802</color>
        <width>9.0015</width>
      </LineStyle>
      <PolyStyle>
        <color>00d18802</color>
        <fill>1</fill>
        <outline>1</outline>
      </PolyStyle>
      <BalloonStyle>
        <text><![CDATA[<h3>$[name]</h3>]]></text>
      </BalloonStyle>
    </Style>
    <StyleMap id="poly-0288D1-6001-0-nodesc">
      <Pair>
        <key>normal</key>
        <styleUrl>#poly-0288D1-6001-0-nodesc-normal</styleUrl>
      </Pair>
      <Pair>
        <key>highlight</key>
        <styleUrl>#poly-0288D1-6001-0-nodesc-highlight</styleUrl>
      </Pair>
    </StyleMap>
    <Style id="poly-097138-1200-77-nodesc-normal">
      <LineStyle>
        <color>ff387109</color>
        <width>1.2</width>
      </LineStyle>
      <PolyStyle>
        <color>4d387109</color>
        <fill>1</fill>
        <outline>1</outline>
      </PolyStyle>
      <BalloonStyle>
        <text><![CDATA[<h3>$[name]</h3>]]></text>
      </BalloonStyle>
    </Style>
    <Style id="poly-097138-1200-77-nodesc-highlight">
      <LineStyle>
        <color>ff387109</color>
        <width>1.8</width>
      </LineStyle>
      <PolyStyle>
        <color>4d387109</color>
        <fill>1</fill>
        <outline>1</outline>
      </PolyStyle>
      <BalloonStyle>
        <text><![CDATA[<h3>$[name]</h3>]]></text>
      </BalloonStyle>
    </Style>
    <StyleMap id="poly-097138-1200-77-nodesc">
      <Pair>
        <key>normal</key>
        <styleUrl>#poly-097138-1200-77-nodesc-normal</styleUrl>
      </Pair>
      <Pair>
        <key>highlight</key>
        <styleUrl>#poly-097138-1200-77-nodesc-highlight</styleUrl>
      </Pair>
    </StyleMap>
    <Style id="poly-097138-6001-0-nodesc-normal">
      <LineStyle>
        <color>ff387109</color>
        <width>6.001</width>
      </LineStyle>
      <PolyStyle>
        <color>00387109</color>
        <fill>1</fill>
        <outline>1</outline>
      </PolyStyle>
      <BalloonStyle>
        <text><![CDATA[<h3>$[name]</h3>]]></text>
      </BalloonStyle>
    </Style>
    <Style id="poly-097138-6001-0-nodesc-highlight">
      <LineStyle>
        <color>ff387109</color>
        <width>9.0015</width>
      </LineStyle>
      <PolyStyle>
        <color>00387109</color>
        <fill>1</fill>
        <outline>1</outline>
      </PolyStyle>
      <BalloonStyle>
        <text><![CDATA[<h3>$[name]</h3>]]></text>
      </BalloonStyle>
    </Style>
    <StyleMap id="poly-097138-6001-0-nodesc">
      <Pair>
        <key>normal</key>
        <styleUrl>#poly-097138-6001-0-nodesc-normal</styleUrl>
      </Pair>
      <Pair>
        <key>highlight</key>
        <styleUrl>#poly-097138-6001-0-nodesc-highlight</styleUrl>
      </Pair>
    </StyleMap>
    <Style id="poly-097138-6401-0-nodesc-normal">
      <LineStyle>
        <color>ff387109</color>
        <width>6.401</width>
      </LineStyle>
      <PolyStyle>
        <color>00387109</color>
        <fill>1</fill>
        <outline>1</outline>
      </PolyStyle>
      <BalloonStyle>
        <text><![CDATA[<h3>$[name]</h3>]]></text>
      </BalloonStyle>
    </Style>
    <Style id="poly-097138-6401-0-nodesc-highlight">
      <LineStyle>
        <color>ff387109</color>
        <width>9.6015</width>
      </LineStyle>
      <PolyStyle>
        <color>00387109</color>
        <fill>1</fill>
        <outline>1</outline>
      </PolyStyle>
      <BalloonStyle>
        <text><![CDATA[<h3>$[name]</h3>]]></text>
      </BalloonStyle>
    </Style>
    <StyleMap id="poly-097138-6401-0-nodesc">
      <Pair>
        <key>normal</key>
        <styleUrl>#poly-097138-6401-0-nodesc-normal</styleUrl>
      </Pair>
      <Pair>
        <key>highlight</key>
        <styleUrl>#poly-097138-6401-0-nodesc-highlight</styleUrl>
      </Pair>
    </StyleMap>
    <Style id="poly-0F9D58-1200-77-nodesc-normal">
      <LineStyle>
        <color>ff589d0f</color>
        <width>1.2</width>
      </LineStyle>
      <PolyStyle>
        <color>4d589d0f</color>
        <fill>1</fill>
        <outline>1</outline>
      </PolyStyle>
      <BalloonStyle>
        <text><![CDATA[<h3>$[name]</h3>]]></text>
      </BalloonStyle>
    </Style>
    <Style id="poly-0F9D58-1200-77-nodesc-highlight">
      <LineStyle>
        <color>ff589d0f</color>
        <width>1.8</width>
      </LineStyle>
      <PolyStyle>
        <color>4d589d0f</color>
        <fill>1</fill>
        <outline>1</outline>
      </PolyStyle>
      <BalloonStyle>
        <text><![CDATA[<h3>$[name]</h3>]]></text>
      </BalloonStyle>
    </Style>
    <StyleMap id="poly-0F9D58-1200-77-nodesc">
      <Pair>
        <key>normal</key>
        <styleUrl>#poly-0F9D58-1200-77-nodesc-normal</styleUrl>
      </Pair>
      <Pair>
        <key>highlight</key>
        <styleUrl>#poly-0F9D58-1200-77-nodesc-highlight</styleUrl>
      </Pair>
    </StyleMap>
    <Style id="poly-0F9D58-5701-0-nodesc-normal">
      <LineStyle>
        <color>ff589d0f</color>
        <width>5.701</width>
      </LineStyle>
      <PolyStyle>
        <color>00589d0f</color>
        <fill>1</fill>
        <outline>1</outline>
      </PolyStyle>
      <BalloonStyle>
        <text><![CDATA[<h3>$[name]</h3>]]></text>
      </BalloonStyle>
    </Style>
    <Style id="poly-0F9D58-5701-0-nodesc-highlight">
      <LineStyle>
        <color>ff589d0f</color>
        <width>8.5515</width>
      </LineStyle>
      <PolyStyle>
        <color>00589d0f</color>
        <fill>1</fill>
        <outline>1</outline>
      </PolyStyle>
      <BalloonStyle>
        <text><![CDATA[<h3>$[name]</h3>]]></text>
      </BalloonStyle>
    </Style>
    <StyleMap id="poly-0F9D58-5701-0-nodesc">
      <Pair>
        <key>normal</key>
        <styleUrl>#poly-0F9D58-5701-0-nodesc-normal</styleUrl>
      </Pair>
      <Pair>
        <key>highlight</key>
        <styleUrl>#poly-0F9D58-5701-0-nodesc-highlight</styleUrl>
      </Pair>
    </StyleMap>
    <Style id="poly-0F9D58-6001-0-nodesc-normal">
      <LineStyle>
        <color>ff589d0f</color>
        <width>6.001</width>
      </LineStyle>
      <PolyStyle>
        <color>00589d0f</color>
        <fill>1</fill>
        <outline>1</outline>
      </PolyStyle>
      <BalloonStyle>
        <text><![CDATA[<h3>$[name]</h3>]]></text>
      </BalloonStyle>
    </Style>
    <Style id="poly-0F9D58-6001-0-nodesc-highlight">
      <LineStyle>
        <color>ff589d0f</color>
        <width>9.0015</width>
      </LineStyle>
      <PolyStyle>
        <color>00589d0f</color>
        <fill>1</fill>
        <outline>1</outline>
      </PolyStyle>
      <BalloonStyle>
        <text><![CDATA[<h3>$[name]</h3>]]></text>
      </BalloonStyle>
    </Style>
    <StyleMap id="poly-0F9D58-6001-0-nodesc">
      <Pair>
        <key>normal</key>
        <styleUrl>#poly-0F9D58-6001-0-nodesc-normal</styleUrl>
      </Pair>
      <Pair>
        <key>highlight</key>
        <styleUrl>#poly-0F9D58-6001-0-nodesc-highlight</styleUrl>
      </Pair>
    </StyleMap>
    <Style id="poly-0F9D58-6501-0-nodesc-normal">
      <LineStyle>
        <color>ff589d0f</color>
        <width>6.501</width>
      </LineStyle>
      <PolyStyle>
        <color>00589d0f</color>
        <fill>1</fill>
        <outline>1</outline>
      </PolyStyle>
      <BalloonStyle>
        <text><![CDATA[<h3>$[name]</h3>]]></text>
      </BalloonStyle>
    </Style>
    <Style id="poly-0F9D58-6501-0-nodesc-highlight">
      <LineStyle>
        <color>ff589d0f</color>
        <width>9.7515</width>
      </LineStyle>
      <PolyStyle>
        <color>00589d0f</color>
        <fill>1</fill>
        <outline>1</outline>
      </PolyStyle>
      <BalloonStyle>
        <text><![CDATA[<h3>$[name]</h3>]]></text>
      </BalloonStyle>
    </Style>
    <StyleMap id="poly-0F9D58-6501-0-nodesc">
      <Pair>
        <key>normal</key>
        <styleUrl>#poly-0F9D58-6501-0-nodesc-normal</styleUrl>
      </Pair>
      <Pair>
        <key>highlight</key>
        <styleUrl>#poly-0F9D58-6501-0-nodesc-highlight</styleUrl>
      </Pair>
    </StyleMap>
    <Style id="poly-0F9D58-6601-0-nodesc-normal">
      <LineStyle>
        <color>ff589d0f</color>
        <width>6.601</width>
      </LineStyle>
      <PolyStyle>
        <color>00589d0f</color>
        <fill>1</fill>
        <outline>1</outline>
      </PolyStyle>
      <BalloonStyle>
        <text><![CDATA[<h3>$[name]</h3>]]></text>
      </BalloonStyle>
    </Style>
    <Style id="poly-0F9D58-6601-0-nodesc-highlight">
      <LineStyle>
        <color>ff589d0f</color>
        <width>9.9015</width>
      </LineStyle>
      <PolyStyle>
        <color>00589d0f</color>
        <fill>1</fill>
        <outline>1</outline>
      </PolyStyle>
      <BalloonStyle>
        <text><![CDATA[<h3>$[name]</h3>]]></text>
      </BalloonStyle>
    </Style>
    <StyleMap id="poly-0F9D58-6601-0-nodesc">
      <Pair>
        <key>normal</key>
        <styleUrl>#poly-0F9D58-6601-0-nodesc-normal</styleUrl>
      </Pair>
      <Pair>
        <key>highlight</key>
        <styleUrl>#poly-0F9D58-6601-0-nodesc-highlight</styleUrl>
      </Pair>
    </StyleMap>
    <Style id="poly-0F9D58-8001-77-nodesc-normal">
      <LineStyle>
        <color>ff589d0f</color>
        <width>8.001</width>
      </LineStyle>
      <PolyStyle>
        <color>4d589d0f</color>
        <fill>1</fill>
        <outline>1</outline>
      </PolyStyle>
      <BalloonStyle>
        <text><![CDATA[<h3>$[name]</h3>]]></text>
      </BalloonStyle>
    </Style>
    <Style id="poly-0F9D58-8001-77-nodesc-highlight">
      <LineStyle>
        <color>ff589d0f</color>
        <width>12.0015</width>
      </LineStyle>
      <PolyStyle>
        <color>4d589d0f</color>
        <fill>1</fill>
        <outline>1</outline>
      </PolyStyle>
      <BalloonStyle>
        <text><![CDATA[<h3>$[name]</h3>]]></text>
      </BalloonStyle>
    </Style>
    <StyleMap id="poly-0F9D58-8001-77-nodesc">
      <Pair>
        <key>normal</key>
        <styleUrl>#poly-0F9D58-8001-77-nodesc-normal</styleUrl>
      </Pair>
      <Pair>
        <key>highlight</key>
        <styleUrl>#poly-0F9D58-8001-77-nodesc-highlight</styleUrl>
      </Pair>
    </StyleMap>
    <Style id="poly-1A237E-6001-0-nodesc-normal">
      <LineStyle>
        <color>ff7e231a</color>
        <width>6.001</width>
      </LineStyle>
      <PolyStyle>
        <color>007e231a</color>
        <fill>1</fill>
        <outline>1</outline>
      </PolyStyle>
      <BalloonStyle>
        <text><![CDATA[<h3>$[name]</h3>]]></text>
      </BalloonStyle>
    </Style>
    <Style id="poly-1A237E-6001-0-nodesc-highlight">
      <LineStyle>
        <color>ff7e231a</color>
        <width>9.0015</width>
      </LineStyle>
      <PolyStyle>
        <color>007e231a</color>
        <fill>1</fill>
        <outline>1</outline>
      </PolyStyle>
      <BalloonStyle>
        <text><![CDATA[<h3>$[name]</h3>]]></text>
      </BalloonStyle>
    </Style>
    <StyleMap id="poly-1A237E-6001-0-nodesc">
      <Pair>
        <key>normal</key>
        <styleUrl>#poly-1A237E-6001-0-nodesc-normal</styleUrl>
      </Pair>
      <Pair>
        <key>highlight</key>
        <styleUrl>#poly-1A237E-6001-0-nodesc-highlight</styleUrl>
      </Pair>
    </StyleMap>
    <Style id="poly-1A237E-6101-0-nodesc-normal">
      <LineStyle>
        <color>ff7e231a</color>
        <width>6.101</width>
      </LineStyle>
      <PolyStyle>
        <color>007e231a</color>
        <fill>1</fill>
        <outline>1</outline>
      </PolyStyle>
      <BalloonStyle>
        <text><![CDATA[<h3>$[name]</h3>]]></text>
      </BalloonStyle>
    </Style>
    <Style id="poly-1A237E-6101-0-nodesc-highlight">
      <LineStyle>
        <color>ff7e231a</color>
        <width>9.1515</width>
      </LineStyle>
      <PolyStyle>
        <color>007e231a</color>
        <fill>1</fill>
        <outline>1</outline>
      </PolyStyle>
      <BalloonStyle>
        <text><![CDATA[<h3>$[name]</h3>]]></text>
      </BalloonStyle>
    </Style>
    <StyleMap id="poly-1A237E-6101-0-nodesc">
      <Pair>
        <key>normal</key>
        <styleUrl>#poly-1A237E-6101-0-nodesc-normal</styleUrl>
      </Pair>
      <Pair>
        <key>highlight</key>
        <styleUrl>#poly-1A237E-6101-0-nodesc-highlight</styleUrl>
      </Pair>
    </StyleMap>
    <Style id="poly-1A237E-8300-71-nodesc-normal">
      <LineStyle>
        <color>ff7e231a</color>
        <width>8.3</width>
      </LineStyle>
      <PolyStyle>
        <color>477e231a</color>
        <fill>1</fill>
        <outline>1</outline>
      </PolyStyle>
      <BalloonStyle>
        <text><![CDATA[<h3>$[name]</h3>]]></text>
      </BalloonStyle>
    </Style>
    <Style id="poly-1A237E-8300-71-nodesc-highlight">
      <LineStyle>
        <color>ff7e231a</color>
        <width>12.45</width>
      </LineStyle>
      <PolyStyle>
        <color>477e231a</color>
        <fill>1</fill>
        <outline>1</outline>
      </PolyStyle>
      <BalloonStyle>
        <text><![CDATA[<h3>$[name]</h3>]]></text>
      </BalloonStyle>
    </Style>
    <StyleMap id="poly-1A237E-8300-71-nodesc">
      <Pair>
        <key>normal</key>
        <styleUrl>#poly-1A237E-8300-71-nodesc-normal</styleUrl>
      </Pair>
      <Pair>
        <key>highlight</key>
        <styleUrl>#poly-1A237E-8300-71-nodesc-highlight</styleUrl>
      </Pair>
    </StyleMap>
    <Style id="poly-3949AB-7501-0-nodesc-normal">
      <LineStyle>
        <color>ffab4939</color>
        <width>7.501</width>
      </LineStyle>
      <PolyStyle>
        <color>00ab4939</color>
        <fill>1</fill>
        <outline>1</outline>
      </PolyStyle>
      <BalloonStyle>
        <text><![CDATA[<h3>$[name]</h3>]]></text>
      </BalloonStyle>
    </Style>
    <Style id="poly-3949AB-7501-0-nodesc-highlight">
      <LineStyle>
        <color>ffab4939</color>
        <width>11.2515</width>
      </LineStyle>
      <PolyStyle>
        <color>00ab4939</color>
        <fill>1</fill>
        <outline>1</outline>
      </PolyStyle>
      <BalloonStyle>
        <text><![CDATA[<h3>$[name]</h3>]]></text>
      </BalloonStyle>
    </Style>
    <StyleMap id="poly-3949AB-7501-0-nodesc">
      <Pair>
        <key>normal</key>
        <styleUrl>#poly-3949AB-7501-0-nodesc-normal</styleUrl>
      </Pair>
      <Pair>
        <key>highlight</key>
        <styleUrl>#poly-3949AB-7501-0-nodesc-highlight</styleUrl>
      </Pair>
    </StyleMap>
    <Style id="poly-558B2F-7201-77-nodesc-normal">
      <LineStyle>
        <color>ff2f8b55</color>
        <width>7.201</width>
      </LineStyle>
      <PolyStyle>
        <color>4d2f8b55</color>
        <fill>1</fill>
        <outline>1</outline>
      </PolyStyle>
      <BalloonStyle>
        <text><![CDATA[<h3>$[name]</h3>]]></text>
      </BalloonStyle>
    </Style>
    <Style id="poly-558B2F-7201-77-nodesc-highlight">
      <LineStyle>
        <color>ff2f8b55</color>
        <width>10.8015</width>
      </LineStyle>
      <PolyStyle>
        <color>4d2f8b55</color>
        <fill>1</fill>
        <outline>1</outline>
      </PolyStyle>
      <BalloonStyle>
        <text><![CDATA[<h3>$[name]</h3>]]></text>
      </BalloonStyle>
    </Style>
    <StyleMap id="poly-558B2F-7201-77-nodesc">
      <Pair>
        <key>normal</key>
        <styleUrl>#poly-558B2F-7201-77-nodesc-normal</styleUrl>
      </Pair>
      <Pair>
        <key>highlight</key>
        <styleUrl>#poly-558B2F-7201-77-nodesc-highlight</styleUrl>
      </Pair>
    </StyleMap>
    <Style id="poly-558B2F-8800-77-nodesc-normal">
      <LineStyle>
        <color>ff2f8b55</color>
        <width>8.8</width>
      </LineStyle>
      <PolyStyle>
        <color>4d2f8b55</color>
        <fill>1</fill>
        <outline>1</outline>
      </PolyStyle>
      <BalloonStyle>
        <text><![CDATA[<h3>$[name]</h3>]]></text>
      </BalloonStyle>
    </Style>
    <Style id="poly-558B2F-8800-77-nodesc-highlight">
      <LineStyle>
        <color>ff2f8b55</color>
        <width>13.2</width>
      </LineStyle>
      <PolyStyle>
        <color>4d2f8b55</color>
        <fill>1</fill>
        <outline>1</outline>
      </PolyStyle>
      <BalloonStyle>
        <text><![CDATA[<h3>$[name]</h3>]]></text>
      </BalloonStyle>
    </Style>
    <StyleMap id="poly-558B2F-8800-77-nodesc">
      <Pair>
        <key>normal</key>
        <styleUrl>#poly-558B2F-8800-77-nodesc-normal</styleUrl>
      </Pair>
      <Pair>
        <key>highlight</key>
        <styleUrl>#poly-558B2F-8800-77-nodesc-highlight</styleUrl>
      </Pair>
    </StyleMap>
    <Style id="poly-673AB7-5701-0-nodesc-normal">
      <LineStyle>
        <color>ffb73a67</color>
        <width>5.701</width>
      </LineStyle>
      <PolyStyle>
        <color>00b73a67</color>
        <fill>1</fill>
        <outline>1</outline>
      </PolyStyle>
      <BalloonStyle>
        <text><![CDATA[<h3>$[name]</h3>]]></text>
      </BalloonStyle>
    </Style>
    <Style id="poly-673AB7-5701-0-nodesc-highlight">
      <LineStyle>
        <color>ffb73a67</color>
        <width>8.5515</width>
      </LineStyle>
      <PolyStyle>
        <color>00b73a67</color>
        <fill>1</fill>
        <outline>1</outline>
      </PolyStyle>
      <BalloonStyle>
        <text><![CDATA[<h3>$[name]</h3>]]></text>
      </BalloonStyle>
    </Style>
    <StyleMap id="poly-673AB7-5701-0-nodesc">
      <Pair>
        <key>normal</key>
        <styleUrl>#poly-673AB7-5701-0-nodesc-normal</styleUrl>
      </Pair>
      <Pair>
        <key>highlight</key>
        <styleUrl>#poly-673AB7-5701-0-nodesc-highlight</styleUrl>
      </Pair>
    </StyleMap>
    <Style id="poly-673AB7-5801-0-nodesc-normal">
      <LineStyle>
        <color>ffb73a67</color>
        <width>5.801</width>
      </LineStyle>
      <PolyStyle>
        <color>00b73a67</color>
        <fill>1</fill>
        <outline>1</outline>
      </PolyStyle>
      <BalloonStyle>
        <text><![CDATA[<h3>$[name]</h3>]]></text>
      </BalloonStyle>
    </Style>
    <Style id="poly-673AB7-5801-0-nodesc-highlight">
      <LineStyle>
        <color>ffb73a67</color>
        <width>8.7015</width>
      </LineStyle>
      <PolyStyle>
        <color>00b73a67</color>
        <fill>1</fill>
        <outline>1</outline>
      </PolyStyle>
      <BalloonStyle>
        <text><![CDATA[<h3>$[name]</h3>]]></text>
      </BalloonStyle>
    </Style>
    <StyleMap id="poly-673AB7-5801-0-nodesc">
      <Pair>
        <key>normal</key>
        <styleUrl>#poly-673AB7-5801-0-nodesc-normal</styleUrl>
      </Pair>
      <Pair>
        <key>highlight</key>
        <styleUrl>#poly-673AB7-5801-0-nodesc-highlight</styleUrl>
      </Pair>
    </StyleMap>
    <Style id="poly-673AB7-6701-0-nodesc-normal">
      <LineStyle>
        <color>ffb73a67</color>
        <width>6.701</width>
      </LineStyle>
      <PolyStyle>
        <color>00b73a67</color>
        <fill>1</fill>
        <outline>1</outline>
      </PolyStyle>
      <BalloonStyle>
        <text><![CDATA[<h3>$[name]</h3>]]></text>
      </BalloonStyle>
    </Style>
    <Style id="poly-673AB7-6701-0-nodesc-highlight">
      <LineStyle>
        <color>ffb73a67</color>
        <width>10.0515</width>
      </LineStyle>
      <PolyStyle>
        <color>00b73a67</color>
        <fill>1</fill>
        <outline>1</outline>
      </PolyStyle>
      <BalloonStyle>
        <text><![CDATA[<h3>$[name]</h3>]]></text>
      </BalloonStyle>
    </Style>
    <StyleMap id="poly-673AB7-6701-0-nodesc">
      <Pair>
        <key>normal</key>
        <styleUrl>#poly-673AB7-6701-0-nodesc-normal</styleUrl>
      </Pair>
      <Pair>
        <key>highlight</key>
        <styleUrl>#poly-673AB7-6701-0-nodesc-highlight</styleUrl>
      </Pair>
    </StyleMap>
    <Style id="poly-7CB342-10500-0-nodesc-normal">
      <LineStyle>
        <color>ff42b37c</color>
        <width>10.5</width>
      </LineStyle>
      <PolyStyle>
        <color>0042b37c</color>
        <fill>1</fill>
        <outline>1</outline>
      </PolyStyle>
      <BalloonStyle>
        <text><![CDATA[<h3>$[name]</h3>]]></text>
      </BalloonStyle>
    </Style>
    <Style id="poly-7CB342-10500-0-nodesc-highlight">
      <LineStyle>
        <color>ff42b37c</color>
        <width>15.75</width>
      </LineStyle>
      <PolyStyle>
        <color>0042b37c</color>
        <fill>1</fill>
        <outline>1</outline>
      </PolyStyle>
      <BalloonStyle>
        <text><![CDATA[<h3>$[name]</h3>]]></text>
      </BalloonStyle>
    </Style>
    <StyleMap id="poly-7CB342-10500-0-nodesc">
      <Pair>
        <key>normal</key>
        <styleUrl>#poly-7CB342-10500-0-nodesc-normal</styleUrl>
      </Pair>
      <Pair>
        <key>highlight</key>
        <styleUrl>#poly-7CB342-10500-0-nodesc-highlight</styleUrl>
      </Pair>
    </StyleMap>
    <Style id="poly-7CB342-8800-0-nodesc-normal">
      <LineStyle>
        <color>ff42b37c</color>
        <width>8.8</width>
      </LineStyle>
      <PolyStyle>
        <color>0042b37c</color>
        <fill>1</fill>
        <outline>1</outline>
      </PolyStyle>
      <BalloonStyle>
        <text><![CDATA[<h3>$[name]</h3>]]></text>
      </BalloonStyle>
    </Style>
    <Style id="poly-7CB342-8800-0-nodesc-highlight">
      <LineStyle>
        <color>ff42b37c</color>
        <width>13.2</width>
      </LineStyle>
      <PolyStyle>
        <color>0042b37c</color>
        <fill>1</fill>
        <outline>1</outline>
      </PolyStyle>
      <BalloonStyle>
        <text><![CDATA[<h3>$[name]</h3>]]></text>
      </BalloonStyle>
    </Style>
    <StyleMap id="poly-7CB342-8800-0-nodesc">
      <Pair>
        <key>normal</key>
        <styleUrl>#poly-7CB342-8800-0-nodesc-normal</styleUrl>
      </Pair>
      <Pair>
        <key>highlight</key>
        <styleUrl>#poly-7CB342-8800-0-nodesc-highlight</styleUrl>
      </Pair>
    </StyleMap>
    <Style id="poly-87CEAC-10900-0-nodesc-normal">
      <LineStyle>
        <color>ffacce87</color>
        <width>10.9</width>
      </LineStyle>
      <PolyStyle>
        <color>00acce87</color>
        <fill>1</fill>
        <outline>1</outline>
      </PolyStyle>
      <BalloonStyle>
        <text><![CDATA[<h3>$[name]</h3>]]></text>
      </BalloonStyle>
    </Style>
    <Style id="poly-87CEAC-10900-0-nodesc-highlight">
      <LineStyle>
        <color>ffacce87</color>
        <width>16.35</width>
      </LineStyle>
      <PolyStyle>
        <color>00acce87</color>
        <fill>1</fill>
        <outline>1</outline>
      </PolyStyle>
      <BalloonStyle>
        <text><![CDATA[<h3>$[name]</h3>]]></text>
      </BalloonStyle>
    </Style>
    <StyleMap id="poly-87CEAC-10900-0-nodesc">
      <Pair>
        <key>normal</key>
        <styleUrl>#poly-87CEAC-10900-0-nodesc-normal</styleUrl>
      </Pair>
      <Pair>
        <key>highlight</key>
        <styleUrl>#poly-87CEAC-10900-0-nodesc-highlight</styleUrl>
      </Pair>
    </StyleMap>
    <Style id="poly-87CEAC-5901-0-nodesc-normal">
      <LineStyle>
        <color>ffacce87</color>
        <width>5.901</width>
      </LineStyle>
      <PolyStyle>
        <color>00acce87</color>
        <fill>1</fill>
        <outline>1</outline>
      </PolyStyle>
      <BalloonStyle>
        <text><![CDATA[<h3>$[name]</h3>]]></text>
      </BalloonStyle>
    </Style>
    <Style id="poly-87CEAC-5901-0-nodesc-highlight">
      <LineStyle>
        <color>ffacce87</color>
        <width>8.8515</width>
      </LineStyle>
      <PolyStyle>
        <color>00acce87</color>
        <fill>1</fill>
        <outline>1</outline>
      </PolyStyle>
      <BalloonStyle>
        <text><![CDATA[<h3>$[name]</h3>]]></text>
      </BalloonStyle>
    </Style>
    <StyleMap id="poly-87CEAC-5901-0-nodesc">
      <Pair>
        <key>normal</key>
        <styleUrl>#poly-87CEAC-5901-0-nodesc-normal</styleUrl>
      </Pair>
      <Pair>
        <key>highlight</key>
        <styleUrl>#poly-87CEAC-5901-0-nodesc-highlight</styleUrl>
      </Pair>
    </StyleMap>
    <Style id="poly-880E4F-12400-0-nodesc-normal">
      <LineStyle>
        <color>ff4f0e88</color>
        <width>12.4</width>
      </LineStyle>
      <PolyStyle>
        <color>004f0e88</color>
        <fill>1</fill>
        <outline>1</outline>
      </PolyStyle>
      <BalloonStyle>
        <text><![CDATA[<h3>$[name]</h3>]]></text>
      </BalloonStyle>
    </Style>
    <Style id="poly-880E4F-12400-0-nodesc-highlight">
      <LineStyle>
        <color>ff4f0e88</color>
        <width>18.6</width>
      </LineStyle>
      <PolyStyle>
        <color>004f0e88</color>
        <fill>1</fill>
        <outline>1</outline>
      </PolyStyle>
      <BalloonStyle>
        <text><![CDATA[<h3>$[name]</h3>]]></text>
      </BalloonStyle>
    </Style>
    <StyleMap id="poly-880E4F-12400-0-nodesc">
      <Pair>
        <key>normal</key>
        <styleUrl>#poly-880E4F-12400-0-nodesc-normal</styleUrl>
      </Pair>
      <Pair>
        <key>highlight</key>
        <styleUrl>#poly-880E4F-12400-0-nodesc-highlight</styleUrl>
      </Pair>
    </StyleMap>
    <Style id="poly-880E4F-5701-0-nodesc-normal">
      <LineStyle>
        <color>ff4f0e88</color>
        <width>5.701</width>
      </LineStyle>
      <PolyStyle>
        <color>004f0e88</color>
        <fill>1</fill>
        <outline>1</outline>
      </PolyStyle>
      <BalloonStyle>
        <text><![CDATA[<h3>$[name]</h3>]]></text>
      </BalloonStyle>
    </Style>
    <Style id="poly-880E4F-5701-0-nodesc-highlight">
      <LineStyle>
        <color>ff4f0e88</color>
        <width>8.5515</width>
      </LineStyle>
      <PolyStyle>
        <color>004f0e88</color>
        <fill>1</fill>
        <outline>1</outline>
      </PolyStyle>
      <BalloonStyle>
        <text><![CDATA[<h3>$[name]</h3>]]></text>
      </BalloonStyle>
    </Style>
    <StyleMap id="poly-880E4F-5701-0-nodesc">
      <Pair>
        <key>normal</key>
        <styleUrl>#poly-880E4F-5701-0-nodesc-normal</styleUrl>
      </Pair>
      <Pair>
        <key>highlight</key>
        <styleUrl>#poly-880E4F-5701-0-nodesc-highlight</styleUrl>
      </Pair>
    </StyleMap>
    <Style id="poly-9C27B0-9000-54-nodesc-normal">
      <LineStyle>
        <color>ffb0279c</color>
        <width>9</width>
      </LineStyle>
      <PolyStyle>
        <color>36b0279c</color>
        <fill>1</fill>
        <outline>1</outline>
      </PolyStyle>
      <BalloonStyle>
        <text><![CDATA[<h3>$[name]</h3>]]></text>
      </BalloonStyle>
    </Style>
    <Style id="poly-9C27B0-9000-54-nodesc-highlight">
      <LineStyle>
        <color>ffb0279c</color>
        <width>13.5</width>
      </LineStyle>
      <PolyStyle>
        <color>36b0279c</color>
        <fill>1</fill>
        <outline>1</outline>
      </PolyStyle>
      <BalloonStyle>
        <text><![CDATA[<h3>$[name]</h3>]]></text>
      </BalloonStyle>
    </Style>
    <StyleMap id="poly-9C27B0-9000-54-nodesc">
      <Pair>
        <key>normal</key>
        <styleUrl>#poly-9C27B0-9000-54-nodesc-normal</styleUrl>
      </Pair>
      <Pair>
        <key>highlight</key>
        <styleUrl>#poly-9C27B0-9000-54-nodesc-highlight</styleUrl>
      </Pair>
    </StyleMap>
    <Style id="poly-9C27B0-9400-0-nodesc-normal">
      <LineStyle>
        <color>ffb0279c</color>
        <width>9.4</width>
      </LineStyle>
      <PolyStyle>
        <color>00b0279c</color>
        <fill>1</fill>
        <outline>1</outline>
      </PolyStyle>
      <BalloonStyle>
        <text><![CDATA[<h3>$[name]</h3>]]></text>
      </BalloonStyle>
    </Style>
    <Style id="poly-9C27B0-9400-0-nodesc-highlight">
      <LineStyle>
        <color>ffb0279c</color>
        <width>14.1</width>
      </LineStyle>
      <PolyStyle>
        <color>00b0279c</color>
        <fill>1</fill>
        <outline>1</outline>
      </PolyStyle>
      <BalloonStyle>
        <text><![CDATA[<h3>$[name]</h3>]]></text>
      </BalloonStyle>
    </Style>
    <StyleMap id="poly-9C27B0-9400-0-nodesc">
      <Pair>
        <key>normal</key>
        <styleUrl>#poly-9C27B0-9400-0-nodesc-normal</styleUrl>
      </Pair>
      <Pair>
        <key>highlight</key>
        <styleUrl>#poly-9C27B0-9400-0-nodesc-highlight</styleUrl>
      </Pair>
    </StyleMap>
    <Style id="poly-9FA8DA-9800-0-nodesc-normal">
      <LineStyle>
        <color>ffdaa89f</color>
        <width>9.8</width>
      </LineStyle>
      <PolyStyle>
        <color>00daa89f</color>
        <fill>1</fill>
        <outline>1</outline>
      </PolyStyle>
      <BalloonStyle>
        <text><![CDATA[<h3>$[name]</h3>]]></text>
      </BalloonStyle>
    </Style>
    <Style id="poly-9FA8DA-9800-0-nodesc-highlight">
      <LineStyle>
        <color>ffdaa89f</color>
        <width>14.7</width>
      </LineStyle>
      <PolyStyle>
        <color>00daa89f</color>
        <fill>1</fill>
        <outline>1</outline>
      </PolyStyle>
      <BalloonStyle>
        <text><![CDATA[<h3>$[name]</h3>]]></text>
      </BalloonStyle>
    </Style>
    <StyleMap id="poly-9FA8DA-9800-0-nodesc">
      <Pair>
        <key>normal</key>
        <styleUrl>#poly-9FA8DA-9800-0-nodesc-normal</styleUrl>
      </Pair>
      <Pair>
        <key>highlight</key>
        <styleUrl>#poly-9FA8DA-9800-0-nodesc-highlight</styleUrl>
      </Pair>
    </StyleMap>
    <Style id="poly-A52714-5801-0-nodesc-normal">
      <LineStyle>
        <color>ff1427a5</color>
        <width>5.801</width>
      </LineStyle>
      <PolyStyle>
        <color>001427a5</color>
        <fill>1</fill>
        <outline>1</outline>
      </PolyStyle>
      <BalloonStyle>
        <text><![CDATA[<h3>$[name]</h3>]]></text>
      </BalloonStyle>
    </Style>
    <Style id="poly-A52714-5801-0-nodesc-highlight">
      <LineStyle>
        <color>ff1427a5</color>
        <width>8.7015</width>
      </LineStyle>
      <PolyStyle>
        <color>001427a5</color>
        <fill>1</fill>
        <outline>1</outline>
      </PolyStyle>
      <BalloonStyle>
        <text><![CDATA[<h3>$[name]</h3>]]></text>
      </BalloonStyle>
    </Style>
    <StyleMap id="poly-A52714-5801-0-nodesc">
      <Pair>
        <key>normal</key>
        <styleUrl>#poly-A52714-5801-0-nodesc-normal</styleUrl>
      </Pair>
      <Pair>
        <key>highlight</key>
        <styleUrl>#poly-A52714-5801-0-nodesc-highlight</styleUrl>
      </Pair>
    </StyleMap>
    <Style id="poly-A52714-6701-51-nodesc-normal">
      <LineStyle>
        <color>ff1427a5</color>
        <width>6.701</width>
      </LineStyle>
      <PolyStyle>
        <color>331427a5</color>
        <fill>1</fill>
        <outline>1</outline>
      </PolyStyle>
      <BalloonStyle>
        <text><![CDATA[<h3>$[name]</h3>]]></text>
      </BalloonStyle>
    </Style>
    <Style id="poly-A52714-6701-51-nodesc-highlight">
      <LineStyle>
        <color>ff1427a5</color>
        <width>10.0515</width>
      </LineStyle>
      <PolyStyle>
        <color>331427a5</color>
        <fill>1</fill>
        <outline>1</outline>
      </PolyStyle>
      <BalloonStyle>
        <text><![CDATA[<h3>$[name]</h3>]]></text>
      </BalloonStyle>
    </Style>
    <StyleMap id="poly-A52714-6701-51-nodesc">
      <Pair>
        <key>normal</key>
        <styleUrl>#poly-A52714-6701-51-nodesc-normal</styleUrl>
      </Pair>
      <Pair>
        <key>highlight</key>
        <styleUrl>#poly-A52714-6701-51-nodesc-highlight</styleUrl>
      </Pair>
    </StyleMap>
    <Style id="poly-A52714-7001-0-nodesc-normal">
      <LineStyle>
        <color>ff1427a5</color>
        <width>7.001</width>
      </LineStyle>
      <PolyStyle>
        <color>001427a5</color>
        <fill>1</fill>
        <outline>1</outline>
      </PolyStyle>
      <BalloonStyle>
        <text><![CDATA[<h3>$[name]</h3>]]></text>
      </BalloonStyle>
    </Style>
    <Style id="poly-A52714-7001-0-nodesc-highlight">
      <LineStyle>
        <color>ff1427a5</color>
        <width>10.5015</width>
      </LineStyle>
      <PolyStyle>
        <color>001427a5</color>
        <fill>1</fill>
        <outline>1</outline>
      </PolyStyle>
      <BalloonStyle>
        <text><![CDATA[<h3>$[name]</h3>]]></text>
      </BalloonStyle>
    </Style>
    <StyleMap id="poly-A52714-7001-0-nodesc">
      <Pair>
        <key>normal</key>
        <styleUrl>#poly-A52714-7001-0-nodesc-normal</styleUrl>
      </Pair>
      <Pair>
        <key>highlight</key>
        <styleUrl>#poly-A52714-7001-0-nodesc-highlight</styleUrl>
      </Pair>
    </StyleMap>
    <Style id="poly-AFB42B-8500-0-nodesc-normal">
      <LineStyle>
        <color>ff2bb4af</color>
        <width>8.5</width>
      </LineStyle>
      <PolyStyle>
        <color>002bb4af</color>
        <fill>1</fill>
        <outline>1</outline>
      </PolyStyle>
      <BalloonStyle>
        <text><![CDATA[<h3>$[name]</h3>]]></text>
      </BalloonStyle>
    </Style>
    <Style id="poly-AFB42B-8500-0-nodesc-highlight">
      <LineStyle>
        <color>ff2bb4af</color>
        <width>12.75</width>
      </LineStyle>
      <PolyStyle>
        <color>002bb4af</color>
        <fill>1</fill>
        <outline>1</outline>
      </PolyStyle>
      <BalloonStyle>
        <text><![CDATA[<h3>$[name]</h3>]]></text>
      </BalloonStyle>
    </Style>
    <StyleMap id="poly-AFB42B-8500-0-nodesc">
      <Pair>
        <key>normal</key>
        <styleUrl>#poly-AFB42B-8500-0-nodesc-normal</styleUrl>
      </Pair>
      <Pair>
        <key>highlight</key>
        <styleUrl>#poly-AFB42B-8500-0-nodesc-highlight</styleUrl>
      </Pair>
    </StyleMap>
    <Style id="poly-B2EBF2-11000-0-nodesc-normal">
      <LineStyle>
        <color>fff2ebb2</color>
        <width>11</width>
      </LineStyle>
      <PolyStyle>
        <color>00f2ebb2</color>
        <fill>1</fill>
        <outline>1</outline>
      </PolyStyle>
      <BalloonStyle>
        <text><![CDATA[<h3>$[name]</h3>]]></text>
      </BalloonStyle>
    </Style>
    <Style id="poly-B2EBF2-11000-0-nodesc-highlight">
      <LineStyle>
        <color>fff2ebb2</color>
        <width>16.5</width>
      </LineStyle>
      <PolyStyle>
        <color>00f2ebb2</color>
        <fill>1</fill>
        <outline>1</outline>
      </PolyStyle>
      <BalloonStyle>
        <text><![CDATA[<h3>$[name]</h3>]]></text>
      </BalloonStyle>
    </Style>
    <StyleMap id="poly-B2EBF2-11000-0-nodesc">
      <Pair>
        <key>normal</key>
        <styleUrl>#poly-B2EBF2-11000-0-nodesc-normal</styleUrl>
      </Pair>
      <Pair>
        <key>highlight</key>
        <styleUrl>#poly-B2EBF2-11000-0-nodesc-highlight</styleUrl>
      </Pair>
    </StyleMap>
    <Style id="poly-C2185B-5101-0-nodesc-normal">
      <LineStyle>
        <color>ff5b18c2</color>
        <width>5.101</width>
      </LineStyle>
      <PolyStyle>
        <color>005b18c2</color>
        <fill>1</fill>
        <outline>1</outline>
      </PolyStyle>
      <BalloonStyle>
        <text><![CDATA[<h3>$[name]</h3>]]></text>
      </BalloonStyle>
    </Style>
    <Style id="poly-C2185B-5101-0-nodesc-highlight">
      <LineStyle>
        <color>ff5b18c2</color>
        <width>7.6515</width>
      </LineStyle>
      <PolyStyle>
        <color>005b18c2</color>
        <fill>1</fill>
        <outline>1</outline>
      </PolyStyle>
      <BalloonStyle>
        <text><![CDATA[<h3>$[name]</h3>]]></text>
      </BalloonStyle>
    </Style>
    <StyleMap id="poly-C2185B-5101-0-nodesc">
      <Pair>
        <key>normal</key>
        <styleUrl>#poly-C2185B-5101-0-nodesc-normal</styleUrl>
      </Pair>
      <Pair>
        <key>highlight</key>
        <styleUrl>#poly-C2185B-5101-0-nodesc-highlight</styleUrl>
      </Pair>
    </StyleMap>
    <Style id="poly-C2185B-5701-0-nodesc-normal">
      <LineStyle>
        <color>ff5b18c2</color>
        <width>5.701</width>
      </LineStyle>
      <PolyStyle>
        <color>005b18c2</color>
        <fill>1</fill>
        <outline>1</outline>
      </PolyStyle>
      <BalloonStyle>
        <text><![CDATA[<h3>$[name]</h3>]]></text>
      </BalloonStyle>
    </Style>
    <Style id="poly-C2185B-5701-0-nodesc-highlight">
      <LineStyle>
        <color>ff5b18c2</color>
        <width>8.5515</width>
      </LineStyle>
      <PolyStyle>
        <color>005b18c2</color>
        <fill>1</fill>
        <outline>1</outline>
      </PolyStyle>
      <BalloonStyle>
        <text><![CDATA[<h3>$[name]</h3>]]></text>
      </BalloonStyle>
    </Style>
    <StyleMap id="poly-C2185B-5701-0-nodesc">
      <Pair>
        <key>normal</key>
        <styleUrl>#poly-C2185B-5701-0-nodesc-normal</styleUrl>
      </Pair>
      <Pair>
        <key>highlight</key>
        <styleUrl>#poly-C2185B-5701-0-nodesc-highlight</styleUrl>
      </Pair>
    </StyleMap>
    <Style id="poly-C2185B-5801-0-nodesc-normal">
      <LineStyle>
        <color>ff5b18c2</color>
        <width>5.801</width>
      </LineStyle>
      <PolyStyle>
        <color>005b18c2</color>
        <fill>1</fill>
        <outline>1</outline>
      </PolyStyle>
      <BalloonStyle>
        <text><![CDATA[<h3>$[name]</h3>]]></text>
      </BalloonStyle>
    </Style>
    <Style id="poly-C2185B-5801-0-nodesc-highlight">
      <LineStyle>
        <color>ff5b18c2</color>
        <width>8.7015</width>
      </LineStyle>
      <PolyStyle>
        <color>005b18c2</color>
        <fill>1</fill>
        <outline>1</outline>
      </PolyStyle>
      <BalloonStyle>
        <text><![CDATA[<h3>$[name]</h3>]]></text>
      </BalloonStyle>
    </Style>
    <StyleMap id="poly-C2185B-5801-0-nodesc">
      <Pair>
        <key>normal</key>
        <styleUrl>#poly-C2185B-5801-0-nodesc-normal</styleUrl>
      </Pair>
      <Pair>
        <key>highlight</key>
        <styleUrl>#poly-C2185B-5801-0-nodesc-highlight</styleUrl>
      </Pair>
    </StyleMap>
    <Style id="poly-C2185B-5901-0-nodesc-normal">
      <LineStyle>
        <color>ff5b18c2</color>
        <width>5.901</width>
      </LineStyle>
      <PolyStyle>
        <color>005b18c2</color>
        <fill>1</fill>
        <outline>1</outline>
      </PolyStyle>
      <BalloonStyle>
        <text><![CDATA[<h3>$[name]</h3>]]></text>
      </BalloonStyle>
    </Style>
    <Style id="poly-C2185B-5901-0-nodesc-highlight">
      <LineStyle>
        <color>ff5b18c2</color>
        <width>8.8515</width>
      </LineStyle>
      <PolyStyle>
        <color>005b18c2</color>
        <fill>1</fill>
        <outline>1</outline>
      </PolyStyle>
      <BalloonStyle>
        <text><![CDATA[<h3>$[name]</h3>]]></text>
      </BalloonStyle>
    </Style>
    <StyleMap id="poly-C2185B-5901-0-nodesc">
      <Pair>
        <key>normal</key>
        <styleUrl>#poly-C2185B-5901-0-nodesc-normal</styleUrl>
      </Pair>
      <Pair>
        <key>highlight</key>
        <styleUrl>#poly-C2185B-5901-0-nodesc-highlight</styleUrl>
      </Pair>
    </StyleMap>
    <Style id="poly-C2185B-6001-0-nodesc-normal">
      <LineStyle>
        <color>ff5b18c2</color>
        <width>6.001</width>
      </LineStyle>
      <PolyStyle>
        <color>005b18c2</color>
        <fill>1</fill>
        <outline>1</outline>
      </PolyStyle>
      <BalloonStyle>
        <text><![CDATA[<h3>$[name]</h3>]]></text>
      </BalloonStyle>
    </Style>
    <Style id="poly-C2185B-6001-0-nodesc-highlight">
      <LineStyle>
        <color>ff5b18c2</color>
        <width>9.0015</width>
      </LineStyle>
      <PolyStyle>
        <color>005b18c2</color>
        <fill>1</fill>
        <outline>1</outline>
      </PolyStyle>
      <BalloonStyle>
        <text><![CDATA[<h3>$[name]</h3>]]></text>
      </BalloonStyle>
    </Style>
    <StyleMap id="poly-C2185B-6001-0-nodesc">
      <Pair>
        <key>normal</key>
        <styleUrl>#poly-C2185B-6001-0-nodesc-normal</styleUrl>
      </Pair>
      <Pair>
        <key>highlight</key>
        <styleUrl>#poly-C2185B-6001-0-nodesc-highlight</styleUrl>
      </Pair>
    </StyleMap>
    <Style id="poly-C2185B-6201-0-nodesc-normal">
      <LineStyle>
        <color>ff5b18c2</color>
        <width>6.201</width>
      </LineStyle>
      <PolyStyle>
        <color>005b18c2</color>
        <fill>1</fill>
        <outline>1</outline>
      </PolyStyle>
      <BalloonStyle>
        <text><![CDATA[<h3>$[name]</h3>]]></text>
      </BalloonStyle>
    </Style>
    <Style id="poly-C2185B-6201-0-nodesc-highlight">
      <LineStyle>
        <color>ff5b18c2</color>
        <width>9.3015</width>
      </LineStyle>
      <PolyStyle>
        <color>005b18c2</color>
        <fill>1</fill>
        <outline>1</outline>
      </PolyStyle>
      <BalloonStyle>
        <text><![CDATA[<h3>$[name]</h3>]]></text>
      </BalloonStyle>
    </Style>
    <StyleMap id="poly-C2185B-6201-0-nodesc">
      <Pair>
        <key>normal</key>
        <styleUrl>#poly-C2185B-6201-0-nodesc-normal</styleUrl>
      </Pair>
      <Pair>
        <key>highlight</key>
        <styleUrl>#poly-C2185B-6201-0-nodesc-highlight</styleUrl>
      </Pair>
    </StyleMap>
    <Style id="poly-C2185B-6301-0-nodesc-normal">
      <LineStyle>
        <color>ff5b18c2</color>
        <width>6.301</width>
      </LineStyle>
      <PolyStyle>
        <color>005b18c2</color>
        <fill>1</fill>
        <outline>1</outline>
      </PolyStyle>
      <BalloonStyle>
        <text><![CDATA[<h3>$[name]</h3>]]></text>
      </BalloonStyle>
    </Style>
    <Style id="poly-C2185B-6301-0-nodesc-highlight">
      <LineStyle>
        <color>ff5b18c2</color>
        <width>9.4515</width>
      </LineStyle>
      <PolyStyle>
        <color>005b18c2</color>
        <fill>1</fill>
        <outline>1</outline>
      </PolyStyle>
      <BalloonStyle>
        <text><![CDATA[<h3>$[name]</h3>]]></text>
      </BalloonStyle>
    </Style>
    <StyleMap id="poly-C2185B-6301-0-nodesc">
      <Pair>
        <key>normal</key>
        <styleUrl>#poly-C2185B-6301-0-nodesc-normal</styleUrl>
      </Pair>
      <Pair>
        <key>highlight</key>
        <styleUrl>#poly-C2185B-6301-0-nodesc-highlight</styleUrl>
      </Pair>
    </StyleMap>
    <Style id="poly-C2185B-6401-0-nodesc-normal">
      <LineStyle>
        <color>ff5b18c2</color>
        <width>6.401</width>
      </LineStyle>
      <PolyStyle>
        <color>005b18c2</color>
        <fill>1</fill>
        <outline>1</outline>
      </PolyStyle>
      <BalloonStyle>
        <text><![CDATA[<h3>$[name]</h3>]]></text>
      </BalloonStyle>
    </Style>
    <Style id="poly-C2185B-6401-0-nodesc-highlight">
      <LineStyle>
        <color>ff5b18c2</color>
        <width>9.6015</width>
      </LineStyle>
      <PolyStyle>
        <color>005b18c2</color>
        <fill>1</fill>
        <outline>1</outline>
      </PolyStyle>
      <BalloonStyle>
        <text><![CDATA[<h3>$[name]</h3>]]></text>
      </BalloonStyle>
    </Style>
    <StyleMap id="poly-C2185B-6401-0-nodesc">
      <Pair>
        <key>normal</key>
        <styleUrl>#poly-C2185B-6401-0-nodesc-normal</styleUrl>
      </Pair>
      <Pair>
        <key>highlight</key>
        <styleUrl>#poly-C2185B-6401-0-nodesc-highlight</styleUrl>
      </Pair>
    </StyleMap>
    <Style id="poly-C2185B-7401-46-nodesc-normal">
      <LineStyle>
        <color>ff5b18c2</color>
        <width>7.401</width>
      </LineStyle>
      <PolyStyle>
        <color>2e5b18c2</color>
        <fill>1</fill>
        <outline>1</outline>
      </PolyStyle>
      <BalloonStyle>
        <text><![CDATA[<h3>$[name]</h3>]]></text>
      </BalloonStyle>
    </Style>
    <Style id="poly-C2185B-7401-46-nodesc-highlight">
      <LineStyle>
        <color>ff5b18c2</color>
        <width>11.1015</width>
      </LineStyle>
      <PolyStyle>
        <color>2e5b18c2</color>
        <fill>1</fill>
        <outline>1</outline>
      </PolyStyle>
      <BalloonStyle>
        <text><![CDATA[<h3>$[name]</h3>]]></text>
      </BalloonStyle>
    </Style>
    <StyleMap id="poly-C2185B-7401-46-nodesc">
      <Pair>
        <key>normal</key>
        <styleUrl>#poly-C2185B-7401-46-nodesc-normal</styleUrl>
      </Pair>
      <Pair>
        <key>highlight</key>
        <styleUrl>#poly-C2185B-7401-46-nodesc-highlight</styleUrl>
      </Pair>
    </StyleMap>
    <Style id="poly-E65100-1200-77-nodesc-normal">
      <LineStyle>
        <color>ff0051e6</color>
        <width>1.2</width>
      </LineStyle>
      <PolyStyle>
        <color>4d0051e6</color>
        <fill>1</fill>
        <outline>1</outline>
      </PolyStyle>
      <BalloonStyle>
        <text><![CDATA[<h3>$[name]</h3>]]></text>
      </BalloonStyle>
    </Style>
    <Style id="poly-E65100-1200-77-nodesc-highlight">
      <LineStyle>
        <color>ff0051e6</color>
        <width>1.8</width>
      </LineStyle>
      <PolyStyle>
        <color>4d0051e6</color>
        <fill>1</fill>
        <outline>1</outline>
      </PolyStyle>
      <BalloonStyle>
        <text><![CDATA[<h3>$[name]</h3>]]></text>
      </BalloonStyle>
    </Style>
    <StyleMap id="poly-E65100-1200-77-nodesc">
      <Pair>
        <key>normal</key>
        <styleUrl>#poly-E65100-1200-77-nodesc-normal</styleUrl>
      </Pair>
      <Pair>
        <key>highlight</key>
        <styleUrl>#poly-E65100-1200-77-nodesc-highlight</styleUrl>
      </Pair>
    </StyleMap>
    <Style id="poly-E65100-5301-0-nodesc-normal">
      <LineStyle>
        <color>ff0051e6</color>
        <width>5.301</width>
      </LineStyle>
      <PolyStyle>
        <color>000051e6</color>
        <fill>1</fill>
        <outline>1</outline>
      </PolyStyle>
      <BalloonStyle>
        <text><![CDATA[<h3>$[name]</h3>]]></text>
      </BalloonStyle>
    </Style>
    <Style id="poly-E65100-5301-0-nodesc-highlight">
      <LineStyle>
        <color>ff0051e6</color>
        <width>7.9515</width>
      </LineStyle>
      <PolyStyle>
        <color>000051e6</color>
        <fill>1</fill>
        <outline>1</outline>
      </PolyStyle>
      <BalloonStyle>
        <text><![CDATA[<h3>$[name]</h3>]]></text>
      </BalloonStyle>
    </Style>
    <StyleMap id="poly-E65100-5301-0-nodesc">
      <Pair>
        <key>normal</key>
        <styleUrl>#poly-E65100-5301-0-nodesc-normal</styleUrl>
      </Pair>
      <Pair>
        <key>highlight</key>
        <styleUrl>#poly-E65100-5301-0-nodesc-highlight</styleUrl>
      </Pair>
    </StyleMap>
    <Style id="poly-E65100-5401-0-nodesc-normal">
      <LineStyle>
        <color>ff0051e6</color>
        <width>5.401</width>
      </LineStyle>
      <PolyStyle>
        <color>000051e6</color>
        <fill>1</fill>
        <outline>1</outline>
      </PolyStyle>
      <BalloonStyle>
        <text><![CDATA[<h3>$[name]</h3>]]></text>
      </BalloonStyle>
    </Style>
    <Style id="poly-E65100-5401-0-nodesc-highlight">
      <LineStyle>
        <color>ff0051e6</color>
        <width>8.1015</width>
      </LineStyle>
      <PolyStyle>
        <color>000051e6</color>
        <fill>1</fill>
        <outline>1</outline>
      </PolyStyle>
      <BalloonStyle>
        <text><![CDATA[<h3>$[name]</h3>]]></text>
      </BalloonStyle>
    </Style>
    <StyleMap id="poly-E65100-5401-0-nodesc">
      <Pair>
        <key>normal</key>
        <styleUrl>#poly-E65100-5401-0-nodesc-normal</styleUrl>
      </Pair>
      <Pair>
        <key>highlight</key>
        <styleUrl>#poly-E65100-5401-0-nodesc-highlight</styleUrl>
      </Pair>
    </StyleMap>
    <Style id="poly-E65100-6001-0-nodesc-normal">
      <LineStyle>
        <color>ff0051e6</color>
        <width>6.001</width>
      </LineStyle>
      <PolyStyle>
        <color>000051e6</color>
        <fill>1</fill>
        <outline>1</outline>
      </PolyStyle>
      <BalloonStyle>
        <text><![CDATA[<h3>$[name]</h3>]]></text>
      </BalloonStyle>
    </Style>
    <Style id="poly-E65100-6001-0-nodesc-highlight">
      <LineStyle>
        <color>ff0051e6</color>
        <width>9.0015</width>
      </LineStyle>
      <PolyStyle>
        <color>000051e6</color>
        <fill>1</fill>
        <outline>1</outline>
      </PolyStyle>
      <BalloonStyle>
        <text><![CDATA[<h3>$[name]</h3>]]></text>
      </BalloonStyle>
    </Style>
    <StyleMap id="poly-E65100-6001-0-nodesc">
      <Pair>
        <key>normal</key>
        <styleUrl>#poly-E65100-6001-0-nodesc-normal</styleUrl>
      </Pair>
      <Pair>
        <key>highlight</key>
        <styleUrl>#poly-E65100-6001-0-nodesc-highlight</styleUrl>
      </Pair>
    </StyleMap>
    <Style id="poly-E65100-6101-0-nodesc-normal">
      <LineStyle>
        <color>ff0051e6</color>
        <width>6.101</width>
      </LineStyle>
      <PolyStyle>
        <color>000051e6</color>
        <fill>1</fill>
        <outline>1</outline>
      </PolyStyle>
      <BalloonStyle>
        <text><![CDATA[<h3>$[name]</h3>]]></text>
      </BalloonStyle>
    </Style>
    <Style id="poly-E65100-6101-0-nodesc-highlight">
      <LineStyle>
        <color>ff0051e6</color>
        <width>9.1515</width>
      </LineStyle>
      <PolyStyle>
        <color>000051e6</color>
        <fill>1</fill>
        <outline>1</outline>
      </PolyStyle>
      <BalloonStyle>
        <text><![CDATA[<h3>$[name]</h3>]]></text>
      </BalloonStyle>
    </Style>
    <StyleMap id="poly-E65100-6101-0-nodesc">
      <Pair>
        <key>normal</key>
        <styleUrl>#poly-E65100-6101-0-nodesc-normal</styleUrl>
      </Pair>
      <Pair>
        <key>highlight</key>
        <styleUrl>#poly-E65100-6101-0-nodesc-highlight</styleUrl>
      </Pair>
    </StyleMap>
    <Style id="poly-E65100-6401-0-nodesc-normal">
      <LineStyle>
        <color>ff0051e6</color>
        <width>6.401</width>
      </LineStyle>
      <PolyStyle>
        <color>000051e6</color>
        <fill>1</fill>
        <outline>1</outline>
      </PolyStyle>
      <BalloonStyle>
        <text><![CDATA[<h3>$[name]</h3>]]></text>
      </BalloonStyle>
    </Style>
    <Style id="poly-E65100-6401-0-nodesc-highlight">
      <LineStyle>
        <color>ff0051e6</color>
        <width>9.6015</width>
      </LineStyle>
      <PolyStyle>
        <color>000051e6</color>
        <fill>1</fill>
        <outline>1</outline>
      </PolyStyle>
      <BalloonStyle>
        <text><![CDATA[<h3>$[name]</h3>]]></text>
      </BalloonStyle>
    </Style>
    <StyleMap id="poly-E65100-6401-0-nodesc">
      <Pair>
        <key>normal</key>
        <styleUrl>#poly-E65100-6401-0-nodesc-normal</styleUrl>
      </Pair>
      <Pair>
        <key>highlight</key>
        <styleUrl>#poly-E65100-6401-0-nodesc-highlight</styleUrl>
      </Pair>
    </StyleMap>
    <Style id="poly-E65100-6401-77-nodesc-normal">
      <LineStyle>
        <color>ff0051e6</color>
        <width>6.401</width>
      </LineStyle>
      <PolyStyle>
        <color>4d0051e6</color>
        <fill>1</fill>
        <outline>1</outline>
      </PolyStyle>
      <BalloonStyle>
        <text><![CDATA[<h3>$[name]</h3>]]></text>
      </BalloonStyle>
    </Style>
    <Style id="poly-E65100-6401-77-nodesc-highlight">
      <LineStyle>
        <color>ff0051e6</color>
        <width>9.6015</width>
      </LineStyle>
      <PolyStyle>
        <color>4d0051e6</color>
        <fill>1</fill>
        <outline>1</outline>
      </PolyStyle>
      <BalloonStyle>
        <text><![CDATA[<h3>$[name]</h3>]]></text>
      </BalloonStyle>
    </Style>
    <StyleMap id="poly-E65100-6401-77-nodesc">
      <Pair>
        <key>normal</key>
        <styleUrl>#poly-E65100-6401-77-nodesc-normal</styleUrl>
      </Pair>
      <Pair>
        <key>highlight</key>
        <styleUrl>#poly-E65100-6401-77-nodesc-highlight</styleUrl>
      </Pair>
    </StyleMap>
    <Style id="poly-E65100-6501-0-nodesc-normal">
      <LineStyle>
        <color>ff0051e6</color>
        <width>6.501</width>
      </LineStyle>
      <PolyStyle>
        <color>000051e6</color>
        <fill>1</fill>
        <outline>1</outline>
      </PolyStyle>
      <BalloonStyle>
        <text><![CDATA[<h3>$[name]</h3>]]></text>
      </BalloonStyle>
    </Style>
    <Style id="poly-E65100-6501-0-nodesc-highlight">
      <LineStyle>
        <color>ff0051e6</color>
        <width>9.7515</width>
      </LineStyle>
      <PolyStyle>
        <color>000051e6</color>
        <fill>1</fill>
        <outline>1</outline>
      </PolyStyle>
      <BalloonStyle>
        <text><![CDATA[<h3>$[name]</h3>]]></text>
      </BalloonStyle>
    </Style>
    <StyleMap id="poly-E65100-6501-0-nodesc">
      <Pair>
        <key>normal</key>
        <styleUrl>#poly-E65100-6501-0-nodesc-normal</styleUrl>
      </Pair>
      <Pair>
        <key>highlight</key>
        <styleUrl>#poly-E65100-6501-0-nodesc-highlight</styleUrl>
      </Pair>
    </StyleMap>
    <Style id="poly-E65100-6601-0-nodesc-normal">
      <LineStyle>
        <color>ff0051e6</color>
        <width>6.601</width>
      </LineStyle>
      <PolyStyle>
        <color>000051e6</color>
        <fill>1</fill>
        <outline>1</outline>
      </PolyStyle>
      <BalloonStyle>
        <text><![CDATA[<h3>$[name]</h3>]]></text>
      </BalloonStyle>
    </Style>
    <Style id="poly-E65100-6601-0-nodesc-highlight">
      <LineStyle>
        <color>ff0051e6</color>
        <width>9.9015</width>
      </LineStyle>
      <PolyStyle>
        <color>000051e6</color>
        <fill>1</fill>
        <outline>1</outline>
      </PolyStyle>
      <BalloonStyle>
        <text><![CDATA[<h3>$[name]</h3>]]></text>
      </BalloonStyle>
    </Style>
    <StyleMap id="poly-E65100-6601-0-nodesc">
      <Pair>
        <key>normal</key>
        <styleUrl>#poly-E65100-6601-0-nodesc-normal</styleUrl>
      </Pair>
      <Pair>
        <key>highlight</key>
        <styleUrl>#poly-E65100-6601-0-nodesc-highlight</styleUrl>
      </Pair>
    </StyleMap>
    <Style id="poly-E65100-7501-0-nodesc-normal">
      <LineStyle>
        <color>ff0051e6</color>
        <width>7.501</width>
      </LineStyle>
      <PolyStyle>
        <color>000051e6</color>
        <fill>1</fill>
        <outline>1</outline>
      </PolyStyle>
      <BalloonStyle>
        <text><![CDATA[<h3>$[name]</h3>]]></text>
      </BalloonStyle>
    </Style>
    <Style id="poly-E65100-7501-0-nodesc-highlight">
      <LineStyle>
        <color>ff0051e6</color>
        <width>11.2515</width>
      </LineStyle>
      <PolyStyle>
        <color>000051e6</color>
        <fill>1</fill>
        <outline>1</outline>
      </PolyStyle>
      <BalloonStyle>
        <text><![CDATA[<h3>$[name]</h3>]]></text>
      </BalloonStyle>
    </Style>
    <StyleMap id="poly-E65100-7501-0-nodesc">
      <Pair>
        <key>normal</key>
        <styleUrl>#poly-E65100-7501-0-nodesc-normal</styleUrl>
      </Pair>
      <Pair>
        <key>highlight</key>
        <styleUrl>#poly-E65100-7501-0-nodesc-highlight</styleUrl>
      </Pair>
    </StyleMap>
    <Style id="poly-EDA29B-7801-56-nodesc-normal">
      <LineStyle>
        <color>ff9ba2ed</color>
        <width>7.801</width>
      </LineStyle>
      <PolyStyle>
        <color>389ba2ed</color>
        <fill>1</fill>
        <outline>1</outline>
      </PolyStyle>
      <BalloonStyle>
        <text><![CDATA[<h3>$[name]</h3>]]></text>
      </BalloonStyle>
    </Style>
    <Style id="poly-EDA29B-7801-56-nodesc-highlight">
      <LineStyle>
        <color>ff9ba2ed</color>
        <width>11.7015</width>
      </LineStyle>
      <PolyStyle>
        <color>389ba2ed</color>
        <fill>1</fill>
        <outline>1</outline>
      </PolyStyle>
      <BalloonStyle>
        <text><![CDATA[<h3>$[name]</h3>]]></text>
      </BalloonStyle>
    </Style>
    <StyleMap id="poly-EDA29B-7801-56-nodesc">
      <Pair>
        <key>normal</key>
        <styleUrl>#poly-EDA29B-7801-56-nodesc-normal</styleUrl>
      </Pair>
      <Pair>
        <key>highlight</key>
        <styleUrl>#poly-EDA29B-7801-56-nodesc-highlight</styleUrl>
      </Pair>
    </StyleMap>
    <Style id="poly-F48FB1-1200-77-nodesc-normal">
      <LineStyle>
        <color>ffb18ff4</color>
        <width>1.2</width>
      </LineStyle>
      <PolyStyle>
        <color>4db18ff4</color>
        <fill>1</fill>
        <outline>1</outline>
      </PolyStyle>
      <BalloonStyle>
        <text><![CDATA[<h3>$[name]</h3>]]></text>
      </BalloonStyle>
    </Style>
    <Style id="poly-F48FB1-1200-77-nodesc-highlight">
      <LineStyle>
        <color>ffb18ff4</color>
        <width>1.8</width>
      </LineStyle>
      <PolyStyle>
        <color>4db18ff4</color>
        <fill>1</fill>
        <outline>1</outline>
      </PolyStyle>
      <BalloonStyle>
        <text><![CDATA[<h3>$[name]</h3>]]></text>
      </BalloonStyle>
    </Style>
    <StyleMap id="poly-F48FB1-1200-77-nodesc">
      <Pair>
        <key>normal</key>
        <styleUrl>#poly-F48FB1-1200-77-nodesc-normal</styleUrl>
      </Pair>
      <Pair>
        <key>highlight</key>
        <styleUrl>#poly-F48FB1-1200-77-nodesc-highlight</styleUrl>
      </Pair>
    </StyleMap>
    <Style id="poly-F48FB1-12500-0-nodesc-normal">
      <LineStyle>
        <color>ffb18ff4</color>
        <width>12.5</width>
      </LineStyle>
      <PolyStyle>
        <color>00b18ff4</color>
        <fill>1</fill>
        <outline>1</outline>
      </PolyStyle>
      <BalloonStyle>
        <text><![CDATA[<h3>$[name]</h3>]]></text>
      </BalloonStyle>
    </Style>
    <Style id="poly-F48FB1-12500-0-nodesc-highlight">
      <LineStyle>
        <color>ffb18ff4</color>
        <width>18.75</width>
      </LineStyle>
      <PolyStyle>
        <color>00b18ff4</color>
        <fill>1</fill>
        <outline>1</outline>
      </PolyStyle>
      <BalloonStyle>
        <text><![CDATA[<h3>$[name]</h3>]]></text>
      </BalloonStyle>
    </Style>
    <StyleMap id="poly-F48FB1-12500-0-nodesc">
      <Pair>
        <key>normal</key>
        <styleUrl>#poly-F48FB1-12500-0-nodesc-normal</styleUrl>
      </Pair>
      <Pair>
        <key>highlight</key>
        <styleUrl>#poly-F48FB1-12500-0-nodesc-highlight</styleUrl>
      </Pair>
    </StyleMap>
    <Style id="poly-F48FB1-5601-0-nodesc-normal">
      <LineStyle>
        <color>ffb18ff4</color>
        <width>5.601</width>
      </LineStyle>
      <PolyStyle>
        <color>00b18ff4</color>
        <fill>1</fill>
        <outline>1</outline>
      </PolyStyle>
      <BalloonStyle>
        <text><![CDATA[<h3>$[name]</h3>]]></text>
      </BalloonStyle>
    </Style>
    <Style id="poly-F48FB1-5601-0-nodesc-highlight">
      <LineStyle>
        <color>ffb18ff4</color>
        <width>8.4015</width>
      </LineStyle>
      <PolyStyle>
        <color>00b18ff4</color>
        <fill>1</fill>
        <outline>1</outline>
      </PolyStyle>
      <BalloonStyle>
        <text><![CDATA[<h3>$[name]</h3>]]></text>
      </BalloonStyle>
    </Style>
    <StyleMap id="poly-F48FB1-5601-0-nodesc">
      <Pair>
        <key>normal</key>
        <styleUrl>#poly-F48FB1-5601-0-nodesc-normal</styleUrl>
      </Pair>
      <Pair>
        <key>highlight</key>
        <styleUrl>#poly-F48FB1-5601-0-nodesc-highlight</styleUrl>
      </Pair>
    </StyleMap>
    <Style id="poly-F48FB1-6001-0-nodesc-normal">
      <LineStyle>
        <color>ffb18ff4</color>
        <width>6.001</width>
      </LineStyle>
      <PolyStyle>
        <color>00b18ff4</color>
        <fill>1</fill>
        <outline>1</outline>
      </PolyStyle>
      <BalloonStyle>
        <text><![CDATA[<h3>$[name]</h3>]]></text>
      </BalloonStyle>
    </Style>
    <Style id="poly-F48FB1-6001-0-nodesc-highlight">
      <LineStyle>
        <color>ffb18ff4</color>
        <width>9.0015</width>
      </LineStyle>
      <PolyStyle>
        <color>00b18ff4</color>
        <fill>1</fill>
        <outline>1</outline>
      </PolyStyle>
      <BalloonStyle>
        <text><![CDATA[<h3>$[name]</h3>]]></text>
      </BalloonStyle>
    </Style>
    <StyleMap id="poly-F48FB1-6001-0-nodesc">
      <Pair>
        <key>normal</key>
        <styleUrl>#poly-F48FB1-6001-0-nodesc-normal</styleUrl>
      </Pair>
      <Pair>
        <key>highlight</key>
        <styleUrl>#poly-F48FB1-6001-0-nodesc-highlight</styleUrl>
      </Pair>
    </StyleMap>
    <Style id="poly-F48FB1-6301-0-nodesc-normal">
      <LineStyle>
        <color>ffb18ff4</color>
        <width>6.301</width>
      </LineStyle>
      <PolyStyle>
        <color>00b18ff4</color>
        <fill>1</fill>
        <outline>1</outline>
      </PolyStyle>
      <BalloonStyle>
        <text><![CDATA[<h3>$[name]</h3>]]></text>
      </BalloonStyle>
    </Style>
    <Style id="poly-F48FB1-6301-0-nodesc-highlight">
      <LineStyle>
        <color>ffb18ff4</color>
        <width>9.4515</width>
      </LineStyle>
      <PolyStyle>
        <color>00b18ff4</color>
        <fill>1</fill>
        <outline>1</outline>
      </PolyStyle>
      <BalloonStyle>
        <text><![CDATA[<h3>$[name]</h3>]]></text>
      </BalloonStyle>
    </Style>
    <StyleMap id="poly-F48FB1-6301-0-nodesc">
      <Pair>
        <key>normal</key>
        <styleUrl>#poly-F48FB1-6301-0-nodesc-normal</styleUrl>
      </Pair>
      <Pair>
        <key>highlight</key>
        <styleUrl>#poly-F48FB1-6301-0-nodesc-highlight</styleUrl>
      </Pair>
    </StyleMap>
    <Style id="poly-F48FB1-6901-0-nodesc-normal">
      <LineStyle>
        <color>ffb18ff4</color>
        <width>6.901</width>
      </LineStyle>
      <PolyStyle>
        <color>00b18ff4</color>
        <fill>1</fill>
        <outline>1</outline>
      </PolyStyle>
      <BalloonStyle>
        <text><![CDATA[<h3>$[name]</h3>]]></text>
      </BalloonStyle>
    </Style>
    <Style id="poly-F48FB1-6901-0-nodesc-highlight">
      <LineStyle>
        <color>ffb18ff4</color>
        <width>10.3515</width>
      </LineStyle>
      <PolyStyle>
        <color>00b18ff4</color>
        <fill>1</fill>
        <outline>1</outline>
      </PolyStyle>
      <BalloonStyle>
        <text><![CDATA[<h3>$[name]</h3>]]></text>
      </BalloonStyle>
    </Style>
    <StyleMap id="poly-F48FB1-6901-0-nodesc">
      <Pair>
        <key>normal</key>
        <styleUrl>#poly-F48FB1-6901-0-nodesc-normal</styleUrl>
      </Pair>
      <Pair>
        <key>highlight</key>
        <styleUrl>#poly-F48FB1-6901-0-nodesc-highlight</styleUrl>
      </Pair>
    </StyleMap>
    <Style id="poly-F57C00-1200-77-nodesc-normal">
      <LineStyle>
        <color>ff007cf5</color>
        <width>1.2</width>
      </LineStyle>
      <PolyStyle>
        <color>4d007cf5</color>
        <fill>1</fill>
        <outline>1</outline>
      </PolyStyle>
      <BalloonStyle>
        <text><![CDATA[<h3>$[name]</h3>]]></text>
      </BalloonStyle>
    </Style>
    <Style id="poly-F57C00-1200-77-nodesc-highlight">
      <LineStyle>
        <color>ff007cf5</color>
        <width>1.8</width>
      </LineStyle>
      <PolyStyle>
        <color>4d007cf5</color>
        <fill>1</fill>
        <outline>1</outline>
      </PolyStyle>
      <BalloonStyle>
        <text><![CDATA[<h3>$[name]</h3>]]></text>
      </BalloonStyle>
    </Style>
    <StyleMap id="poly-F57C00-1200-77-nodesc">
      <Pair>
        <key>normal</key>
        <styleUrl>#poly-F57C00-1200-77-nodesc-normal</styleUrl>
      </Pair>
      <Pair>
        <key>highlight</key>
        <styleUrl>#poly-F57C00-1200-77-nodesc-highlight</styleUrl>
      </Pair>
    </StyleMap>
    <Style id="poly-F57C00-4701-77-nodesc-normal">
      <LineStyle>
        <color>ff007cf5</color>
        <width>4.701</width>
      </LineStyle>
      <PolyStyle>
        <color>4d007cf5</color>
        <fill>1</fill>
        <outline>1</outline>
      </PolyStyle>
      <BalloonStyle>
        <text><![CDATA[<h3>$[name]</h3>]]></text>
      </BalloonStyle>
    </Style>
    <Style id="poly-F57C00-4701-77-nodesc-highlight">
      <LineStyle>
        <color>ff007cf5</color>
        <width>7.0515</width>
      </LineStyle>
      <PolyStyle>
        <color>4d007cf5</color>
        <fill>1</fill>
        <outline>1</outline>
      </PolyStyle>
      <BalloonStyle>
        <text><![CDATA[<h3>$[name]</h3>]]></text>
      </BalloonStyle>
    </Style>
    <StyleMap id="poly-F57C00-4701-77-nodesc">
      <Pair>
        <key>normal</key>
        <styleUrl>#poly-F57C00-4701-77-nodesc-normal</styleUrl>
      </Pair>
      <Pair>
        <key>highlight</key>
        <styleUrl>#poly-F57C00-4701-77-nodesc-highlight</styleUrl>
      </Pair>
    </StyleMap>
    <Style id="poly-F57C00-5401-0-nodesc-normal">
      <LineStyle>
        <color>ff007cf5</color>
        <width>5.401</width>
      </LineStyle>
      <PolyStyle>
        <color>00007cf5</color>
        <fill>1</fill>
        <outline>1</outline>
      </PolyStyle>
      <BalloonStyle>
        <text><![CDATA[<h3>$[name]</h3>]]></text>
      </BalloonStyle>
    </Style>
    <Style id="poly-F57C00-5401-0-nodesc-highlight">
      <LineStyle>
        <color>ff007cf5</color>
        <width>8.1015</width>
      </LineStyle>
      <PolyStyle>
        <color>00007cf5</color>
        <fill>1</fill>
        <outline>1</outline>
      </PolyStyle>
      <BalloonStyle>
        <text><![CDATA[<h3>$[name]</h3>]]></text>
      </BalloonStyle>
    </Style>
    <StyleMap id="poly-F57C00-5401-0-nodesc">
      <Pair>
        <key>normal</key>
        <styleUrl>#poly-F57C00-5401-0-nodesc-normal</styleUrl>
      </Pair>
      <Pair>
        <key>highlight</key>
        <styleUrl>#poly-F57C00-5401-0-nodesc-highlight</styleUrl>
      </Pair>
    </StyleMap>
    <Style id="poly-F57C00-5501-0-nodesc-normal">
      <LineStyle>
        <color>ff007cf5</color>
        <width>5.501</width>
      </LineStyle>
      <PolyStyle>
        <color>00007cf5</color>
        <fill>1</fill>
        <outline>1</outline>
      </PolyStyle>
      <BalloonStyle>
        <text><![CDATA[<h3>$[name]</h3>]]></text>
      </BalloonStyle>
    </Style>
    <Style id="poly-F57C00-5501-0-nodesc-highlight">
      <LineStyle>
        <color>ff007cf5</color>
        <width>8.2515</width>
      </LineStyle>
      <PolyStyle>
        <color>00007cf5</color>
        <fill>1</fill>
        <outline>1</outline>
      </PolyStyle>
      <BalloonStyle>
        <text><![CDATA[<h3>$[name]</h3>]]></text>
      </BalloonStyle>
    </Style>
    <StyleMap id="poly-F57C00-5501-0-nodesc">
      <Pair>
        <key>normal</key>
        <styleUrl>#poly-F57C00-5501-0-nodesc-normal</styleUrl>
      </Pair>
      <Pair>
        <key>highlight</key>
        <styleUrl>#poly-F57C00-5501-0-nodesc-highlight</styleUrl>
      </Pair>
    </StyleMap>
    <Style id="poly-F57C00-6001-0-nodesc-normal">
      <LineStyle>
        <color>ff007cf5</color>
        <width>6.001</width>
      </LineStyle>
      <PolyStyle>
        <color>00007cf5</color>
        <fill>1</fill>
        <outline>1</outline>
      </PolyStyle>
      <BalloonStyle>
        <text><![CDATA[<h3>$[name]</h3>]]></text>
      </BalloonStyle>
    </Style>
    <Style id="poly-F57C00-6001-0-nodesc-highlight">
      <LineStyle>
        <color>ff007cf5</color>
        <width>9.0015</width>
      </LineStyle>
      <PolyStyle>
        <color>00007cf5</color>
        <fill>1</fill>
        <outline>1</outline>
      </PolyStyle>
      <BalloonStyle>
        <text><![CDATA[<h3>$[name]</h3>]]></text>
      </BalloonStyle>
    </Style>
    <StyleMap id="poly-F57C00-6001-0-nodesc">
      <Pair>
        <key>normal</key>
        <styleUrl>#poly-F57C00-6001-0-nodesc-normal</styleUrl>
      </Pair>
      <Pair>
        <key>highlight</key>
        <styleUrl>#poly-F57C00-6001-0-nodesc-highlight</styleUrl>
      </Pair>
    </StyleMap>
    <Style id="poly-F57C00-7201-56-nodesc-normal">
      <LineStyle>
        <color>ff007cf5</color>
        <width>7.201</width>
      </LineStyle>
      <PolyStyle>
        <color>38007cf5</color>
        <fill>1</fill>
        <outline>1</outline>
      </PolyStyle>
      <BalloonStyle>
        <text><![CDATA[<h3>$[name]</h3>]]></text>
      </BalloonStyle>
    </Style>
    <Style id="poly-F57C00-7201-56-nodesc-highlight">
      <LineStyle>
        <color>ff007cf5</color>
        <width>10.8015</width>
      </LineStyle>
      <PolyStyle>
        <color>38007cf5</color>
        <fill>1</fill>
        <outline>1</outline>
      </PolyStyle>
      <BalloonStyle>
        <text><![CDATA[<h3>$[name]</h3>]]></text>
      </BalloonStyle>
    </Style>
    <StyleMap id="poly-F57C00-7201-56-nodesc">
      <Pair>
        <key>normal</key>
        <styleUrl>#poly-F57C00-7201-56-nodesc-normal</styleUrl>
      </Pair>
      <Pair>
        <key>highlight</key>
        <styleUrl>#poly-F57C00-7201-56-nodesc-highlight</styleUrl>
      </Pair>
    </StyleMap>
    <Style id="poly-F57C00-8300-51-nodesc-normal">
      <LineStyle>
        <color>ff007cf5</color>
        <width>8.3</width>
      </LineStyle>
      <PolyStyle>
        <color>33007cf5</color>
        <fill>1</fill>
        <outline>1</outline>
      </PolyStyle>
      <BalloonStyle>
        <text><![CDATA[<h3>$[name]</h3>]]></text>
      </BalloonStyle>
    </Style>
    <Style id="poly-F57C00-8300-51-nodesc-highlight">
      <LineStyle>
        <color>ff007cf5</color>
        <width>12.45</width>
      </LineStyle>
      <PolyStyle>
        <color>33007cf5</color>
        <fill>1</fill>
        <outline>1</outline>
      </PolyStyle>
      <BalloonStyle>
        <text><![CDATA[<h3>$[name]</h3>]]></text>
      </BalloonStyle>
    </Style>
    <StyleMap id="poly-F57C00-8300-51-nodesc">
      <Pair>
        <key>normal</key>
        <styleUrl>#poly-F57C00-8300-51-nodesc-normal</styleUrl>
      </Pair>
      <Pair>
        <key>highlight</key>
        <styleUrl>#poly-F57C00-8300-51-nodesc-highlight</styleUrl>
      </Pair>
    </StyleMap>
    <Style id="poly-F9A825-5801-0-nodesc-normal">
      <LineStyle>
        <color>ff25a8f9</color>
        <width>5.801</width>
      </LineStyle>
      <PolyStyle>
        <color>0025a8f9</color>
        <fill>1</fill>
        <outline>1</outline>
      </PolyStyle>
      <BalloonStyle>
        <text><![CDATA[<h3>$[name]</h3>]]></text>
      </BalloonStyle>
    </Style>
    <Style id="poly-F9A825-5801-0-nodesc-highlight">
      <LineStyle>
        <color>ff25a8f9</color>
        <width>8.7015</width>
      </LineStyle>
      <PolyStyle>
        <color>0025a8f9</color>
        <fill>1</fill>
        <outline>1</outline>
      </PolyStyle>
      <BalloonStyle>
        <text><![CDATA[<h3>$[name]</h3>]]></text>
      </BalloonStyle>
    </Style>
    <StyleMap id="poly-F9A825-5801-0-nodesc">
      <Pair>
        <key>normal</key>
        <styleUrl>#poly-F9A825-5801-0-nodesc-normal</styleUrl>
      </Pair>
      <Pair>
        <key>highlight</key>
        <styleUrl>#poly-F9A825-5801-0-nodesc-highlight</styleUrl>
      </Pair>
    </StyleMap>
    <Style id="poly-F9A825-6321-0-nodesc-normal">
      <LineStyle>
        <color>ff25a8f9</color>
        <width>6.321</width>
      </LineStyle>
      <PolyStyle>
        <color>0025a8f9</color>
        <fill>1</fill>
        <outline>1</outline>
      </PolyStyle>
      <BalloonStyle>
        <text><![CDATA[<h3>$[name]</h3>]]></text>
      </BalloonStyle>
    </Style>
    <Style id="poly-F9A825-6321-0-nodesc-highlight">
      <LineStyle>
        <color>ff25a8f9</color>
        <width>9.4815</width>
      </LineStyle>
      <PolyStyle>
        <color>0025a8f9</color>
        <fill>1</fill>
        <outline>1</outline>
      </PolyStyle>
      <BalloonStyle>
        <text><![CDATA[<h3>$[name]</h3>]]></text>
      </BalloonStyle>
    </Style>
    <StyleMap id="poly-F9A825-6321-0-nodesc">
      <Pair>
        <key>normal</key>
        <styleUrl>#poly-F9A825-6321-0-nodesc-normal</styleUrl>
      </Pair>
      <Pair>
        <key>highlight</key>
        <styleUrl>#poly-F9A825-6321-0-nodesc-highlight</styleUrl>
      </Pair>
    </StyleMap>
    <Style id="poly-FBC02D-1200-77-nodesc-normal">
      <LineStyle>
        <color>ff2dc0fb</color>
        <width>1.2</width>
      </LineStyle>
      <PolyStyle>
        <color>4d2dc0fb</color>
        <fill>1</fill>
        <outline>1</outline>
      </PolyStyle>
      <BalloonStyle>
        <text><![CDATA[<h3>$[name]</h3>]]></text>
      </BalloonStyle>
    </Style>
    <Style id="poly-FBC02D-1200-77-nodesc-highlight">
      <LineStyle>
        <color>ff2dc0fb</color>
        <width>1.8</width>
      </LineStyle>
      <PolyStyle>
        <color>4d2dc0fb</color>
        <fill>1</fill>
        <outline>1</outline>
      </PolyStyle>
      <BalloonStyle>
        <text><![CDATA[<h3>$[name]</h3>]]></text>
      </BalloonStyle>
    </Style>
    <StyleMap id="poly-FBC02D-1200-77-nodesc">
      <Pair>
        <key>normal</key>
        <styleUrl>#poly-FBC02D-1200-77-nodesc-normal</styleUrl>
      </Pair>
      <Pair>
        <key>highlight</key>
        <styleUrl>#poly-FBC02D-1200-77-nodesc-highlight</styleUrl>
      </Pair>
    </StyleMap>
    <Style id="poly-FF5252-1200-77-nodesc-normal">
      <LineStyle>
        <color>ff5252ff</color>
        <width>1.2</width>
      </LineStyle>
      <PolyStyle>
        <color>4d5252ff</color>
        <fill>1</fill>
        <outline>1</outline>
      </PolyStyle>
      <BalloonStyle>
        <text><![CDATA[<h3>$[name]</h3>]]></text>
      </BalloonStyle>
    </Style>
    <Style id="poly-FF5252-1200-77-nodesc-highlight">
      <LineStyle>
        <color>ff5252ff</color>
        <width>1.8</width>
      </LineStyle>
      <PolyStyle>
        <color>4d5252ff</color>
        <fill>1</fill>
        <outline>1</outline>
      </PolyStyle>
      <BalloonStyle>
        <text><![CDATA[<h3>$[name]</h3>]]></text>
      </BalloonStyle>
    </Style>
    <StyleMap id="poly-FF5252-1200-77-nodesc">
      <Pair>
        <key>normal</key>
        <styleUrl>#poly-FF5252-1200-77-nodesc-normal</styleUrl>
      </Pair>
      <Pair>
        <key>highlight</key>
        <styleUrl>#poly-FF5252-1200-77-nodesc-highlight</styleUrl>
      </Pair>
    </StyleMap>
    <Style id="poly-FF5252-3401-77-nodesc-normal">
      <LineStyle>
        <color>ff5252ff</color>
        <width>3.401</width>
      </LineStyle>
      <PolyStyle>
        <color>4d5252ff</color>
        <fill>1</fill>
        <outline>1</outline>
      </PolyStyle>
      <BalloonStyle>
        <text><![CDATA[<h3>$[name]</h3>]]></text>
      </BalloonStyle>
    </Style>
    <Style id="poly-FF5252-3401-77-nodesc-highlight">
      <LineStyle>
        <color>ff5252ff</color>
        <width>5.1015</width>
      </LineStyle>
      <PolyStyle>
        <color>4d5252ff</color>
        <fill>1</fill>
        <outline>1</outline>
      </PolyStyle>
      <BalloonStyle>
        <text><![CDATA[<h3>$[name]</h3>]]></text>
      </BalloonStyle>
    </Style>
    <StyleMap id="poly-FF5252-3401-77-nodesc">
      <Pair>
        <key>normal</key>
        <styleUrl>#poly-FF5252-3401-77-nodesc-normal</styleUrl>
      </Pair>
      <Pair>
        <key>highlight</key>
        <styleUrl>#poly-FF5252-3401-77-nodesc-highlight</styleUrl>
      </Pair>
    </StyleMap>
    <Style id="poly-FF5252-5201-0-nodesc-normal">
      <LineStyle>
        <color>ff5252ff</color>
        <width>5.201</width>
      </LineStyle>
      <PolyStyle>
        <color>005252ff</color>
        <fill>1</fill>
        <outline>1</outline>
      </PolyStyle>
      <BalloonStyle>
        <text><![CDATA[<h3>$[name]</h3>]]></text>
      </BalloonStyle>
    </Style>
    <Style id="poly-FF5252-5201-0-nodesc-highlight">
      <LineStyle>
        <color>ff5252ff</color>
        <width>7.8015</width>
      </LineStyle>
      <PolyStyle>
        <color>005252ff</color>
        <fill>1</fill>
        <outline>1</outline>
      </PolyStyle>
      <BalloonStyle>
        <text><![CDATA[<h3>$[name]</h3>]]></text>
      </BalloonStyle>
    </Style>
    <StyleMap id="poly-FF5252-5201-0-nodesc">
      <Pair>
        <key>normal</key>
        <styleUrl>#poly-FF5252-5201-0-nodesc-normal</styleUrl>
      </Pair>
      <Pair>
        <key>highlight</key>
        <styleUrl>#poly-FF5252-5201-0-nodesc-highlight</styleUrl>
      </Pair>
    </StyleMap>
    <Style id="poly-FF5252-6101-0-nodesc-normal">
      <LineStyle>
        <color>ff5252ff</color>
        <width>6.101</width>
      </LineStyle>
      <PolyStyle>
        <color>005252ff</color>
        <fill>1</fill>
        <outline>1</outline>
      </PolyStyle>
      <BalloonStyle>
        <text><![CDATA[<h3>$[name]</h3>]]></text>
      </BalloonStyle>
    </Style>
    <Style id="poly-FF5252-6101-0-nodesc-highlight">
      <LineStyle>
        <color>ff5252ff</color>
        <width>9.1515</width>
      </LineStyle>
      <PolyStyle>
        <color>005252ff</color>
        <fill>1</fill>
        <outline>1</outline>
      </PolyStyle>
      <BalloonStyle>
        <text><![CDATA[<h3>$[name]</h3>]]></text>
      </BalloonStyle>
    </Style>
    <StyleMap id="poly-FF5252-6101-0-nodesc">
      <Pair>
        <key>normal</key>
        <styleUrl>#poly-FF5252-6101-0-nodesc-normal</styleUrl>
      </Pair>
      <Pair>
        <key>highlight</key>
        <styleUrl>#poly-FF5252-6101-0-nodesc-highlight</styleUrl>
      </Pair>
    </StyleMap>
    <Style id="poly-FF5252-7301-0-nodesc-normal">
      <LineStyle>
        <color>ff5252ff</color>
        <width>7.301</width>
      </LineStyle>
      <PolyStyle>
        <color>005252ff</color>
        <fill>1</fill>
        <outline>1</outline>
      </PolyStyle>
      <BalloonStyle>
        <text><![CDATA[<h3>$[name]</h3>]]></text>
      </BalloonStyle>
    </Style>
    <Style id="poly-FF5252-7301-0-nodesc-highlight">
      <LineStyle>
        <color>ff5252ff</color>
        <width>10.9515</width>
      </LineStyle>
      <PolyStyle>
        <color>005252ff</color>
        <fill>1</fill>
        <outline>1</outline>
      </PolyStyle>
      <BalloonStyle>
        <text><![CDATA[<h3>$[name]</h3>]]></text>
      </BalloonStyle>
    </Style>
    <StyleMap id="poly-FF5252-7301-0-nodesc">
      <Pair>
        <key>normal</key>
        <styleUrl>#poly-FF5252-7301-0-nodesc-normal</styleUrl>
      </Pair>
      <Pair>
        <key>highlight</key>
        <styleUrl>#poly-FF5252-7301-0-nodesc-highlight</styleUrl>
      </Pair>
    </StyleMap>
    <Style id="poly-FF5252-9100-0-nodesc-normal">
      <LineStyle>
        <color>ff5252ff</color>
        <width>9.1</width>
      </LineStyle>
      <PolyStyle>
        <color>005252ff</color>
        <fill>1</fill>
        <outline>1</outline>
      </PolyStyle>
      <BalloonStyle>
        <text><![CDATA[<h3>$[name]</h3>]]></text>
      </BalloonStyle>
    </Style>
    <Style id="poly-FF5252-9100-0-nodesc-highlight">
      <LineStyle>
        <color>ff5252ff</color>
        <width>13.65</width>
      </LineStyle>
      <PolyStyle>
        <color>005252ff</color>
        <fill>1</fill>
        <outline>1</outline>
      </PolyStyle>
      <BalloonStyle>
        <text><![CDATA[<h3>$[name]</h3>]]></text>
      </BalloonStyle>
    </Style>
    <StyleMap id="poly-FF5252-9100-0-nodesc">
      <Pair>
        <key>normal</key>
        <styleUrl>#poly-FF5252-9100-0-nodesc-normal</styleUrl>
      </Pair>
      <Pair>
        <key>highlight</key>
        <styleUrl>#poly-FF5252-9100-0-nodesc-highlight</styleUrl>
      </Pair>
    </StyleMap>
    <Style id="poly-FFCC80-1200-77-nodesc-normal">
      <LineStyle>
        <color>ff80ccff</color>
        <width>1.2</width>
      </LineStyle>
      <PolyStyle>
        <color>4d80ccff</color>
        <fill>1</fill>
        <outline>1</outline>
      </PolyStyle>
      <BalloonStyle>
        <text><![CDATA[<h3>$[name]</h3>]]></text>
      </BalloonStyle>
    </Style>
    <Style id="poly-FFCC80-1200-77-nodesc-highlight">
      <LineStyle>
        <color>ff80ccff</color>
        <width>1.8</width>
      </LineStyle>
      <PolyStyle>
        <color>4d80ccff</color>
        <fill>1</fill>
        <outline>1</outline>
      </PolyStyle>
      <BalloonStyle>
        <text><![CDATA[<h3>$[name]</h3>]]></text>
      </BalloonStyle>
    </Style>
    <StyleMap id="poly-FFCC80-1200-77-nodesc">
      <Pair>
        <key>normal</key>
        <styleUrl>#poly-FFCC80-1200-77-nodesc-normal</styleUrl>
      </Pair>
      <Pair>
        <key>highlight</key>
        <styleUrl>#poly-FFCC80-1200-77-nodesc-highlight</styleUrl>
      </Pair>
    </StyleMap>
    <Style id="poly-FFCC80-5601-0-nodesc-normal">
      <LineStyle>
        <color>ff80ccff</color>
        <width>5.601</width>
      </LineStyle>
      <PolyStyle>
        <color>0080ccff</color>
        <fill>1</fill>
        <outline>1</outline>
      </PolyStyle>
      <BalloonStyle>
        <text><![CDATA[<h3>$[name]</h3>]]></text>
      </BalloonStyle>
    </Style>
    <Style id="poly-FFCC80-5601-0-nodesc-highlight">
      <LineStyle>
        <color>ff80ccff</color>
        <width>8.4015</width>
      </LineStyle>
      <PolyStyle>
        <color>0080ccff</color>
        <fill>1</fill>
        <outline>1</outline>
      </PolyStyle>
      <BalloonStyle>
        <text><![CDATA[<h3>$[name]</h3>]]></text>
      </BalloonStyle>
    </Style>
    <StyleMap id="poly-FFCC80-5601-0-nodesc">
      <Pair>
        <key>normal</key>
        <styleUrl>#poly-FFCC80-5601-0-nodesc-normal</styleUrl>
      </Pair>
      <Pair>
        <key>highlight</key>
        <styleUrl>#poly-FFCC80-5601-0-nodesc-highlight</styleUrl>
      </Pair>
    </StyleMap>
    <Style id="poly-FFCC80-6701-0-nodesc-normal">
      <LineStyle>
        <color>ff80ccff</color>
        <width>6.701</width>
      </LineStyle>
      <PolyStyle>
        <color>0080ccff</color>
        <fill>1</fill>
        <outline>1</outline>
      </PolyStyle>
      <BalloonStyle>
        <text><![CDATA[<h3>$[name]</h3>]]></text>
      </BalloonStyle>
    </Style>
    <Style id="poly-FFCC80-6701-0-nodesc-highlight">
      <LineStyle>
        <color>ff80ccff</color>
        <width>10.0515</width>
      </LineStyle>
      <PolyStyle>
        <color>0080ccff</color>
        <fill>1</fill>
        <outline>1</outline>
      </PolyStyle>
      <BalloonStyle>
        <text><![CDATA[<h3>$[name]</h3>]]></text>
      </BalloonStyle>
    </Style>
    <StyleMap id="poly-FFCC80-6701-0-nodesc">
      <Pair>
        <key>normal</key>
        <styleUrl>#poly-FFCC80-6701-0-nodesc-normal</styleUrl>
      </Pair>
      <Pair>
        <key>highlight</key>
        <styleUrl>#poly-FFCC80-6701-0-nodesc-highlight</styleUrl>
      </Pair>
    </StyleMap>
    <Style id="poly-FFCC80-7601-77-nodesc-normal">
      <LineStyle>
        <color>ff80ccff</color>
        <width>7.601</width>
      </LineStyle>
      <PolyStyle>
        <color>4d80ccff</color>
        <fill>1</fill>
        <outline>1</outline>
      </PolyStyle>
      <BalloonStyle>
        <text><![CDATA[<h3>$[name]</h3>]]></text>
      </BalloonStyle>
    </Style>
    <Style id="poly-FFCC80-7601-77-nodesc-highlight">
      <LineStyle>
        <color>ff80ccff</color>
        <width>11.4015</width>
      </LineStyle>
      <PolyStyle>
        <color>4d80ccff</color>
        <fill>1</fill>
        <outline>1</outline>
      </PolyStyle>
      <BalloonStyle>
        <text><![CDATA[<h3>$[name]</h3>]]></text>
      </BalloonStyle>
    </Style>
    <StyleMap id="poly-FFCC80-7601-77-nodesc">
      <Pair>
        <key>normal</key>
        <styleUrl>#poly-FFCC80-7601-77-nodesc-normal</styleUrl>
      </Pair>
      <Pair>
        <key>highlight</key>
        <styleUrl>#poly-FFCC80-7601-77-nodesc-highlight</styleUrl>
      </Pair>
    </StyleMap>
    <Style id="poly-FFD600-1200-77-nodesc-normal">
      <LineStyle>
        <color>ff00d6ff</color>
        <width>1.2</width>
      </LineStyle>
      <PolyStyle>
        <color>4d00d6ff</color>
        <fill>1</fill>
        <outline>1</outline>
      </PolyStyle>
      <BalloonStyle>
        <text><![CDATA[<h3>$[name]</h3>]]></text>
      </BalloonStyle>
    </Style>
    <Style id="poly-FFD600-1200-77-nodesc-highlight">
      <LineStyle>
        <color>ff00d6ff</color>
        <width>1.8</width>
      </LineStyle>
      <PolyStyle>
        <color>4d00d6ff</color>
        <fill>1</fill>
        <outline>1</outline>
      </PolyStyle>
      <BalloonStyle>
        <text><![CDATA[<h3>$[name]</h3>]]></text>
      </BalloonStyle>
    </Style>
    <StyleMap id="poly-FFD600-1200-77-nodesc">
      <Pair>
        <key>normal</key>
        <styleUrl>#poly-FFD600-1200-77-nodesc-normal</styleUrl>
      </Pair>
      <Pair>
        <key>highlight</key>
        <styleUrl>#poly-FFD600-1200-77-nodesc-highlight</styleUrl>
      </Pair>
    </StyleMap>
    <Style id="poly-FFD600-5401-0-nodesc-normal">
      <LineStyle>
        <color>ff00d6ff</color>
        <width>5.401</width>
      </LineStyle>
      <PolyStyle>
        <color>0000d6ff</color>
        <fill>1</fill>
        <outline>1</outline>
      </PolyStyle>
      <BalloonStyle>
        <text><![CDATA[<h3>$[name]</h3>]]></text>
      </BalloonStyle>
    </Style>
    <Style id="poly-FFD600-5401-0-nodesc-highlight">
      <LineStyle>
        <color>ff00d6ff</color>
        <width>8.1015</width>
      </LineStyle>
      <PolyStyle>
        <color>0000d6ff</color>
        <fill>1</fill>
        <outline>1</outline>
      </PolyStyle>
      <BalloonStyle>
        <text><![CDATA[<h3>$[name]</h3>]]></text>
      </BalloonStyle>
    </Style>
    <StyleMap id="poly-FFD600-5401-0-nodesc">
      <Pair>
        <key>normal</key>
        <styleUrl>#poly-FFD600-5401-0-nodesc-normal</styleUrl>
      </Pair>
      <Pair>
        <key>highlight</key>
        <styleUrl>#poly-FFD600-5401-0-nodesc-highlight</styleUrl>
      </Pair>
    </StyleMap>
    <Style id="poly-FFD600-5601-74-nodesc-normal">
      <LineStyle>
        <color>ff00d6ff</color>
        <width>5.601</width>
      </LineStyle>
      <PolyStyle>
        <color>4a00d6ff</color>
        <fill>1</fill>
        <outline>1</outline>
      </PolyStyle>
      <BalloonStyle>
        <text><![CDATA[<h3>$[name]</h3>]]></text>
      </BalloonStyle>
    </Style>
    <Style id="poly-FFD600-5601-74-nodesc-highlight">
      <LineStyle>
        <color>ff00d6ff</color>
        <width>8.4015</width>
      </LineStyle>
      <PolyStyle>
        <color>4a00d6ff</color>
        <fill>1</fill>
        <outline>1</outline>
      </PolyStyle>
      <BalloonStyle>
        <text><![CDATA[<h3>$[name]</h3>]]></text>
      </BalloonStyle>
    </Style>
    <StyleMap id="poly-FFD600-5601-74-nodesc">
      <Pair>
        <key>normal</key>
        <styleUrl>#poly-FFD600-5601-74-nodesc-normal</styleUrl>
      </Pair>
      <Pair>
        <key>highlight</key>
        <styleUrl>#poly-FFD600-5601-74-nodesc-highlight</styleUrl>
      </Pair>
    </StyleMap>
    <Style id="poly-FFD600-5701-0-nodesc-normal">
      <LineStyle>
        <color>ff00d6ff</color>
        <width>5.701</width>
      </LineStyle>
      <PolyStyle>
        <color>0000d6ff</color>
        <fill>1</fill>
        <outline>1</outline>
      </PolyStyle>
      <BalloonStyle>
        <text><![CDATA[<h3>$[name]</h3>]]></text>
      </BalloonStyle>
    </Style>
    <Style id="poly-FFD600-5701-0-nodesc-highlight">
      <LineStyle>
        <color>ff00d6ff</color>
        <width>8.5515</width>
      </LineStyle>
      <PolyStyle>
        <color>0000d6ff</color>
        <fill>1</fill>
        <outline>1</outline>
      </PolyStyle>
      <BalloonStyle>
        <text><![CDATA[<h3>$[name]</h3>]]></text>
      </BalloonStyle>
    </Style>
    <StyleMap id="poly-FFD600-5701-0-nodesc">
      <Pair>
        <key>normal</key>
        <styleUrl>#poly-FFD600-5701-0-nodesc-normal</styleUrl>
      </Pair>
      <Pair>
        <key>highlight</key>
        <styleUrl>#poly-FFD600-5701-0-nodesc-highlight</styleUrl>
      </Pair>
    </StyleMap>
    <Style id="poly-FFD600-5801-0-nodesc-normal">
      <LineStyle>
        <color>ff00d6ff</color>
        <width>5.801</width>
      </LineStyle>
      <PolyStyle>
        <color>0000d6ff</color>
        <fill>1</fill>
        <outline>1</outline>
      </PolyStyle>
      <BalloonStyle>
        <text><![CDATA[<h3>$[name]</h3>]]></text>
      </BalloonStyle>
    </Style>
    <Style id="poly-FFD600-5801-0-nodesc-highlight">
      <LineStyle>
        <color>ff00d6ff</color>
        <width>8.7015</width>
      </LineStyle>
      <PolyStyle>
        <color>0000d6ff</color>
        <fill>1</fill>
        <outline>1</outline>
      </PolyStyle>
      <BalloonStyle>
        <text><![CDATA[<h3>$[name]</h3>]]></text>
      </BalloonStyle>
    </Style>
    <StyleMap id="poly-FFD600-5801-0-nodesc">
      <Pair>
        <key>normal</key>
        <styleUrl>#poly-FFD600-5801-0-nodesc-normal</styleUrl>
      </Pair>
      <Pair>
        <key>highlight</key>
        <styleUrl>#poly-FFD600-5801-0-nodesc-highlight</styleUrl>
      </Pair>
    </StyleMap>
    <Style id="poly-FFD600-6001-0-nodesc-normal">
      <LineStyle>
        <color>ff00d6ff</color>
        <width>6.001</width>
      </LineStyle>
      <PolyStyle>
        <color>0000d6ff</color>
        <fill>1</fill>
        <outline>1</outline>
      </PolyStyle>
      <BalloonStyle>
        <text><![CDATA[<h3>$[name]</h3>]]></text>
      </BalloonStyle>
    </Style>
    <Style id="poly-FFD600-6001-0-nodesc-highlight">
      <LineStyle>
        <color>ff00d6ff</color>
        <width>9.0015</width>
      </LineStyle>
      <PolyStyle>
        <color>0000d6ff</color>
        <fill>1</fill>
        <outline>1</outline>
      </PolyStyle>
      <BalloonStyle>
        <text><![CDATA[<h3>$[name]</h3>]]></text>
      </BalloonStyle>
    </Style>
    <StyleMap id="poly-FFD600-6001-0-nodesc">
      <Pair>
        <key>normal</key>
        <styleUrl>#poly-FFD600-6001-0-nodesc-normal</styleUrl>
      </Pair>
      <Pair>
        <key>highlight</key>
        <styleUrl>#poly-FFD600-6001-0-nodesc-highlight</styleUrl>
      </Pair>
    </StyleMap>
    <Style id="poly-FFD600-6201-0-nodesc-normal">
      <LineStyle>
        <color>ff00d6ff</color>
        <width>6.201</width>
      </LineStyle>
      <PolyStyle>
        <color>0000d6ff</color>
        <fill>1</fill>
        <outline>1</outline>
      </PolyStyle>
      <BalloonStyle>
        <text><![CDATA[<h3>$[name]</h3>]]></text>
      </BalloonStyle>
    </Style>
    <Style id="poly-FFD600-6201-0-nodesc-highlight">
      <LineStyle>
        <color>ff00d6ff</color>
        <width>9.3015</width>
      </LineStyle>
      <PolyStyle>
        <color>0000d6ff</color>
        <fill>1</fill>
        <outline>1</outline>
      </PolyStyle>
      <BalloonStyle>
        <text><![CDATA[<h3>$[name]</h3>]]></text>
      </BalloonStyle>
    </Style>
    <StyleMap id="poly-FFD600-6201-0-nodesc">
      <Pair>
        <key>normal</key>
        <styleUrl>#poly-FFD600-6201-0-nodesc-normal</styleUrl>
      </Pair>
      <Pair>
        <key>highlight</key>
        <styleUrl>#poly-FFD600-6201-0-nodesc-highlight</styleUrl>
      </Pair>
    </StyleMap>
    <Style id="poly-FFD600-6701-0-nodesc-normal">
      <LineStyle>
        <color>ff00d6ff</color>
        <width>6.701</width>
      </LineStyle>
      <PolyStyle>
        <color>0000d6ff</color>
        <fill>1</fill>
        <outline>1</outline>
      </PolyStyle>
      <BalloonStyle>
        <text><![CDATA[<h3>$[name]</h3>]]></text>
      </BalloonStyle>
    </Style>
    <Style id="poly-FFD600-6701-0-nodesc-highlight">
      <LineStyle>
        <color>ff00d6ff</color>
        <width>10.0515</width>
      </LineStyle>
      <PolyStyle>
        <color>0000d6ff</color>
        <fill>1</fill>
        <outline>1</outline>
      </PolyStyle>
      <BalloonStyle>
        <text><![CDATA[<h3>$[name]</h3>]]></text>
      </BalloonStyle>
    </Style>
    <StyleMap id="poly-FFD600-6701-0-nodesc">
      <Pair>
        <key>normal</key>
        <styleUrl>#poly-FFD600-6701-0-nodesc-normal</styleUrl>
      </Pair>
      <Pair>
        <key>highlight</key>
        <styleUrl>#poly-FFD600-6701-0-nodesc-highlight</styleUrl>
      </Pair>
    </StyleMap>
    <Style id="poly-FFD600-7301-77-nodesc-normal">
      <LineStyle>
        <color>ff00d6ff</color>
        <width>7.301</width>
      </LineStyle>
      <PolyStyle>
        <color>4d00d6ff</color>
        <fill>1</fill>
        <outline>1</outline>
      </PolyStyle>
      <BalloonStyle>
        <text><![CDATA[<h3>$[name]</h3>]]></text>
      </BalloonStyle>
    </Style>
    <Style id="poly-FFD600-7301-77-nodesc-highlight">
      <LineStyle>
        <color>ff00d6ff</color>
        <width>10.9515</width>
      </LineStyle>
      <PolyStyle>
        <color>4d00d6ff</color>
        <fill>1</fill>
        <outline>1</outline>
      </PolyStyle>
      <BalloonStyle>
        <text><![CDATA[<h3>$[name]</h3>]]></text>
      </BalloonStyle>
    </Style>
    <StyleMap id="poly-FFD600-7301-77-nodesc">
      <Pair>
        <key>normal</key>
        <styleUrl>#poly-FFD600-7301-77-nodesc-normal</styleUrl>
      </Pair>
      <Pair>
        <key>highlight</key>
        <styleUrl>#poly-FFD600-7301-77-nodesc-highlight</styleUrl>
      </Pair>
    </StyleMap>
    <Style id="poly-FFD600-7501-77-nodesc-normal">
      <LineStyle>
        <color>ff00d6ff</color>
        <width>7.501</width>
      </LineStyle>
      <PolyStyle>
        <color>4d00d6ff</color>
        <fill>1</fill>
        <outline>1</outline>
      </PolyStyle>
      <BalloonStyle>
        <text><![CDATA[<h3>$[name]</h3>]]></text>
      </BalloonStyle>
    </Style>
    <Style id="poly-FFD600-7501-77-nodesc-highlight">
      <LineStyle>
        <color>ff00d6ff</color>
        <width>11.2515</width>
      </LineStyle>
      <PolyStyle>
        <color>4d00d6ff</color>
        <fill>1</fill>
        <outline>1</outline>
      </PolyStyle>
      <BalloonStyle>
        <text><![CDATA[<h3>$[name]</h3>]]></text>
      </BalloonStyle>
    </Style>
    <StyleMap id="poly-FFD600-7501-77-nodesc">
      <Pair>
        <key>normal</key>
        <styleUrl>#poly-FFD600-7501-77-nodesc-normal</styleUrl>
      </Pair>
      <Pair>
        <key>highlight</key>
        <styleUrl>#poly-FFD600-7501-77-nodesc-highlight</styleUrl>
      </Pair>
    </StyleMap>
    <Style id="poly-FFEA00-1200-77-nodesc-normal">
      <LineStyle>
        <color>ff00eaff</color>
        <width>1.2</width>
      </LineStyle>
      <PolyStyle>
        <color>4d00eaff</color>
        <fill>1</fill>
        <outline>1</outline>
      </PolyStyle>
      <BalloonStyle>
        <text><![CDATA[<h3>$[name]</h3>]]></text>
      </BalloonStyle>
    </Style>
    <Style id="poly-FFEA00-1200-77-nodesc-highlight">
      <LineStyle>
        <color>ff00eaff</color>
        <width>1.8</width>
      </LineStyle>
      <PolyStyle>
        <color>4d00eaff</color>
        <fill>1</fill>
        <outline>1</outline>
      </PolyStyle>
      <BalloonStyle>
        <text><![CDATA[<h3>$[name]</h3>]]></text>
      </BalloonStyle>
    </Style>
    <StyleMap id="poly-FFEA00-1200-77-nodesc">
      <Pair>
        <key>normal</key>
        <styleUrl>#poly-FFEA00-1200-77-nodesc-normal</styleUrl>
      </Pair>
      <Pair>
        <key>highlight</key>
        <styleUrl>#poly-FFEA00-1200-77-nodesc-highlight</styleUrl>
      </Pair>
    </StyleMap>
    <Style id="poly-FFEA00-5601-0-nodesc-normal">
      <LineStyle>
        <color>ff00eaff</color>
        <width>5.601</width>
      </LineStyle>
      <PolyStyle>
        <color>0000eaff</color>
        <fill>1</fill>
        <outline>1</outline>
      </PolyStyle>
      <BalloonStyle>
        <text><![CDATA[<h3>$[name]</h3>]]></text>
      </BalloonStyle>
    </Style>
    <Style id="poly-FFEA00-5601-0-nodesc-highlight">
      <LineStyle>
        <color>ff00eaff</color>
        <width>8.4015</width>
      </LineStyle>
      <PolyStyle>
        <color>0000eaff</color>
        <fill>1</fill>
        <outline>1</outline>
      </PolyStyle>
      <BalloonStyle>
        <text><![CDATA[<h3>$[name]</h3>]]></text>
      </BalloonStyle>
    </Style>
    <StyleMap id="poly-FFEA00-5601-0-nodesc">
      <Pair>
        <key>normal</key>
        <styleUrl>#poly-FFEA00-5601-0-nodesc-normal</styleUrl>
      </Pair>
      <Pair>
        <key>highlight</key>
        <styleUrl>#poly-FFEA00-5601-0-nodesc-highlight</styleUrl>
      </Pair>
    </StyleMap>
    <Style id="poly-FFEA00-6801-0-nodesc-normal">
      <LineStyle>
        <color>ff00eaff</color>
        <width>6.801</width>
      </LineStyle>
      <PolyStyle>
        <color>0000eaff</color>
        <fill>1</fill>
        <outline>1</outline>
      </PolyStyle>
      <BalloonStyle>
        <text><![CDATA[<h3>$[name]</h3>]]></text>
      </BalloonStyle>
    </Style>
    <Style id="poly-FFEA00-6801-0-nodesc-highlight">
      <LineStyle>
        <color>ff00eaff</color>
        <width>10.2015</width>
      </LineStyle>
      <PolyStyle>
        <color>0000eaff</color>
        <fill>1</fill>
        <outline>1</outline>
      </PolyStyle>
      <BalloonStyle>
        <text><![CDATA[<h3>$[name]</h3>]]></text>
      </BalloonStyle>
    </Style>
    <StyleMap id="poly-FFEA00-6801-0-nodesc">
      <Pair>
        <key>normal</key>
        <styleUrl>#poly-FFEA00-6801-0-nodesc-normal</styleUrl>
      </Pair>
      <Pair>
        <key>highlight</key>
        <styleUrl>#poly-FFEA00-6801-0-nodesc-highlight</styleUrl>
      </Pair>
    </StyleMap>
    <Style id="poly-FFEA00-8400-48-nodesc-normal">
      <LineStyle>
        <color>ff00eaff</color>
        <width>8.4</width>
      </LineStyle>
      <PolyStyle>
        <color>3000eaff</color>
        <fill>1</fill>
        <outline>1</outline>
      </PolyStyle>
      <BalloonStyle>
        <text><![CDATA[<h3>$[name]</h3>]]></text>
      </BalloonStyle>
    </Style>
    <Style id="poly-FFEA00-8400-48-nodesc-highlight">
      <LineStyle>
        <color>ff00eaff</color>
        <width>12.6</width>
      </LineStyle>
      <PolyStyle>
        <color>3000eaff</color>
        <fill>1</fill>
        <outline>1</outline>
      </PolyStyle>
      <BalloonStyle>
        <text><![CDATA[<h3>$[name]</h3>]]></text>
      </BalloonStyle>
    </Style>
    <StyleMap id="poly-FFEA00-8400-48-nodesc">
      <Pair>
        <key>normal</key>
        <styleUrl>#poly-FFEA00-8400-48-nodesc-normal</styleUrl>
      </Pair>
      <Pair>
        <key>highlight</key>
        <styleUrl>#poly-FFEA00-8400-48-nodesc-highlight</styleUrl>
      </Pair>
    </StyleMap>
    <Style id="poly-FFEA00-8500-38-nodesc-normal">
      <LineStyle>
        <color>ff00eaff</color>
        <width>8.5</width>
      </LineStyle>
      <PolyStyle>
        <color>2600eaff</color>
        <fill>1</fill>
        <outline>1</outline>
      </PolyStyle>
      <BalloonStyle>
        <text><![CDATA[<h3>$[name]</h3>]]></text>
      </BalloonStyle>
    </Style>
    <Style id="poly-FFEA00-8500-38-nodesc-highlight">
      <LineStyle>
        <color>ff00eaff</color>
        <width>12.75</width>
      </LineStyle>
      <PolyStyle>
        <color>2600eaff</color>
        <fill>1</fill>
        <outline>1</outline>
      </PolyStyle>
      <BalloonStyle>
        <text><![CDATA[<h3>$[name]</h3>]]></text>
      </BalloonStyle>
    </Style>
    <StyleMap id="poly-FFEA00-8500-38-nodesc">
      <Pair>
        <key>normal</key>
        <styleUrl>#poly-FFEA00-8500-38-nodesc-normal</styleUrl>
      </Pair>
      <Pair>
        <key>highlight</key>
        <styleUrl>#poly-FFEA00-8500-38-nodesc-highlight</styleUrl>
      </Pair>
    </StyleMap>
    <Style id="poly-FFFF8D-5601-0-nodesc-normal">
      <LineStyle>
        <color>ff8dffff</color>
        <width>5.601</width>
      </LineStyle>
      <PolyStyle>
        <color>008dffff</color>
        <fill>1</fill>
        <outline>1</outline>
      </PolyStyle>
      <BalloonStyle>
        <text><![CDATA[<h3>$[name]</h3>]]></text>
      </BalloonStyle>
    </Style>
    <Style id="poly-FFFF8D-5601-0-nodesc-highlight">
      <LineStyle>
        <color>ff8dffff</color>
        <width>8.4015</width>
      </LineStyle>
      <PolyStyle>
        <color>008dffff</color>
        <fill>1</fill>
        <outline>1</outline>
      </PolyStyle>
      <BalloonStyle>
        <text><![CDATA[<h3>$[name]</h3>]]></text>
      </BalloonStyle>
    </Style>
    <StyleMap id="poly-FFFF8D-5601-0-nodesc">
      <Pair>
        <key>normal</key>
        <styleUrl>#poly-FFFF8D-5601-0-nodesc-normal</styleUrl>
      </Pair>
      <Pair>
        <key>highlight</key>
        <styleUrl>#poly-FFFF8D-5601-0-nodesc-highlight</styleUrl>
      </Pair>
    </StyleMap>
    <Style id="poly-FFFF8D-6201-0-nodesc-normal">
      <LineStyle>
        <color>ff8dffff</color>
        <width>6.201</width>
      </LineStyle>
      <PolyStyle>
        <color>008dffff</color>
        <fill>1</fill>
        <outline>1</outline>
      </PolyStyle>
      <BalloonStyle>
        <text><![CDATA[<h3>$[name]</h3>]]></text>
      </BalloonStyle>
    </Style>
    <Style id="poly-FFFF8D-6201-0-nodesc-highlight">
      <LineStyle>
        <color>ff8dffff</color>
        <width>9.3015</width>
      </LineStyle>
      <PolyStyle>
        <color>008dffff</color>
        <fill>1</fill>
        <outline>1</outline>
      </PolyStyle>
      <BalloonStyle>
        <text><![CDATA[<h3>$[name]</h3>]]></text>
      </BalloonStyle>
    </Style>
    <StyleMap id="poly-FFFF8D-6201-0-nodesc">
      <Pair>
        <key>normal</key>
        <styleUrl>#poly-FFFF8D-6201-0-nodesc-normal</styleUrl>
      </Pair>
      <Pair>
        <key>highlight</key>
        <styleUrl>#poly-FFFF8D-6201-0-nodesc-highlight</styleUrl>
      </Pair>
    </StyleMap>
    <Style id="poly-FFFF8D-6801-0-nodesc-normal">
      <LineStyle>
        <color>ff8dffff</color>
        <width>6.801</width>
      </LineStyle>
      <PolyStyle>
        <color>008dffff</color>
        <fill>1</fill>
        <outline>1</outline>
      </PolyStyle>
      <BalloonStyle>
        <text><![CDATA[<h3>$[name]</h3>]]></text>
      </BalloonStyle>
    </Style>
    <Style id="poly-FFFF8D-6801-0-nodesc-highlight">
      <LineStyle>
        <color>ff8dffff</color>
        <width>10.2015</width>
      </LineStyle>
      <PolyStyle>
        <color>008dffff</color>
        <fill>1</fill>
        <outline>1</outline>
      </PolyStyle>
      <BalloonStyle>
        <text><![CDATA[<h3>$[name]</h3>]]></text>
      </BalloonStyle>
    </Style>
    <StyleMap id="poly-FFFF8D-6801-0-nodesc">
      <Pair>
        <key>normal</key>
        <styleUrl>#poly-FFFF8D-6801-0-nodesc-normal</styleUrl>
      </Pair>
      <Pair>
        <key>highlight</key>
        <styleUrl>#poly-FFFF8D-6801-0-nodesc-highlight</styleUrl>
      </Pair>
    </StyleMap>
    <Folder>
      <name>Lớp không có tiêu đề</name>
      <Placemark>
        <name>Quạn Nam 1</name>
        <styleUrl>#poly-F48FB1-12500-0-nodesc</styleUrl>
        <MultiGeometry>
          <Polygon>
            <outerBoundaryIs>
              <LinearRing>
                <tessellate>1</tessellate>
                <coordinates>
                  108.0945198,16.0975688,0
                  108.0945043,16.0975631,0
                  108.0945095,16.0975636,0
                  108.0945198,16.0975688,0
                </coordinates>
              </LinearRing>
            </outerBoundaryIs>
          </Polygon>
          <Polygon>
            <outerBoundaryIs>
              <LinearRing>
                <tessellate>1</tessellate>
                <coordinates>
                  108.0944977,16.0975626,0
                  108.0945026,16.097563,0
                  108.0945271,16.0975724,0
                  108.0946763,16.097647,0
                  108.0944977,16.0975626,0
                </coordinates>
              </LinearRing>
            </outerBoundaryIs>
          </Polygon>
          <Polygon>
            <outerBoundaryIs>
              <LinearRing>
                <tessellate>1</tessellate>
                <coordinates>
                  108.0945911,16.097597,0
                  108.0945271,16.0975724,0
                  108.0945198,16.0975688,0
                  108.0945774,16.0975896,0
                  108.0945911,16.097597,0
                </coordinates>
              </LinearRing>
            </outerBoundaryIs>
          </Polygon>
          <Polygon>
            <outerBoundaryIs>
              <LinearRing>
                <tessellate>1</tessellate>
                <coordinates>
                  108.0944977,16.0975626,0
                  108.0944384,16.0975573,0
                  108.094264,16.0975547,0
                  108.0939019,16.0975625,0
                  108.0938,16.0980624,0
                  108.0935962,16.0981294,0
                  108.0936364,16.0986474,0
                  108.0936364,16.0990082,0
                  108.0936364,16.0994979,0
                  108.0933145,16.1000081,0
                  108.0953596,16.1007453,0
                  108.0948875,16.101673,0
                  108.0928276,16.1021265,0
                  108.0906389,16.1018379,0
                  108.0882365,16.1030802,0
                  108.0872351,16.1029024,0
                  108.082071,16.1029719,0
                  108.0795952,16.1026912,0
                  108.0628893,16.1055723,0
                  108.0574276,16.1084801,0
                  108.051279,16.1111404,0
                  108.040054,16.1161061,0
                  108.038957,16.1098572,0
                  108.0367925,16.0993046,0
                  108.0366913,16.0958313,0
                  108.0392233,16.0955014,0
                  108.0430272,16.0948115,0
                  108.0460588,16.0958224,0
                  108.0494926,16.0971166,0
                  108.0523669,16.0984013,0
                  108.054179,16.0966864,0
                  108.0555718,16.0954418,0
                  108.0562458,16.0950478,0
                  108.0568617,16.095026,0
                  108.057749,16.0951078,0
                  108.0587229,16.0953213,0
                  108.0589371,16.0951627,0
                  108.0592373,16.0951144,0
                  108.0595054,16.0948221,0
                  108.0597683,16.0946709,0
                  108.0599211,16.0945231,0
                  108.0603962,16.0940369,0
                  108.0611931,16.0939012,0
                  108.0625939,16.0935266,0
                  108.0634213,16.0935919,0
                  108.0639454,16.0934938,0
                  108.0648402,16.093329,0
                  108.0659459,16.0932182,0
                  108.0665582,16.0932517,0
                  108.0670048,16.0931897,0
                  108.0679529,16.093138,0
                  108.0688258,16.0927152,0
                  108.0697666,16.0916701,0
                  108.0711044,16.0909858,0
                  108.0719453,16.0906687,0
                  108.0730151,16.0887068,0
                  108.0733554,16.0864768,0
                  108.0736926,16.0836664,0
                  108.0835998,16.08467,0
                  108.0836397,16.0873572,0
                  108.0847326,16.0879792,0
                  108.0852146,16.0897128,0
                  108.086035,16.0910744,0
                  108.0869602,16.0912295,0
                  108.0878103,16.0912505,0
                  108.0880918,16.0912992,0
                  108.0887315,16.0911807,0
                  108.090604,16.090742,0
                  108.0908143,16.0895702,0
                  108.0916231,16.089565,0
                  108.0922372,16.0895302,0
                  108.0926852,16.0895598,0
                  108.0928882,16.0895179,0
                  108.0930901,16.089596,0
                  108.0934416,16.0897196,0
                  108.0945986,16.0899216,0
                  108.0951929,16.0899786,0
                  108.0957442,16.0900974,0
                  108.0963036,16.0901645,0
                  108.0967987,16.0902936,0
                  108.097319,16.0903323,0
                  108.0978495,16.0903019,0
                  108.0981828,16.0899638,0
                  108.098284,16.089789,0
                  108.0986359,16.0895295,0
                  108.0989949,16.0892581,0
                  108.0996847,16.0895617,0
                  108.1013397,16.0906739,0
                  108.1014846,16.0907976,0
                  108.1015811,16.0909574,0
                  108.1015865,16.0911172,0
                  108.1014095,16.0916429,0
                  108.101034,16.0926222,0
                  108.1000898,16.0945911,0
                  108.099886,16.0951168,0
                  108.0998001,16.0953539,0
                  108.0995534,16.0955704,0
                  108.0993817,16.0956838,0
                  108.0991457,16.0957972,0
                  108.0988453,16.0956013,0
                  108.0986843,16.0953436,0
                  108.0985556,16.0949107,0
                  108.0985019,16.0945705,0
                  108.0985127,16.0940757,0
                  108.096045,16.0937458,0
                  108.0960034,16.094327,0
                  108.0962368,16.094354,0
                  108.0962059,16.0951296,0
                  108.0962555,16.0957597,0
                  108.0963253,16.0962727,0
                  108.0964702,16.0968138,0
                  108.0960799,16.0969323,0
                  108.096387,16.0977274,0
                  108.0959028,16.0979516,0
                  108.0956145,16.0980328,0
                  108.0953691,16.0980546,0
                  108.0952726,16.0980392,0
                  108.0950794,16.0978485,0
                  108.0947898,16.0977038,0
                  108.0946771,16.0976475,0
                  108.0946763,16.097647,0
                  108.0945911,16.097597,0
                  108.0945806,16.0975908,0
                  108.0945774,16.0975896,0
                  108.0945269,16.0975625,0
                  108.0944813,16.0975548,0
                  108.0944977,16.0975626,0
                </coordinates>
              </LinearRing>
            </outerBoundaryIs>
          </Polygon>
        </MultiGeometry>
      </Placemark>
      <Placemark>
        <name>Quan Nam 3</name>
        <styleUrl>#poly-E65100-7501-0-nodesc</styleUrl>
        <Polygon>
          <outerBoundaryIs>
            <LinearRing>
              <tessellate>1</tessellate>
              <coordinates>
                108.0933212,16.1003522,0
                108.0936914,16.0999089,0
                108.0936713,16.0984761,0
                108.0938751,16.0984091,0
                108.093965,16.0978864,0
                108.0943513,16.097858,0
                108.0945578,16.0978643,0
                108.0948609,16.0980225,0
                108.0951317,16.0981668,0
                108.0952873,16.0983086,0
                108.0954496,16.098382,0
                108.0956213,16.098373,0
                108.0957567,16.098358,0
                108.0964621,16.0980741,0
                108.096155,16.097279,0
                108.0965453,16.0971605,0
                108.0963709,16.0965923,0
                108.0962892,16.0959253,0
                108.0962529,16.0954777,0
                108.0962824,16.0950808,0
                108.0963026,16.094693,0
                108.0973285,16.0949022,0
                108.0976826,16.0949949,0
                108.0978435,16.0952423,0
                108.0978971,16.0955825,0
                108.0979293,16.0960773,0
                108.0980044,16.0964175,0
                108.0981546,16.0968607,0
                108.0985516,16.097438,0
                108.0989486,16.0977988,0
                108.0994421,16.098242,0
                108.0997854,16.098541,0
                108.1007832,16.0996955,0
                108.1012602,16.1004958,0
                108.1013246,16.100671,0
                108.0999137,16.1017689,0
                108.0995522,16.1020533,0
                108.0991874,16.1024966,0
                108.0983732,16.1033796,0
                108.0979709,16.1036502,0
                108.0975686,16.1037147,0
                108.096662,16.1038075,0
                108.0961944,16.1043276,0
                108.0955185,16.1044565,0
                108.0950518,16.1044049,0
                108.0946977,16.1043431,0
                108.0929006,16.1045956,0
                108.0927482,16.1057469,0
                108.0913351,16.1057151,0
                108.0896828,16.1061275,0
                108.0884502,16.1066844,0
                108.087077,16.1073853,0
                108.0861972,16.1076121,0
                108.0849956,16.1078491,0
                108.0834473,16.1091092,0
                108.0821599,16.1095112,0
                108.0790378,16.1094082,0
                108.0766452,16.1092499,0
                108.0751431,16.1093736,0
                108.0742204,16.1096004,0
                108.072815,16.1099405,0
                108.0715597,16.1102497,0
                108.0706156,16.1099921,0
                108.0698323,16.1101157,0
                108.0687702,16.1106002,0
                108.0675042,16.1113423,0
                108.0664098,16.111734,0
                108.0657768,16.112136,0
                108.0645216,16.112806,0
                108.0637706,16.1134347,0
                108.0649284,16.1119796,0
                108.0693808,16.1097585,0
                108.0734202,16.1084958,0
                108.0760595,16.1074547,0
                108.0778593,16.1066791,0
                108.0796188,16.1059498,0
                108.0800077,16.1058519,0
                108.0804449,16.1058081,0
                108.0810055,16.1058544,0
                108.081668,16.1059524,0
                108.0827784,16.1061869,0
                108.0837118,16.1062796,0
                108.0843502,16.106241,0
                108.0850529,16.1061482,0
                108.0858185,16.1059704,0
                108.0872347,16.1051251,0
                108.088329,16.1037954,0
                108.0906456,16.102182,0
                108.0928343,16.1024706,0
                108.0948942,16.1020171,0
                108.0953663,16.1010894,0
                108.0933212,16.1003522,0
              </coordinates>
            </LinearRing>
          </outerBoundaryIs>
        </Polygon>
      </Placemark>
      <Placemark>
        <name>Quan Nam 4</name>
        <styleUrl>#poly-880E4F-12400-0-nodesc</styleUrl>
        <Polygon>
          <outerBoundaryIs>
            <LinearRing>
              <tessellate>1</tessellate>
              <coordinates>
                108.0969162,16.090258,0
                108.0943786,16.0898109,0
                108.0940796,16.0897568,0
                108.0926414,16.089554,0
                108.092311,16.0895484,0
                108.0907499,16.0896063,0
                108.0904323,16.0909637,0
                108.0883132,16.0913056,0
                108.0865793,16.0912615,0
                108.0860441,16.0904192,0
                108.085471,16.089221,0
                108.0853055,16.0880435,0
                108.0877714,16.0880327,0
                108.0893804,16.0875858,0
                108.0899868,16.086703,0
                108.0903197,16.0862233,0
                108.090494,16.085914,0
                108.0906765,16.0856383,0
                108.0907972,16.0854115,0
                108.0909124,16.0852439,0
                108.0914891,16.0856176,0
                108.0919915,16.0854737,0
                108.092267,16.0852208,0
                108.0925138,16.0850713,0
                108.0926639,16.0848445,0
                108.092766,16.0846899,0
                108.0928571,16.0845919,0
                108.092951,16.0842904,0
                108.0928946,16.0841228,0
                108.0930233,16.0840302,0
                108.0931736,16.08369,0
                108.0934525,16.0834528,0
                108.0936778,16.0831848,0
                108.093828,16.0830818,0
                108.0938144,16.0829276,0
                108.093986,16.082608,0
                108.0945976,16.0828245,0
                108.0950267,16.0829895,0
                108.0954988,16.0829276,0
                108.0956124,16.0831048,0
                108.0958761,16.0831995,0
                108.0960889,16.0836183,0
                108.0967541,16.0838657,0
                108.0972747,16.0840113,0
                108.0976217,16.0838757,0
                108.0977357,16.0837765,0
                108.0977867,16.0839479,0
                108.0984693,16.0836979,0
                108.0985461,16.0839959,0
                108.098935,16.0838129,0
                108.0989511,16.0835345,0
                108.099168,16.0835239,0
                108.0993692,16.0836966,0
                108.0993625,16.0842481,0
                108.0993478,16.0842868,0
                108.0992867,16.084289,0
                108.0984981,16.0843508,0
                108.0985357,16.084691,0
                108.098761,16.0847787,0
                108.0988253,16.0850725,0
                108.0989112,16.0852786,0
                108.0989058,16.0856549,0
                108.0988522,16.0862734,0
                108.098761,16.0866239,0
                108.0988661,16.0868871,0
                108.0994669,16.0873407,0
                108.0992845,16.0881963,0
                108.098952,16.0893818,0
                108.0982411,16.0899127,0
                108.0978066,16.0904256,0
                108.0969162,16.090258,0
              </coordinates>
            </LinearRing>
          </outerBoundaryIs>
        </Polygon>
      </Placemark>
      <Placemark>
        <name>Quan Nam 6</name>
        <styleUrl>#poly-B2EBF2-11000-0-nodesc</styleUrl>
        <Polygon>
          <outerBoundaryIs>
            <LinearRing>
              <tessellate>1</tessellate>
              <coordinates>
                108.0927026,16.1055987,0
                108.092855,16.1044474,0
                108.0946521,16.1041949,0
                108.0956326,16.1042977,0
                108.0963568,16.1039627,0
                108.0966164,16.1036593,0
                108.0978964,16.1035452,0
                108.0981244,16.1033803,0
                108.0983953,16.1031741,0
                108.0986152,16.1028546,0
                108.10001,16.1015146,0
                108.1004391,16.1018238,0
                108.1008897,16.1037823,0
                108.1011687,16.1045657,0
                108.1019197,16.1053697,0
                108.1021557,16.105514,0
                108.0989156,16.1064417,0
                108.0970273,16.1060706,0
                108.096169,16.1055346,0
                108.0952464,16.1049574,0
                108.0927026,16.1055987,0
              </coordinates>
            </LinearRing>
          </outerBoundaryIs>
        </Polygon>
      </Placemark>
      <Placemark>
        <name>Vân Dương 1</name>
        <styleUrl>#poly-87CEAC-10900-0-nodesc</styleUrl>
        <Polygon>
          <outerBoundaryIs>
            <LinearRing>
              <tessellate>1</tessellate>
              <coordinates>
                108.105498,16.0885476,0
                108.1156482,16.0805028,0
                108.1196451,16.0849985,0
                108.1101807,16.0931122,0
                108.1068749,16.0894881,0
                108.1053914,16.0904159,0
                108.1035431,16.090354,0
                108.1015047,16.0902819,0
                108.1006463,16.0900448,0
                108.0999356,16.0894855,0
                108.0991846,16.0886196,0
                108.099249,16.0883826,0
                108.0994937,16.0874283,0
                108.0999275,16.0866017,0
                108.1001742,16.0860244,0
                108.1003912,16.0856279,0
                108.1018664,16.0843801,0
                108.105498,16.0885476,0
              </coordinates>
            </LinearRing>
          </outerBoundaryIs>
        </Polygon>
      </Placemark>
      <Placemark>
        <name>Hiền Phước</name>
        <styleUrl>#poly-FFD600-5401-0-nodesc</styleUrl>
        <MultiGeometry>
          <Polygon>
            <outerBoundaryIs>
              <LinearRing>
                <tessellate>1</tessellate>
                <coordinates>
                  108.0946251,16.0741148,0
                  108.0946776,16.0741434,0
                  108.0946482,16.0741331,0
                  108.0946251,16.0741148,0
                </coordinates>
              </LinearRing>
            </outerBoundaryIs>
          </Polygon>
          <Polygon>
            <outerBoundaryIs>
              <LinearRing>
                <tessellate>1</tessellate>
                <coordinates>
                  108.0946251,16.0741148,0
                  108.094601,16.074138,0
                  108.0949201,16.0743932,0
                  108.0951562,16.0747746,0
                  108.0953471,16.0751104,0
                  108.0957655,16.0760383,0
                  108.0959265,16.0768733,0
                  108.0958393,16.0777672,0
                  108.0957105,16.0780352,0
                  108.0952713,16.0778795,0
                  108.0950943,16.0781681,0
                  108.0951211,16.0785186,0
                  108.0949387,16.0787248,0
                  108.0949709,16.0790135,0
                  108.0956695,16.0792899,0
                  108.0953598,16.0794871,0
                  108.0951648,16.079479,0
                  108.0938903,16.0799292,0
                  108.093499,16.0799804,0
                  108.092931,16.0797131,0
                  108.0928256,16.079625,0
                  108.0926209,16.0794267,0
                  108.0923644,16.079072,0
                  108.0918204,16.0791481,0
                  108.0882013,16.0774704,0
                  108.0868297,16.0773164,0
                  108.0851085,16.0765897,0
                  108.0805595,16.0748577,0
                  108.0823619,16.0719917,0
                  108.0885791,16.0745279,0
                  108.0905728,16.0721059,0
                  108.091237,16.0717146,0
                  108.0918476,16.072148,0
                  108.0928562,16.0723952,0
                  108.0934865,16.0724185,0
                  108.0939773,16.0722458,0
                  108.0939997,16.0726103,0
                  108.0942151,16.0728253,0
                  108.0944059,16.0732747,0
                  108.0944864,16.0735273,0
                  108.0945372,16.0737875,0
                  108.0948182,16.0733846,0
                  108.0951742,16.0730538,0
                  108.0952817,16.07299,0
                  108.0955175,16.0731737,0
                  108.0953941,16.0733013,0
                  108.0955543,16.0734634,0
                  108.0959732,16.0734941,0
                  108.0959702,16.0738362,0
                  108.0955287,16.0738355,0
                  108.0955253,16.0741125,0
                  108.0947104,16.0740761,0
                  108.0946251,16.0741148,0
                </coordinates>
              </LinearRing>
            </outerBoundaryIs>
          </Polygon>
        </MultiGeometry>
      </Placemark>
      <Placemark>
        <name>Hưởng Phước</name>
        <styleUrl>#poly-9FA8DA-9800-0-nodesc</styleUrl>
        <Polygon>
          <outerBoundaryIs>
            <LinearRing>
              <tessellate>1</tessellate>
              <coordinates>
                108.0948955,16.0745055,0
                108.0945764,16.0741859,0
                108.0947384,16.0743386,0
                108.0948955,16.0745055,0
              </coordinates>
            </LinearRing>
          </outerBoundaryIs>
        </Polygon>
      </Placemark>
      <Placemark>
        <name>Tân NInh</name>
        <styleUrl>#poly-0288D1-6001-0-nodesc</styleUrl>
        <Polygon>
          <outerBoundaryIs>
            <LinearRing>
              <tessellate>1</tessellate>
              <coordinates>
                108.0970642,16.0838142,0
                108.0958676,16.0834109,0
                108.0956548,16.0829921,0
                108.0953911,16.0828974,0
                108.0952775,16.0827202,0
                108.0948054,16.0827821,0
                108.0945984,16.0826997,0
                108.0937773,16.0824162,0
                108.0935931,16.0827202,0
                108.0936201,16.0829104,0
                108.09347,16.0830134,0
                108.0933079,16.0831894,0
                108.0930381,16.0834464,0
                108.0928504,16.0836938,0
                108.0928154,16.0838588,0
                108.0926867,16.0839515,0
                108.0927232,16.0841327,0
                108.0926795,16.0843024,0
                108.0926279,16.084418,0
                108.0922335,16.0849051,0
                108.0920633,16.085009,0
                108.0917836,16.0853024,0
                108.0912682,16.0854078,0
                108.0907099,16.08507,0
                108.090152,16.0860494,0
                108.0891939,16.0874351,0
                108.0875358,16.0878593,0
                108.0850949,16.0878387,0
                108.0838182,16.0873129,0
                108.0839147,16.0845914,0
                108.0817045,16.0843956,0
                108.0738253,16.0837146,0
                108.0728264,16.0888687,0
                108.0716988,16.0907653,0
                108.07003,16.0913785,0
                108.0690048,16.0928989,0
                108.0678294,16.0934297,0
                108.0659674,16.0935481,0
                108.0624693,16.0938939,0
                108.0604177,16.0943668,0
                108.0595269,16.095152,0
                108.058585,16.0955592,0
                108.0558007,16.0954395,0
                108.0543468,16.0966392,0
                108.0522544,16.0986675,0
                108.0474688,16.0964978,0
                108.0430124,16.0951041,0
                108.0366765,16.0961239,0
                108.0365784,16.0947407,0
                108.0369309,16.0936049,0
                108.0379057,16.0926546,0
                108.0409841,16.0906848,0
                108.0420512,16.0897411,0
                108.042834,16.0887922,0
                108.0432241,16.0884,0
                108.0443659,16.0882503,0
                108.0448765,16.0880607,0
                108.0458144,16.0871271,0
                108.0460017,16.0868175,0
                108.0461289,16.0866485,0
                108.0461908,16.0864729,0
                108.0464285,16.0863784,0
                108.0467508,16.0864486,0
                108.047069,16.0864195,0
                108.0474091,16.0862234,0
                108.0473732,16.0857875,0
                108.0469655,16.0850174,0
                108.0468099,16.0839843,0
                108.0469387,16.0833151,0
                108.0486687,16.0821769,0
                108.0500876,16.0810798,0
                108.0507537,16.0804025,0
                108.050722,16.0798215,0
                108.0508188,16.0794795,0
                108.0507653,16.079257,0
                108.0509585,16.0791633,0
                108.0512139,16.0788091,0
                108.0511366,16.0782797,0
                108.0508854,16.0779374,0
                108.0505109,16.0779559,0
                108.0501305,16.0779651,0
                108.0499295,16.0776708,0
                108.0489132,16.0782631,0
                108.0481632,16.0785084,0
                108.0474663,16.0784867,0
                108.0472144,16.0784965,0
                108.0469801,16.0784944,0
                108.0467029,16.0785387,0
                108.0465884,16.0786736,0
                108.0465953,16.07883,0
                108.0467058,16.0789677,0
                108.0468623,16.0791709,0
                108.0469716,16.0794432,0
                108.0470506,16.0798642,0
                108.0469392,16.0802156,0
                108.046801,16.0803196,0
                108.0467578,16.0802303,0
                108.0467625,16.0797373,0
                108.0467076,16.0795142,0
                108.0465978,16.0794288,0
                108.0463782,16.0793302,0
                108.0460785,16.0788855,0
                108.0459726,16.0787797,0
                108.0461243,16.0784317,0
                108.046409,16.0781462,0
                108.0474339,16.0780463,0
                108.0480404,16.0777918,0
                108.0483705,16.0773191,0
                108.0487609,16.0768096,0
                108.0489238,16.0764209,0
                108.0486835,16.075876,0
                108.0485955,16.0755829,0
                108.0485836,16.0753126,0
                108.0483095,16.0751466,0
                108.0481391,16.0753164,0
                108.0481504,16.0755663,0
                108.0481412,16.0756745,0
                108.0480993,16.0757313,0
                108.0480587,16.0757147,0
                108.0480259,16.0756815,0
                108.0480138,16.0756201,0
                108.0480326,16.0755722,0
                108.0479039,16.0754428,0
                108.0478665,16.0753722,0
                108.0478922,16.0752906,0
                108.0479475,16.075191,0
                108.047881,16.0751258,0
                108.0477051,16.0751784,0
                108.0475625,16.0752449,0
                108.0475616,16.0753185,0
                108.0476135,16.0754015,0
                108.0475751,16.0754874,0
                108.0474956,16.0756155,0
                108.0474882,16.0757145,0
                108.0474828,16.0757656,0
                108.0473994,16.0758729,0
                108.0474474,16.0760051,0
                108.0475007,16.0761205,0
                108.0474977,16.0761431,0
                108.0473652,16.0762049,0
                108.0472997,16.0763363,0
                108.0471983,16.076367,0
                108.0471296,16.0763461,0
                108.0470619,16.0763661,0
                108.0469853,16.0763622,0
                108.0468591,16.076419,0
                108.04669,16.0765557,0
                108.046612,16.0765854,0
                108.0466018,16.0764684,0
                108.0467042,16.076385,0
                108.0468509,16.0762191,0
                108.0469095,16.0761349,0
                108.0469106,16.0760593,0
                108.0468012,16.0759648,0
                108.0467457,16.0757949,0
                108.0468655,16.0757177,0
                108.0467975,16.0755657,0
                108.0465377,16.0756644,0
                108.0464803,16.0757704,0
                108.0463638,16.0758559,0
                108.0461494,16.0759374,0
                108.0460155,16.0761221,0
                108.0459969,16.0762655,0
                108.0458616,16.0763656,0
                108.0457695,16.0764291,0
                108.045715,16.0765261,0
                108.0456676,16.0767202,0
                108.0456507,16.0769821,0
                108.0456244,16.0770403,0
                108.0455847,16.0770109,0
                108.0455066,16.0767924,0
                108.045484,16.0767388,0
                108.0454264,16.0767316,0
                108.0453917,16.076736,0
                108.0453597,16.0767249,0
                108.0453147,16.0766831,0
                108.0453475,16.0766207,0
                108.0454604,16.0765393,0
                108.045533,16.0764806,0
                108.045582,16.0763603,0
                108.0456364,16.0762504,0
                108.0458007,16.0760595,0
                108.0459166,16.0758686,0
                108.0461238,16.0757034,0
                108.0462187,16.0756099,0
                108.0462921,16.0754958,0
                108.0462536,16.0754229,0
                108.0461964,16.0754119,0
                108.0459102,16.075538,0
                108.0458152,16.0756369,0
                108.045735,16.0757745,0
                108.045644,16.075809,0
                108.0455592,16.0757666,0
                108.0454421,16.075701,0
                108.0452629,16.0757172,0
                108.0449802,16.0757305,0
                108.0448067,16.0758041,0
                108.044677,16.0759595,0
                108.0445102,16.0760526,0
                108.0444322,16.0760373,0
                108.0443395,16.0759781,0
                108.0443173,16.0758996,0
                108.0445181,16.0757727,0
                108.0446212,16.0756577,0
                108.0446862,16.0755924,0
                108.0437894,16.0760181,0
                108.0435153,16.0759706,0
                108.0433649,16.0759069,0
                108.0433056,16.0758097,0
                108.0433642,16.0757829,0
                108.043589,16.0758359,0
                108.0437644,16.0757974,0
                108.0438312,16.0755875,0
                108.0436578,16.0753725,0
                108.0437829,16.0753607,0
                108.0438977,16.0753767,0
                108.0440072,16.075452,0
                108.0442999,16.0753074,0
                108.0444221,16.0752377,0
                108.0443196,16.0751359,0
                108.0442761,16.0749619,0
                108.044342,16.074894,0
                108.0444768,16.0748987,0
                108.0445481,16.0749321,0
                108.0445711,16.074999,0
                108.0445324,16.075178,0
                108.0445908,16.0753217,0
                108.0446683,16.0754528,0
                108.0447366,16.0755286,0
                108.0451086,16.0754712,0
                108.0454824,16.0754579,0
                108.0458088,16.0753353,0
                108.0459854,16.0751374,0
                108.045902,16.0749315,0
                108.045914,16.074777,0
                108.0459689,16.0747875,0
                108.0463546,16.0750732,0
                108.0466548,16.0749583,0
                108.0467619,16.0747514,0
                108.0466171,16.0744729,0
                108.0463112,16.0744315,0
                108.0462227,16.07422,0
                108.0459625,16.0741117,0
                108.0461315,16.0738719,0
                108.0462535,16.0738706,0
                108.046397,16.0740342,0
                108.0466301,16.074034,0
                108.0468632,16.0743431,0
                108.0471246,16.0742863,0
                108.0472787,16.074312,0
                108.0471549,16.0744666,0
                108.047117,16.0746109,0
                108.0474113,16.0748068,0
                108.0479926,16.074549,0
                108.047881,16.0738892,0
                108.0477822,16.0735593,0
                108.0474152,16.073219,0
                108.0478755,16.0732493,0
                108.0480198,16.0731974,0
                108.0480061,16.0729962,0
                108.0478544,16.0727822,0
                108.0477732,16.0725514,0
                108.047856,16.0724309,0
                108.0479457,16.0722263,0
                108.0480817,16.0723972,0
                108.0481873,16.0725961,0
                108.0482561,16.0726491,0
                108.0484557,16.0727062,0
                108.0486843,16.0725389,0
                108.0488699,16.0716808,0
                108.0493646,16.0714234,0
                108.0493812,16.0715782,0
                108.0490896,16.0717896,0
                108.0489911,16.0720731,0
                108.0488746,16.0727278,0
                108.0491792,16.07288,0
                108.0494149,16.0726745,0
                108.0500103,16.0727751,0
                108.0499298,16.07235,0
                108.0507557,16.072737,0
                108.0503102,16.0720778,0
                108.0500981,16.0718307,0
                108.0500619,16.0715422,0
                108.0501349,16.0712949,0
                108.0502734,16.0713516,0
                108.050305,16.0716119,0
                108.0504496,16.071706,0
                108.0506024,16.0717067,0
                108.0507646,16.0716091,0
                108.0508672,16.0715448,0
                108.050826,16.0713629,0
                108.0506989,16.0712429,0
                108.0504127,16.071137,0
                108.0502372,16.070626,0
                108.0503045,16.0705166,0
                108.0506114,16.0709205,0
                108.0509043,16.0712049,0
                108.0510508,16.0715173,0
                108.0509845,16.0717044,0
                108.0511016,16.0719113,0
                108.0512621,16.0720921,0
                108.0513477,16.0722959,0
                108.0514441,16.0723823,0
                108.0517096,16.0723946,0
                108.0517994,16.0716585,0
                108.0518926,16.0712956,0
                108.0523523,16.0710626,0
                108.0527001,16.070709,0
                108.0528902,16.0704445,0
                108.0529407,16.0699842,0
                108.0532477,16.0703408,0
                108.0537016,16.0702253,0
                108.0540413,16.0699717,0
                108.0541234,16.0702026,0
                108.0545658,16.0703694,0
                108.0545101,16.0705065,0
                108.0539565,16.0705235,0
                108.0534995,16.0706745,0
                108.0528409,16.071178,0
                108.0529536,16.0712996,0
                108.0529019,16.0713513,0
                108.0528771,16.0714261,0
                108.0529367,16.0714971,0
                108.0529964,16.0715243,0
                108.053217,16.0715046,0
                108.0534215,16.0714075,0
                108.0535697,16.0713233,0
                108.0537404,16.0713405,0
                108.05382,16.0712958,0
                108.0539424,16.0711442,0
                108.0541024,16.0711653,0
                108.0539611,16.0713001,0
                108.0540728,16.0714939,0
                108.0541475,16.0715907,0
                108.0544062,16.0716446,0
                108.0546488,16.0715799,0
                108.0551248,16.0713606,0
                108.0550375,16.071734,0
                108.055951,16.0717648,0
                108.0563348,16.071898,0
                108.0569451,16.0721243,0
                108.0571618,16.0722299,0
                108.0591665,16.0722503,0
                108.0667716,16.0729588,0
                108.0748466,16.0729189,0
                108.0762955,16.0733851,0
                108.0804482,16.074841,0
                108.0891459,16.0778907,0
                108.0893918,16.0779971,0
                108.0897557,16.0781564,0
                108.0900083,16.0783254,0
                108.0902635,16.0784042,0
                108.090707,16.0786171,0
                108.0910405,16.0787695,0
                108.0914228,16.0789472,0
                108.0916018,16.0789871,0
                108.0918601,16.0789381,0
                108.0921525,16.0789046,0
                108.0925216,16.079316,0
                108.0928492,16.0796501,0
                108.0930762,16.079718,0
                108.0933327,16.0798336,0
                108.0937562,16.079794,0
                108.0941958,16.0796486,0
                108.0949368,16.0792858,0
                108.0951318,16.0793249,0
                108.0954348,16.079522,0
                108.0956737,16.0796973,0
                108.0958076,16.0797733,0
                108.0958995,16.0797548,0
                108.0959367,16.0800547,0
                108.0961027,16.0801483,0
                108.0963709,16.0802824,0
                108.0964246,16.0804576,0
                108.0965962,16.0807668,0
                108.0966767,16.0821353,0
                108.0967679,16.0823905,0
                108.0969074,16.0827823,0
                108.0967894,16.0832822,0
                108.0970642,16.0838142,0
              </coordinates>
            </LinearRing>
          </outerBoundaryIs>
        </Polygon>
      </Placemark>
      <Placemark>
        <name>TRUNG SƠN  mới: Ghép TDP Trung Sơn  (192 hộ, 650 khẩu) + 314 hộ, 942 khẩu của Quan Nam 5 = 506 hộ (1592 khẩu)</name>
        <styleUrl>#icon-1899-FF5252-nodesc</styleUrl>
        <Point>
          <coordinates>
            108.109814,16.102043,0
          </coordinates>
        </Point>
      </Placemark>
      <Placemark>
        <name>QUAN NAM 3</name>
        <description>HỘ: 337      KHẨU 1230</description>
        <styleUrl>#icon-1899-F57C00</styleUrl>
        <Point>
          <coordinates>
            108.0908024,16.1037953,0
          </coordinates>
        </Point>
      </Placemark>
      <Placemark>
        <name>QUAN NAM 6</name>
        <description>HỘ: 70      KHẨU: 269</description>
        <styleUrl>#icon-1899-F57C00</styleUrl>
        <Point>
          <coordinates>
            108.0986345,16.1043725,0
          </coordinates>
        </Point>
      </Placemark>
      <Placemark>
        <name>QUAN NAM 2 mới: Ghép 360 hộ, 1255 khẩu Quan Nam 2 + 200 hộ, 961 khẩu Quan Nam 5 = 560 hộ (2216 khẩu)</name>
        <styleUrl>#icon-1899-AFB42B-nodesc</styleUrl>
        <Point>
          <coordinates>
            108.1027324,16.0974947,0
          </coordinates>
        </Point>
      </Placemark>
      <Placemark>
        <name>QUAN NAM 5</name>
        <description>HỘ:  514    KHẨU:  1903</description>
        <styleUrl>#icon-1899-0288D1</styleUrl>
        <Point>
          <coordinates>
            108.1048352,16.0933301,0
          </coordinates>
        </Point>
      </Placemark>
      <Placemark>
        <name>QUAN NAM 4</name>
        <description>HỘ:   372    KHẨU:  1218</description>
        <styleUrl>#icon-1899-0288D1</styleUrl>
        <Point>
          <coordinates>
            108.0963809,16.0866914,0
          </coordinates>
        </Point>
      </Placemark>
      <Placemark>
        <name>TDP VÂN DƯƠNG 2:  565 hộ, 1871 khẩu. Giữ nguyên hiện trạng</name>
        <styleUrl>#icon-1899-FF5252-nodesc</styleUrl>
        <Point>
          <coordinates>
            108.1031669,16.0817082,0
          </coordinates>
        </Point>
      </Placemark>
      <Placemark>
        <name>TÂN NINH</name>
        <description>HỘ: 280     KHẨU: 998</description>
        <styleUrl>#icon-1899-0288D1</styleUrl>
        <Point>
          <coordinates>
            108.0895198,16.0825947,0
          </coordinates>
        </Point>
      </Placemark>
      <Placemark>
        <name>HIỀN PHƯỚC</name>
        <description>HỘ:  220     KHẨU:  662</description>
        <styleUrl>#icon-1899-0288D1</styleUrl>
        <Point>
          <coordinates>
            108.0906403,16.0772181,0
          </coordinates>
        </Point>
      </Placemark>
      <Placemark>
        <name>HƯỞNG PHƯỚC</name>
        <description>HỘ: 542        KHẨU:   1949</description>
        <styleUrl>#icon-1899-0288D1</styleUrl>
        <Point>
          <coordinates>
            108.0981861,16.0769429,0
          </coordinates>
        </Point>
      </Placemark>
      <Placemark>
        <name>Đường thẳng 34</name>
        <styleUrl>#line-E65100-10494-nodesc</styleUrl>
        <LineString>
          <tessellate>1</tessellate>
          <coordinates>
            108.0912222,16.0717494,0
            108.0931042,16.0698817,0
            108.0934904,16.07016,0
            108.0937693,16.0701394,0
            108.0939732,16.0702734,0
            108.093941,16.0706136,0
            108.0939946,16.0707167,0
            108.0948851,16.0706446,0
            108.0951295,16.07096,0
            108.0952797,16.0709961,0
            108.0954379,16.0710167,0
            108.0955157,16.071045,0
            108.0962399,16.0715682,0
            108.0963606,16.071661,0
            108.0966691,16.0716687,0
            108.0969346,16.0716623,0
            108.0971331,16.0718041,0
            108.097227,16.071786,0
            108.0973235,16.0718453,0
            108.0972913,16.0719381,0
            108.0974174,16.0722267,0
            108.0973312,16.0722813,0
            108.0974653,16.0726421,0
            108.09765,16.0725721,0
            108.0977989,16.0726082,0
            108.0978834,16.0726146,0
            108.0979196,16.0726571,0
            108.0980013,16.0726552,0
            108.0981099,16.0726939,0
            108.0981622,16.0727235,0
            108.0982239,16.0728189,0
            108.0982789,16.0728936,0
            108.0982923,16.0729271,0
            108.0983811,16.0730371,0
            108.0984039,16.0731235,0
            108.0984133,16.0732317,0
            108.0984455,16.0733091,0
            108.0985447,16.0732627,0
            108.0985823,16.0733245,0
            108.0987217,16.0732678,0
            108.0987834,16.073456,0
            108.0988409,16.0735629,0
            108.0989116,16.0736269,0
            108.0990068,16.0736192,0
            108.0990565,16.0736952,0
            108.0991479,16.0736997,0
            108.0991841,16.0736817,0
            108.099235,16.0737526,0
            108.0996119,16.0736791,0
            108.0998318,16.0736276,0
            108.1002286,16.0743961,0
            108.1003546,16.074641,0
            108.1009662,16.0745121,0
          </coordinates>
        </LineString>
      </Placemark>
      <Placemark>
        <name>Đường thẳng 38</name>
        <styleUrl>#line-E65100-10106-nodesc</styleUrl>
        <LineString>
          <tessellate>1</tessellate>
          <coordinates>
            108.1010111,16.0745608,0
            108.1014617,16.076035,0
            108.1018587,16.0758855,0
            108.1021805,16.0766175,0
            108.1030496,16.0762979,0
            108.1032642,16.0767824,0
            108.1037899,16.0772051,0
            108.1042941,16.0772979,0
            108.1049608,16.0774774,0
            108.1049066,16.0778162,0
            108.1047296,16.0789245,0
            108.1053519,16.0790482,0
          </coordinates>
        </LineString>
      </Placemark>
      <Placemark>
        <name>Đường thẳng 39</name>
        <styleUrl>#line-E65100-9913-nodesc</styleUrl>
        <LineString>
          <tessellate>1</tessellate>
          <coordinates>
            108.1049549,16.0791484,0
            108.101022,16.080205,0
            108.1009063,16.080545,0
            108.0984189,16.080268,0
            108.0982856,16.080129,0
            108.0979704,16.0797566,0
            108.0977666,16.0799216,0
            108.0975198,16.0796587,0
            108.0968702,16.0795932,0
            108.0968112,16.0797659,0
            108.0965215,16.0797066,0
            108.096264,16.0796138,0
            108.0960236,16.0800071,0
            108.095345,16.0795219,0
            108.0955474,16.0793917,0
            108.095691,16.0792803,0
            108.0949561,16.0790483,0
            108.0949239,16.0787597,0
            108.095058,16.0786823,0
            108.0951438,16.0785844,0
            108.0950795,16.078203,0
            108.0952565,16.0779143,0
          </coordinates>
        </LineString>
      </Placemark>
      <Placemark>
        <name>Đường thẳng 40</name>
        <styleUrl>#line-E65100-8556-nodesc</styleUrl>
        <LineString>
          <tessellate>1</tessellate>
          <coordinates>
            108.0952565,16.0779143,0
            108.0956957,16.0780958,0
            108.0958245,16.0778278,0
            108.095862,16.0772299,0
            108.0959117,16.0769081,0
            108.0956796,16.0760649,0
            108.0954569,16.0754499,0
            108.0949053,16.074428,0
            108.0946103,16.0741496,0
            108.0955105,16.0741473,0
            108.0955139,16.0738704,0
            108.0959554,16.073871,0
            108.0959584,16.0735289,0
            108.0955395,16.0734983,0
            108.0953793,16.0733361,0
            108.0955027,16.0732085,0
            108.0952669,16.0730249,0
            108.0945224,16.0738223,0
            108.0943315,16.0730486,0
            108.0942003,16.0728601,0
            108.0939849,16.0726451,0
            108.0939625,16.0722806,0
            108.0934717,16.0724533,0
            108.0928414,16.07243,0
            108.0918328,16.0721828,0
            108.0912222,16.0717494,0
          </coordinates>
        </LineString>
      </Placemark>
      <Placemark>
        <name>Tổ 1</name>
        <styleUrl>#line-FFD600-5456-nodesc</styleUrl>
        <LineString>
          <tessellate>1</tessellate>
          <coordinates>
            108.1496076,16.0713301,0
            108.1493017,16.0712042,0
            108.1501814,16.0693433,0
            108.1490656,16.0688639,0
            108.149307,16.0682917,0
            108.1509593,16.068967,0
            108.1514153,16.0691886,0
            108.1511633,16.0697373,0
            108.1504418,16.0694692,0
            108.1496076,16.0713301,0
            108.1495861,16.0713353,0
            108.1496076,16.0713353,0
          </coordinates>
        </LineString>
      </Placemark>
      <Placemark>
        <name>Tổ 3</name>
        <styleUrl>#line-0F9D58-5263-nodesc</styleUrl>
        <LineString>
          <tessellate>1</tessellate>
          <coordinates>
            108.1513181,16.0702167,0
            108.1519297,16.0704435,0
            108.1525627,16.0705981,0
            108.1528524,16.0706084,0
            108.1530884,16.0704641,0
            108.153303,16.0703713,0
            108.1534532,16.0702579,0
            108.1516722,16.0692476,0
            108.151243,16.0702373,0
          </coordinates>
        </LineString>
      </Placemark>
      <Placemark>
        <name>Tổ 4</name>
        <styleUrl>#poly-0F9D58-6601-0-nodesc</styleUrl>
        <Polygon>
          <outerBoundaryIs>
            <LinearRing>
              <tessellate>1</tessellate>
              <coordinates>
                108.154923,16.0746704,0
                108.154762,16.0746332,0
                108.155403,16.0720739,0
                108.1555532,16.0721074,0
                108.154923,16.0746704,0
              </coordinates>
            </LinearRing>
          </outerBoundaryIs>
        </Polygon>
      </Placemark>
      <Placemark>
        <name>Tổ 5</name>
        <styleUrl>#poly-0F9D58-6001-0-nodesc</styleUrl>
        <Polygon>
          <outerBoundaryIs>
            <LinearRing>
              <tessellate>1</tessellate>
              <coordinates>
                108.1555371,16.0720919,0
                108.1538677,16.0715377,0
                108.1542003,16.0708469,0
                108.1544363,16.0706511,0
                108.1550372,16.0709191,0
                108.155756,16.0712799,0
                108.1555371,16.0720919,0
              </coordinates>
            </LinearRing>
          </outerBoundaryIs>
        </Polygon>
      </Placemark>
      <Placemark>
        <name>Tổ 6</name>
        <styleUrl>#poly-0F9D58-5701-0-nodesc</styleUrl>
        <Polygon>
          <outerBoundaryIs>
            <LinearRing>
              <tessellate>1</tessellate>
              <coordinates>
                108.1532334,16.0714686,0
                108.1528311,16.070666,0
                108.1528524,16.0706084,0
                108.1532871,16.0704237,0
                108.1534749,16.0702948,0
                108.154419,16.0707072,0
                108.1542152,16.0708516,0
                108.1538838,16.0715738,0
                108.1532334,16.0714686,0
              </coordinates>
            </LinearRing>
          </outerBoundaryIs>
        </Polygon>
      </Placemark>
      <Placemark>
        <name>Tổ 7</name>
        <styleUrl>#poly-0F9D58-5701-0-nodesc</styleUrl>
        <Polygon>
          <outerBoundaryIs>
            <LinearRing>
              <tessellate>1</tessellate>
              <coordinates>
                108.1507361,16.0731861,0
                108.1501542,16.0729842,0
                108.1512432,16.0702058,0
                108.1518387,16.0704429,0
                108.1523644,16.0705924,0
                108.152815,16.0706285,0
                108.1532495,16.0714738,0
                108.153051,16.0720563,0
                108.1522356,16.0717264,0
                108.1513165,16.0713968,0
                108.1509374,16.0721543,0
                108.151117,16.0721964,0
                108.1507361,16.0731861,0
              </coordinates>
            </LinearRing>
          </outerBoundaryIs>
        </Polygon>
      </Placemark>
      <Placemark>
        <name>Tổ 8</name>
        <styleUrl>#line-880E4F-10106-nodesc</styleUrl>
        <LineString>
          <tessellate>1</tessellate>
          <coordinates>
            108.1510043,16.0721242,0
            108.1513004,16.0713916,0
            108.1528079,16.0719985,0
            108.152714,16.0722382,0
            108.1529313,16.0723181,0
            108.1527156,16.0728046,0
            108.1510001,16.0721429,0
            108.1513005,16.071398,0
          </coordinates>
        </LineString>
      </Placemark>
      <Placemark>
        <name>Tổ 9</name>
        <styleUrl>#poly-880E4F-5701-0-nodesc</styleUrl>
        <Polygon>
          <outerBoundaryIs>
            <LinearRing>
              <tessellate>1</tessellate>
              <coordinates>
                108.15072,16.0731809,0
                108.1511009,16.0721912,0
                108.1527156,16.0728046,0
                108.1522972,16.0737892,0
                108.15072,16.0731809,0
              </coordinates>
            </LinearRing>
          </outerBoundaryIs>
        </Polygon>
      </Placemark>
      <Placemark>
        <name>Tổ 10</name>
        <styleUrl>#poly-F48FB1-6001-0-nodesc</styleUrl>
        <Polygon>
          <outerBoundaryIs>
            <LinearRing>
              <tessellate>1</tessellate>
              <coordinates>
                108.1505871,16.0767765,0
                108.1502706,16.0765858,0
                108.1501419,16.0764208,0
                108.1501472,16.0762095,0
                108.1501258,16.0761373,0
                108.1499219,16.0761837,0
                108.1498039,16.0758745,0
                108.1495531,16.0759953,0
                108.1495316,16.075802,0
                108.1493801,16.0758342,0
                108.1492179,16.075529,0
                108.1490958,16.0753951,0
                108.149466,16.0745858,0
                108.1511504,16.0752714,0
                108.1506676,16.0764466,0
                108.1505764,16.0766683,0
                108.1505871,16.0767765,0
              </coordinates>
            </LinearRing>
          </outerBoundaryIs>
        </Polygon>
      </Placemark>
      <Placemark>
        <name>Tổ 11</name>
        <styleUrl>#poly-F48FB1-6901-0-nodesc</styleUrl>
        <Polygon>
          <outerBoundaryIs>
            <LinearRing>
              <tessellate>1</tessellate>
              <coordinates>
                108.1491126,16.0754854,0
                108.1492557,16.0755956,0
                108.1493801,16.0758342,0
                108.1495132,16.075825,0
                108.1495531,16.0759953,0
                108.1498039,16.0758745,0
                108.1499219,16.0761837,0
                108.150122,16.0761601,0
                108.1501274,16.0761987,0
                108.1501301,16.0764384,0
                108.1502706,16.0765858,0
                108.1505583,16.0767663,0
                108.1504354,16.0767824,0
                108.1503125,16.0767779,0
                108.1501667,16.0767483,0
                108.1500165,16.0768308,0
                108.1497832,16.0768797,0
                108.1495592,16.076939,0
                108.1494787,16.0769693,0
                108.1494076,16.0770021,0
                108.1493352,16.0770241,0
                108.149299,16.0770434,0
                108.1491904,16.0770344,0
                108.1489953,16.0769841,0
                108.1487559,16.0775498,0
                108.1483187,16.0773823,0
                108.1491126,16.0754854,0
              </coordinates>
            </LinearRing>
          </outerBoundaryIs>
        </Polygon>
      </Placemark>
      <Placemark>
        <name>Tổ 14</name>
        <styleUrl>#poly-E65100-5301-0-nodesc</styleUrl>
        <Polygon>
          <outerBoundaryIs>
            <LinearRing>
              <tessellate>1</tessellate>
              <coordinates>
                108.1473098,16.0798348,0
                108.1480581,16.077992,0
                108.1481171,16.0779972,0
                108.1485946,16.0781621,0
                108.1489272,16.078425,0
                108.1490452,16.078657,0
                108.1492222,16.0790539,0
                108.1491739,16.0791003,0
                108.1488574,16.0787446,0
                108.1487233,16.0787343,0
                108.1487877,16.0788683,0
                108.1486965,16.079157,0
                108.1485302,16.0789972,0
                108.1483371,16.0789044,0
                108.147983,16.0789972,0
                108.1479938,16.0791827,0
                108.1483585,16.0790642,0
                108.1485731,16.0792291,0
                108.1487126,16.079559,0
                108.1488521,16.0797136,0
                108.1487448,16.0798837,0
                108.1488306,16.0800487,0
                108.1490666,16.080059,0
                108.1490881,16.0801621,0
                108.1492383,16.080394,0
                108.1490559,16.0805641,0
                108.1489594,16.0805229,0
                108.1488628,16.0804649,0
                108.1486697,16.0803477,0
                108.1484512,16.0803644,0
                108.1484102,16.0803347,0
                108.1483411,16.0803038,0
                108.1482064,16.0802213,0
                108.1479589,16.0800925,0
                108.1479239,16.0801218,0
                108.1478261,16.0800809,0
                108.1477142,16.0800281,0
                108.1475525,16.0799534,0
                108.1473098,16.0798348,0
              </coordinates>
            </LinearRing>
          </outerBoundaryIs>
        </Polygon>
      </Placemark>
      <Placemark>
        <name>Tổ 13</name>
        <styleUrl>#poly-F48FB1-6301-0-nodesc</styleUrl>
        <Polygon>
          <outerBoundaryIs>
            <LinearRing>
              <tessellate>1</tessellate>
              <coordinates>
                108.153013,16.0784742,0
                108.1532557,16.0780503,0
                108.1535038,16.0776417,0
                108.1539759,16.0768041,0
                108.1541315,16.0765877,0
                108.1543729,16.0760361,0
                108.154621,16.075451,0
                108.1547846,16.0755245,0
                108.1546217,16.0759652,0
                108.1545449,16.0761901,0
                108.1544305,16.0764047,0
                108.1539759,16.0772423,0
                108.1537158,16.0776818,0
                108.1536145,16.0779069,0
                108.1534757,16.0781218,0
                108.1533449,16.0783367,0
                108.1532822,16.0784493,0
                108.1532088,16.0785541,0
                108.153013,16.0784742,0
              </coordinates>
            </LinearRing>
          </outerBoundaryIs>
        </Polygon>
      </Placemark>
      <Placemark>
        <name>Tổ 15</name>
        <styleUrl>#poly-E65100-6001-0-nodesc</styleUrl>
        <Polygon>
          <outerBoundaryIs>
            <LinearRing>
              <tessellate>1</tessellate>
              <coordinates>
                108.1480854,16.0779501,0
                108.1483208,16.077408,0
                108.1487586,16.0775575,0
                108.1489913,16.0769776,0
                108.1491931,16.0770421,0
                108.1493097,16.0770466,0
                108.1494103,16.0770099,0
                108.1494814,16.076977,0
                108.1495841,16.0769609,0
                108.1496042,16.0770034,0
                108.1496732,16.0771121,0
                108.149708,16.077165,0
                108.1497986,16.077216,0
                108.1496931,16.0773733,0
                108.1495858,16.0775176,0
                108.1498074,16.0776615,0
                108.1495606,16.077981,0
                108.1500112,16.0782491,0
                108.1500595,16.0783934,0
                108.1498878,16.0787336,0
                108.1496947,16.0786769,0
                108.1495499,16.0789295,0
                108.1492656,16.079115,0
                108.1490885,16.0786975,0
                108.1490295,16.078548,0
                108.148874,16.0783573,0
                108.1487452,16.0782491,0
                108.1486326,16.078146,0
                108.1484985,16.0780841,0
                108.1482571,16.078012,0
                108.1480854,16.0779501,0
              </coordinates>
            </LinearRing>
          </outerBoundaryIs>
        </Polygon>
      </Placemark>
      <Placemark>
        <name>Tổ 16</name>
        <styleUrl>#poly-E65100-6101-0-nodesc</styleUrl>
        <Polygon>
          <outerBoundaryIs>
            <LinearRing>
              <tessellate>1</tessellate>
              <coordinates>
                108.1491283,16.0791175,0
                108.1492629,16.0791073,0
                108.1495472,16.0789218,0
                108.149692,16.0786692,0
                108.1498851,16.0787259,0
                108.1500078,16.0784965,0
                108.1500517,16.0783322,0
                108.1500341,16.078299,0
                108.1500273,16.0782581,0
                108.149566,16.0779746,0
                108.1498047,16.0776538,0
                108.1495987,16.0775071,0
                108.1496904,16.0773656,0
                108.1498188,16.0772052,0
                108.1502433,16.0774912,0
                108.1503588,16.0776535,0
                108.1504811,16.0778184,0
                108.1505348,16.0779522,0
                108.1506212,16.0782854,0
                108.1506921,16.0785794,0
                108.1507266,16.0787319,0
                108.1507742,16.0789131,0
                108.1504962,16.0792,0
                108.1505016,16.0794835,0
                108.1504586,16.0796484,0
                108.1500724,16.0795454,0
                108.1500027,16.0797103,0
                108.1500295,16.0797979,0
                108.1501421,16.0799319,0
                108.1501421,16.080066,0
                108.1501797,16.0802309,0
                108.1499598,16.0803752,0
                108.1498793,16.0804732,0
                108.1496218,16.0803959,0
                108.1494287,16.0801587,0
                108.1492248,16.0799938,0
                108.1490639,16.0798082,0
                108.1490961,16.0796742,0
                108.1490478,16.0793649,0
                108.1491283,16.0791175,0
              </coordinates>
            </LinearRing>
          </outerBoundaryIs>
        </Polygon>
      </Placemark>
      <Placemark>
        <name>Tổ 27</name>
        <styleUrl>#poly-0097A7-6001-0-nodesc</styleUrl>
        <Polygon>
          <outerBoundaryIs>
            <LinearRing>
              <tessellate>1</tessellate>
              <coordinates>
                108.1464451,16.0818812,0
                108.1473017,16.0798344,0
                108.1476289,16.0799975,0
                108.1479266,16.0801167,0
                108.1479616,16.0800873,0
                108.1484631,16.0803615,0
                108.1486724,16.0803477,0
                108.1490573,16.0805602,0
                108.1492222,16.0807828,0
                108.1493093,16.0809655,0
                108.1496098,16.080883,0
                108.1499088,16.0811642,0
                108.1496137,16.0813137,0
                108.1492543,16.0815251,0
                108.1486723,16.0818653,0
                108.148616,16.0819271,0
                108.1491041,16.0822312,0
                108.1492562,16.0822434,0
                108.1493975,16.0823483,0
                108.1483317,16.0827312,0
                108.1481171,16.0831642,0
                108.1474626,16.0828034,0
                108.1467813,16.0831487,0
                108.1465694,16.0828962,0
                108.1472269,16.0824173,0
                108.1466355,16.0821338,0
                108.1466953,16.0819953,0
                108.1464451,16.0818812,0
              </coordinates>
            </LinearRing>
          </outerBoundaryIs>
        </Polygon>
      </Placemark>
      <Placemark>
        <name>Tổ 28</name>
        <styleUrl>#poly-0097A7-6701-0-nodesc</styleUrl>
        <Polygon>
          <outerBoundaryIs>
            <LinearRing>
              <tessellate>1</tessellate>
              <coordinates>
                108.1481144,16.0831694,0
                108.1483319,16.0827688,0
                108.1495121,16.0823564,0
                108.1510326,16.0823756,0
                108.1501746,16.0838692,0
                108.1497052,16.0835858,0
                108.149493,16.0839322,0
                108.1494287,16.083891,0
                108.1488493,16.0835508,0
                108.1481144,16.0831694,0
              </coordinates>
            </LinearRing>
          </outerBoundaryIs>
        </Polygon>
      </Placemark>
      <Placemark>
        <name>Tổ 26</name>
        <styleUrl>#poly-673AB7-5701-0-nodesc</styleUrl>
        <Polygon>
          <outerBoundaryIs>
            <LinearRing>
              <tessellate>1</tessellate>
              <coordinates>
                108.1461311,16.0841312,0
                108.1460453,16.0840075,0
                108.1460023,16.0838735,0
                108.1460613,16.0836054,0
                108.1466783,16.0831931,0
                108.1469948,16.0830539,0
                108.1474599,16.0828086,0
                108.1480596,16.0831879,0
                108.1478403,16.0835951,0
                108.1474487,16.0835693,0
                108.1473145,16.0836724,0
                108.1483198,16.0842343,0
                108.1482297,16.0844477,0
                108.149265,16.0849786,0
                108.1486416,16.0858734,0
                108.1487704,16.0859662,0
                108.1484485,16.0865538,0
                108.1477082,16.0859043,0
                108.1470109,16.0851312,0
                108.1461311,16.0841312,0
              </coordinates>
            </LinearRing>
          </outerBoundaryIs>
        </Polygon>
      </Placemark>
      <Placemark>
        <name>Tổ 29</name>
        <styleUrl>#poly-0097A7-6401-0-nodesc</styleUrl>
        <Polygon>
          <outerBoundaryIs>
            <LinearRing>
              <tessellate>1</tessellate>
              <coordinates>
                108.1476879,16.0839065,0
                108.1473145,16.0836724,0
                108.1474487,16.0835693,0
                108.1478403,16.0835951,0
                108.1480656,16.0831673,0
                108.149493,16.0839322,0
                108.1497052,16.0835858,0
                108.1501746,16.0838692,0
                108.1489968,16.0859837,0
                108.1487232,16.0858858,0
                108.149265,16.0849786,0
                108.1482297,16.0844477,0
                108.1483853,16.084226,0
                108.1476879,16.0839065,0
              </coordinates>
            </LinearRing>
          </outerBoundaryIs>
        </Polygon>
      </Placemark>
      <Placemark>
        <name>PHƯỜNG HÒA KHÁNH</name>
        <styleUrl>#icon-1899-0288D1-nodesc</styleUrl>
        <Point>
          <coordinates>
            108.1011529,16.0723241,0
          </coordinates>
        </Point>
      </Placemark>
      <Placemark>
        <name>Tổ 30</name>
        <styleUrl>#poly-C2185B-6401-0-nodesc</styleUrl>
        <Polygon>
          <outerBoundaryIs>
            <LinearRing>
              <tessellate>1</tessellate>
              <coordinates>
                108.1500846,16.0845384,0
                108.1499602,16.0844718,0
                108.150282,16.0839666,0
                108.1546282,16.0885691,0
                108.1517744,16.0905484,0
                108.1497144,16.0881774,0
                108.1506425,16.0875125,0
                108.150165,16.0869403,0
                108.1513613,16.0859404,0
                108.1500846,16.0845384,0
              </coordinates>
            </LinearRing>
          </outerBoundaryIs>
        </Polygon>
      </Placemark>
      <Placemark>
        <name>Tổ 31</name>
        <styleUrl>#poly-C2185B-6301-0-nodesc</styleUrl>
        <Polygon>
          <outerBoundaryIs>
            <LinearRing>
              <tessellate>1</tessellate>
              <coordinates>
                108.1497144,16.0881774,0
                108.1484441,16.0870269,0
                108.1489968,16.0859837,0
                108.1494526,16.0854806,0
                108.1499602,16.0844718,0
                108.1513613,16.0859404,0
                108.150165,16.0869403,0
                108.1506425,16.0875125,0
                108.1497144,16.0881774,0
              </coordinates>
            </LinearRing>
          </outerBoundaryIs>
        </Polygon>
      </Placemark>
      <Placemark>
        <name>Tổ 32</name>
        <styleUrl>#poly-FFFF8D-6801-0-nodesc</styleUrl>
        <Polygon>
          <outerBoundaryIs>
            <LinearRing>
              <tessellate>1</tessellate>
              <coordinates>
                108.1491414,16.0922372,0
                108.1476823,16.0906291,0
                108.1472531,16.0902167,0
                108.1475965,16.0899281,0
                108.1487552,16.091062,0
                108.1504825,16.0894436,0
                108.1511584,16.0901755,0
                108.1493131,16.0915981,0
                108.1497208,16.0919898,0
                108.1491414,16.0922372,0
              </coordinates>
            </LinearRing>
          </outerBoundaryIs>
        </Polygon>
      </Placemark>
      <Placemark>
        <name>Tổ 33</name>
        <styleUrl>#poly-FFFF8D-5601-0-nodesc</styleUrl>
        <Polygon>
          <outerBoundaryIs>
            <LinearRing>
              <tessellate>1</tessellate>
              <coordinates>
                108.1480256,16.0903004,0
                108.149753,16.0886304,0
                108.1505469,16.0893623,0
                108.1487552,16.091062,0
                108.1480256,16.0903004,0
              </coordinates>
            </LinearRing>
          </outerBoundaryIs>
        </Polygon>
      </Placemark>
      <Placemark>
        <name>Tổ 34</name>
        <styleUrl>#poly-006064-5901-0-nodesc</styleUrl>
        <Polygon>
          <outerBoundaryIs>
            <LinearRing>
              <tessellate>1</tessellate>
              <coordinates>
                108.1480256,16.0903004,0
                108.1473259,16.0895496,0
                108.1491713,16.0878281,0
                108.149753,16.0886304,0
                108.1480256,16.0903004,0
              </coordinates>
            </LinearRing>
          </outerBoundaryIs>
        </Polygon>
      </Placemark>
      <Placemark>
        <name>Tổ 35</name>
        <styleUrl>#poly-E65100-6101-0-nodesc</styleUrl>
        <Polygon>
          <outerBoundaryIs>
            <LinearRing>
              <tessellate>1</tessellate>
              <coordinates>
                108.1473152,16.0894671,0
                108.1465427,16.0888847,0
                108.1472294,16.0883074,0
                108.1481359,16.0873229,0
                108.148431,16.0870962,0
                108.1491391,16.0878178,0
                108.1473152,16.0894671,0
              </coordinates>
            </LinearRing>
          </outerBoundaryIs>
        </Polygon>
      </Placemark>
      <Placemark>
        <name>Tổ 36</name>
        <styleUrl>#poly-E65100-5401-0-nodesc</styleUrl>
        <Polygon>
          <outerBoundaryIs>
            <LinearRing>
              <tessellate>1</tessellate>
              <coordinates>
                108.1444111,16.0914452,0
                108.1441,16.0910328,0
                108.1465569,16.0889918,0
                108.1472061,16.0896566,0
                108.1468251,16.0899608,0
                108.1464925,16.0896824,0
                108.1444111,16.0914452,0
              </coordinates>
            </LinearRing>
          </outerBoundaryIs>
        </Polygon>
      </Placemark>
      <Placemark>
        <name>Tổ 37</name>
        <styleUrl>#poly-0288D1-5901-0-nodesc</styleUrl>
        <Polygon>
          <outerBoundaryIs>
            <LinearRing>
              <tessellate>1</tessellate>
              <coordinates>
                108.1454215,16.0897832,0
                108.145325,16.0897008,0
                108.1462638,16.088773,0
                108.1447993,16.0874638,0
                108.1441555,16.0888838,0
                108.1439732,16.089157,0
                108.1434437,16.088978,0
                108.1445824,16.0863268,0
                108.1451725,16.0850486,0
                108.1457411,16.0852392,0
                108.1461703,16.0846104,0
                108.1463098,16.0848011,0
                108.1482717,16.0869987,0
                108.1478211,16.0876069,0
                108.147349,16.0880914,0
                108.1454215,16.0897832,0
              </coordinates>
            </LinearRing>
          </outerBoundaryIs>
        </Polygon>
      </Placemark>
      <Placemark>
        <name>Tổ 39</name>
        <styleUrl>#poly-097138-6001-0-nodesc</styleUrl>
        <Polygon>
          <outerBoundaryIs>
            <LinearRing>
              <tessellate>1</tessellate>
              <coordinates>
                108.1444727,16.0860409,0
                108.1436454,16.0880314,0
                108.1428219,16.0877192,0
                108.1422952,16.0875425,0
                108.1422642,16.0874801,0
                108.1421584,16.0872977,0
                108.1421182,16.0873183,0
                108.1420551,16.0872088,0
                108.1419733,16.0872178,0
                108.141833,16.0872894,0
                108.1415706,16.0870556,0
                108.1414737,16.0869648,0
                108.1413031,16.0870427,0
                108.1411673,16.0869145,0
                108.1413891,16.0867267,0
                108.140994,16.0864178,0
                108.1411763,16.0861498,0
                108.1412836,16.0862124,0
                108.1429921,16.0873347,0
                108.1433081,16.0874555,0
                108.1436085,16.0867957,0
                108.1439631,16.0858863,0
                108.1444727,16.0860409,0
              </coordinates>
            </LinearRing>
          </outerBoundaryIs>
        </Polygon>
      </Placemark>
      <Placemark>
        <name>TỔ 2</name>
        <styleUrl>#icon-1899-E65100-nodesc</styleUrl>
        <Point>
          <coordinates>
            108.1504078,16.0707275,0
          </coordinates>
        </Point>
      </Placemark>
      <Placemark>
        <name>TỔ 1</name>
        <styleUrl>#icon-1899-E65100-nodesc</styleUrl>
        <Point>
          <coordinates>
            108.1497105,16.0688305,0
          </coordinates>
        </Point>
      </Placemark>
      <Placemark>
        <name>TỔ 3</name>
        <styleUrl>#icon-1899-E65100-nodesc</styleUrl>
        <Point>
          <coordinates>
            108.1519313,16.0700883,0
          </coordinates>
        </Point>
      </Placemark>
      <Placemark>
        <name>Tổ 38</name>
        <styleUrl>#poly-FFEA00-6801-0-nodesc</styleUrl>
        <MultiGeometry>
          <Polygon>
            <outerBoundaryIs>
              <LinearRing>
                <tessellate>1</tessellate>
                <coordinates>
                  108.1436695,16.0879489,0
                  108.1436454,16.0880314,0
                  108.1436403,16.0880294,0
                  108.1436695,16.0879489,0
                </coordinates>
              </LinearRing>
            </outerBoundaryIs>
          </Polygon>
          <Polygon>
            <outerBoundaryIs>
              <LinearRing>
                <tessellate>1</tessellate>
                <coordinates>
                  108.1436403,16.0880294,0
                  108.1433503,16.0888303,0
                  108.1425993,16.088588,0
                  108.142079,16.0884128,0
                  108.1419556,16.0888303,0
                  108.1407754,16.0884179,0
                  108.139506,16.0879056,0
                  108.1397635,16.0877097,0
                  108.1407273,16.0875832,0
                  108.1409441,16.0874948,0
                  108.1415342,16.0875979,0
                  108.1415549,16.087442,0
                  108.1419733,16.0872178,0
                  108.1420551,16.0872088,0
                  108.1421182,16.0873183,0
                  108.1421584,16.0872977,0
                  108.1422107,16.0873904,0
                  108.1422952,16.0875425,0
                  108.1425403,16.0876319,0
                  108.1430097,16.0877814,0
                  108.1436403,16.0880294,0
                </coordinates>
              </LinearRing>
            </outerBoundaryIs>
          </Polygon>
        </MultiGeometry>
      </Placemark>
      <Placemark>
        <name>TỔ 7</name>
        <styleUrl>#icon-1899-E65100-nodesc</styleUrl>
        <Point>
          <coordinates>
            108.1517597,16.0711134,0
          </coordinates>
        </Point>
      </Placemark>
      <Placemark>
        <name>TỔ 8</name>
        <styleUrl>#icon-1899-FF5252-nodesc</styleUrl>
        <Point>
          <coordinates>
            108.1518026,16.072031,0
          </coordinates>
        </Point>
      </Placemark>
      <Placemark>
        <name>Tổ 42</name>
        <styleUrl>#poly-C2185B-5901-0-nodesc</styleUrl>
        <Polygon>
          <outerBoundaryIs>
            <LinearRing>
              <tessellate>1</tessellate>
              <coordinates>
                108.14157,16.0863885,0
                108.1418911,16.0858979,0
                108.1425938,16.0862973,0
                108.1428714,16.0858064,0
                108.1429331,16.0858219,0
                108.1435179,16.0860358,0
                108.1432765,16.0866105,0
                108.1433382,16.086644,0
                108.1436085,16.0867957,0
                108.1433081,16.0874555,0
                108.1429165,16.0872957,0
                108.1423639,16.0869143,0
                108.1420689,16.0867339,0
                108.14157,16.0863885,0
              </coordinates>
            </LinearRing>
          </outerBoundaryIs>
        </Polygon>
      </Placemark>
      <Placemark>
        <name>TỔ 6</name>
        <styleUrl>#icon-1899-E65100-nodesc</styleUrl>
        <Point>
          <coordinates>
            108.1535192,16.0710722,0
          </coordinates>
        </Point>
      </Placemark>
      <Placemark>
        <name>TỔ 5</name>
        <styleUrl>#icon-1899-E65100-nodesc</styleUrl>
        <Point>
          <coordinates>
            108.1547637,16.0714227,0
          </coordinates>
        </Point>
      </Placemark>
      <Placemark>
        <name>TỔ 9</name>
        <styleUrl>#icon-1899-E65100-nodesc</styleUrl>
        <Point>
          <coordinates>
            108.1516631,16.0730207,0
          </coordinates>
        </Point>
      </Placemark>
      <Placemark>
        <name>Tổ 43</name>
        <styleUrl>#poly-FFEA00-5601-0-nodesc</styleUrl>
        <Polygon>
          <outerBoundaryIs>
            <LinearRing>
              <tessellate>1</tessellate>
              <coordinates>
                108.1457452,16.0763651,0
                108.1439589,16.0757775,0
                108.1447045,16.0752672,0
                108.1453161,16.074963,0
                108.1465391,16.0740094,0
                108.1457452,16.0763651,0
              </coordinates>
            </LinearRing>
          </outerBoundaryIs>
        </Polygon>
      </Placemark>
      <Placemark>
        <name>Tổ 60</name>
        <styleUrl>#poly-F57C00-6001-0-nodesc</styleUrl>
        <Polygon>
          <outerBoundaryIs>
            <LinearRing>
              <tessellate>1</tessellate>
              <coordinates>
                108.1439589,16.0757775,0
                108.1434236,16.0754628,0
                108.1434021,16.075102,0
                108.1430373,16.0742566,0
                108.1433431,16.0741947,0
                108.1435577,16.0741432,0
                108.1439171,16.0739215,0
                108.1442282,16.0736844,0
                108.1445286,16.0734318,0
                108.1450061,16.0740504,0
                108.1452528,16.0744422,0
                108.1454781,16.0748545,0
                108.1446467,16.0752514,0
                108.1439589,16.0757775,0
              </coordinates>
            </LinearRing>
          </outerBoundaryIs>
        </Polygon>
      </Placemark>
      <Placemark>
        <name>Tổ 61</name>
        <styleUrl>#poly-F57C00-6001-0-nodesc</styleUrl>
        <Polygon>
          <outerBoundaryIs>
            <LinearRing>
              <tessellate>1</tessellate>
              <coordinates>
                108.1430373,16.0742566,0
                108.1428167,16.0733124,0
                108.143203,16.0731681,0
                108.1439271,16.072864,0
                108.1440934,16.0727712,0
                108.1445286,16.0734318,0
                108.1441525,16.0737351,0
                108.1437448,16.0740083,0
                108.1435577,16.0741432,0
                108.1430373,16.0742566,0
              </coordinates>
            </LinearRing>
          </outerBoundaryIs>
        </Polygon>
      </Placemark>
      <Placemark>
        <name>Tổ 62</name>
        <styleUrl>#poly-F57C00-5401-0-nodesc</styleUrl>
        <Polygon>
          <outerBoundaryIs>
            <LinearRing>
              <tessellate>1</tessellate>
              <coordinates>
                108.1428167,16.0733124,0
                108.1424474,16.0723566,0
                108.1422114,16.0717432,0
                108.1431287,16.0712226,0
                108.1434559,16.071769,0
                108.1436597,16.0722535,0
                108.1438582,16.0726144,0
                108.1440513,16.0727793,0
                108.1428167,16.0733124,0
              </coordinates>
            </LinearRing>
          </outerBoundaryIs>
        </Polygon>
      </Placemark>
      <Placemark>
        <name>TỔ 11</name>
        <styleUrl>#icon-1899-E65100-nodesc</styleUrl>
        <Point>
          <coordinates>
            108.1492406,16.0764098,0
          </coordinates>
        </Point>
      </Placemark>
      <Placemark>
        <name>TỔ 13</name>
        <styleUrl>#icon-1899-E65100-nodesc</styleUrl>
        <Point>
          <coordinates>
            108.1536233,16.0775696,0
          </coordinates>
        </Point>
      </Placemark>
      <Placemark>
        <name>TỔ 10</name>
        <styleUrl>#icon-1899-E65100-nodesc</styleUrl>
        <Point>
          <coordinates>
            108.1502452,16.0757591,0
          </coordinates>
        </Point>
      </Placemark>
      <Placemark>
        <name>Tổ 44</name>
        <styleUrl>#poly-F9A825-6321-0-nodesc</styleUrl>
        <Polygon>
          <outerBoundaryIs>
            <LinearRing>
              <tessellate>1</tessellate>
              <coordinates>
                108.1458762,16.0718021,0
                108.1461981,16.0724104,0
                108.1463483,16.0727815,0
                108.1466702,16.0734413,0
                108.1469491,16.0738125,0
                108.1463398,16.0740341,0
                108.1454781,16.0748545,0
                108.1445286,16.0734318,0
                108.1440934,16.0727712,0
                108.1458762,16.0718021,0
              </coordinates>
            </LinearRing>
          </outerBoundaryIs>
        </Polygon>
      </Placemark>
      <Placemark>
        <name>Tổ 63</name>
        <styleUrl>#poly-F57C00-5501-0-nodesc</styleUrl>
        <Polygon>
          <outerBoundaryIs>
            <LinearRing>
              <tessellate>1</tessellate>
              <coordinates>
                108.1440934,16.0727712,0
                108.1437949,16.0724898,0
                108.1436662,16.0722114,0
                108.1435321,16.0719279,0
                108.1433872,16.0716393,0
                108.1431287,16.0712226,0
                108.1449215,16.0702475,0
                108.1452648,16.070897,0
                108.1453077,16.0709073,0
                108.145651,16.0714228,0
                108.1458762,16.0718021,0
                108.1440934,16.0727712,0
              </coordinates>
            </LinearRing>
          </outerBoundaryIs>
        </Polygon>
      </Placemark>
      <Placemark>
        <name>TỔ 15</name>
        <styleUrl>#icon-1899-FF5252-nodesc</styleUrl>
        <Point>
          <coordinates>
            108.1493622,16.0783932,0
          </coordinates>
        </Point>
      </Placemark>
      <Placemark>
        <name>TỔ 16</name>
        <styleUrl>#icon-1899-E65100-nodesc</styleUrl>
        <Point>
          <coordinates>
            108.1502956,16.0785272,0
          </coordinates>
        </Point>
      </Placemark>
      <Placemark>
        <name>Tổ 23</name>
        <styleUrl>#line-FFD600-8750-nodesc</styleUrl>
        <LineString>
          <tessellate>1</tessellate>
          <coordinates>
            108.1457811,16.0787884,0
            108.1454122,16.0786651,0
            108.1459057,16.078062,0
            108.1461632,16.0783043,0
            108.14641,16.0779899,0
            108.146528,16.0778765,0
            108.1469303,16.0767012,0
            108.1481159,16.0771445,0
            108.147338,16.0792218,0
            108.147208,16.0795203,0
            108.1457811,16.0787884,0
            108.1469613,16.0793863,0
            108.1465107,16.0803656,0
            108.1460332,16.0801337,0
            108.1455397,16.0798914,0
            108.1452929,16.0801904,0
            108.1462371,16.0807677,0
            108.1465528,16.0809619,0
            108.147208,16.0795306,0
            108.1458026,16.0787884,0
          </coordinates>
        </LineString>
      </Placemark>
      <Placemark>
        <name>TỔ 14</name>
        <styleUrl>#icon-1899-E65100-nodesc</styleUrl>
        <Point>
          <coordinates>
            108.1479664,16.0796562,0
          </coordinates>
        </Point>
      </Placemark>
      <Placemark>
        <name>TỔ 27</name>
        <styleUrl>#icon-1899-0288D1-nodesc</styleUrl>
        <Point>
          <coordinates>
            108.1479043,16.0817429,0
          </coordinates>
        </Point>
      </Placemark>
      <Placemark>
        <name>TỔ 28</name>
        <styleUrl>#icon-1899-0288D1-nodesc</styleUrl>
        <Point>
          <coordinates>
            108.1496209,16.08298,0
          </coordinates>
        </Point>
      </Placemark>
      <Placemark>
        <name>TỔ 25</name>
        <styleUrl>#icon-1899-0288D1-nodesc</styleUrl>
        <Point>
          <coordinates>
            108.1445461,16.0810316,0
          </coordinates>
        </Point>
      </Placemark>
      <Placemark>
        <name>Tổ 22</name>
        <styleUrl>#poly-FFD600-5701-0-nodesc</styleUrl>
        <Polygon>
          <outerBoundaryIs>
            <LinearRing>
              <tessellate>1</tessellate>
              <coordinates>
                108.1471971,16.0750628,0
                108.147283,16.0747844,0
                108.1476424,16.0748411,0
                108.1478462,16.0748411,0
                108.1480072,16.0748308,0
                108.1481574,16.0747741,0
                108.148329,16.0746813,0
                108.1483505,16.0746143,0
                108.1486724,16.0747226,0
                108.1489245,16.0747844,0
                108.1490586,16.0748618,0
                108.1482019,16.0770938,0
                108.1478157,16.0769392,0
                108.1484165,16.0753825,0
                108.1471971,16.0750628,0
              </coordinates>
            </LinearRing>
          </outerBoundaryIs>
        </Polygon>
      </Placemark>
      <Placemark>
        <name>Tổ 21</name>
        <styleUrl>#poly-FFD600-6201-0-nodesc</styleUrl>
        <Polygon>
          <outerBoundaryIs>
            <LinearRing>
              <tessellate>1</tessellate>
              <coordinates>
                108.1457425,16.0763548,0
                108.1465567,16.074077,0
                108.1469537,16.074077,0
                108.1483263,16.074671,0
                108.14793,16.074809,0
                108.1472803,16.0747741,0
                108.1471944,16.0750525,0
                108.1464602,16.0749018,0
                108.1459559,16.0764172,0
                108.1457425,16.0763548,0
              </coordinates>
            </LinearRing>
          </outerBoundaryIs>
        </Polygon>
      </Placemark>
      <Placemark>
        <name>Tổ 20</name>
        <styleUrl>#poly-C2185B-6201-0-nodesc</styleUrl>
        <Polygon>
          <outerBoundaryIs>
            <LinearRing>
              <tessellate>1</tessellate>
              <coordinates>
                108.1490603,16.0748138,0
                108.1481269,16.0745045,0
                108.1470272,16.0740715,0
                108.1465567,16.074077,0
                108.1469896,16.0738241,0
                108.1473437,16.0736489,0
                108.1492588,16.0744788,0
                108.1490603,16.0748138,0
              </coordinates>
            </LinearRing>
          </outerBoundaryIs>
        </Polygon>
      </Placemark>
      <Placemark>
        <name>Tổ 19</name>
        <styleUrl>#poly-C2185B-5801-0-nodesc</styleUrl>
        <Polygon>
          <outerBoundaryIs>
            <LinearRing>
              <tessellate>1</tessellate>
              <coordinates>
                108.1473437,16.0736489,0
                108.1471293,16.0733732,0
                108.1469577,16.0731412,0
                108.1468772,16.073033,0
                108.1471347,16.0728474,0
                108.1473922,16.0726824,0
                108.1474029,16.0728422,0
                108.1474887,16.0728938,0
                108.1479635,16.0727134,0
                108.148111,16.0729505,0
                108.1484704,16.0731154,0
                108.1487386,16.0732495,0
                108.1489559,16.0733757,0
                108.1491946,16.0734943,0
                108.1495728,16.0736464,0
                108.1492588,16.0744788,0
                108.1473437,16.0736489,0
              </coordinates>
            </LinearRing>
          </outerBoundaryIs>
        </Polygon>
      </Placemark>
      <Placemark>
        <name>Tổ 18</name>
        <styleUrl>#poly-C2185B-5901-0-nodesc</styleUrl>
        <Polygon>
          <outerBoundaryIs>
            <LinearRing>
              <tessellate>1</tessellate>
              <coordinates>
                108.1495814,16.0736689,0
                108.148259,16.0731611,0
                108.1479211,16.0727076,0
                108.1474436,16.0728519,0
                108.1473632,16.0726457,0
                108.1476689,16.0724344,0
                108.1493051,16.071723,0
                108.1496055,16.0719292,0
                108.1499059,16.0715941,0
                108.150378,16.0717591,0
                108.1495814,16.0736689,0
              </coordinates>
            </LinearRing>
          </outerBoundaryIs>
        </Polygon>
      </Placemark>
      <Placemark>
        <name>Tổ 50</name>
        <styleUrl>#poly-A52714-5801-0-nodesc</styleUrl>
        <Polygon>
          <outerBoundaryIs>
            <LinearRing>
              <tessellate>1</tessellate>
              <coordinates>
                108.1474458,16.0704321,0
                108.1499059,16.0715941,0
                108.1496055,16.0719292,0
                108.1492854,16.0717225,0
                108.1486953,16.0719725,0
                108.1485076,16.0718668,0
                108.1482474,16.0713745,0
                108.1477005,16.0716951,0
                108.1475651,16.0714746,0
                108.1473774,16.0711602,0
                108.1471092,16.0712813,0
                108.1469187,16.0709566,0
                108.14725,16.0708728,0
                108.1471776,16.0707259,0
                108.1473465,16.0706331,0
                108.1474458,16.0704321,0
              </coordinates>
            </LinearRing>
          </outerBoundaryIs>
        </Polygon>
      </Placemark>
      <Placemark>
        <name>TỔ 4</name>
        <styleUrl>#icon-1899-E65100-nodesc</styleUrl>
        <Point>
          <coordinates>
            108.1551977,16.0731636,0
          </coordinates>
        </Point>
      </Placemark>
      <Placemark>
        <name>Tổ 47</name>
        <styleUrl>#poly-FFCC80-6701-0-nodesc</styleUrl>
        <Polygon>
          <outerBoundaryIs>
            <LinearRing>
              <tessellate>1</tessellate>
              <coordinates>
                108.146093,16.0714925,0
                108.1465234,16.0712038,0
                108.1469901,16.072017,0
                108.1465878,16.0722232,0
                108.146093,16.0714925,0
              </coordinates>
            </LinearRing>
          </outerBoundaryIs>
        </Polygon>
      </Placemark>
      <Placemark>
        <name>Tổ 46</name>
        <styleUrl>#poly-FFCC80-5601-0-nodesc</styleUrl>
        <Polygon>
          <outerBoundaryIs>
            <LinearRing>
              <tessellate>1</tessellate>
              <coordinates>
                108.1457809,16.0716161,0
                108.1459565,16.0714988,0
                108.1460607,16.0715105,0
                108.1465878,16.0722232,0
                108.1469901,16.072017,0
                108.147135,16.0718624,0
                108.1473922,16.0726824,0
                108.1468772,16.073033,0
                108.1473013,16.0736459,0
                108.1469491,16.0738125,0
                108.1465824,16.073249,0
                108.1464322,16.0728521,0
                108.1462337,16.0724449,0
                108.1457809,16.0716161,0
              </coordinates>
            </LinearRing>
          </outerBoundaryIs>
        </Polygon>
      </Placemark>
      <Placemark>
        <name>Tổ 48</name>
        <styleUrl>#poly-006064-6001-0-nodesc</styleUrl>
        <Polygon>
          <outerBoundaryIs>
            <LinearRing>
              <tessellate>1</tessellate>
              <coordinates>
                108.1491989,16.0683,0
                108.1487483,16.0695268,0
                108.1470853,16.0688051,0
                108.1468439,16.0689907,0
                108.1464416,16.0685216,0
                108.1472248,16.0678103,0
                108.1476862,16.0674133,0
                108.1480402,16.0677536,0
                108.1482816,16.0678979,0
                108.1491989,16.0683,0
              </coordinates>
            </LinearRing>
          </outerBoundaryIs>
        </Polygon>
      </Placemark>
      <Placemark>
        <name>Tổ 49</name>
        <styleUrl>#poly-006064-5201-0-nodesc</styleUrl>
        <Polygon>
          <outerBoundaryIs>
            <LinearRing>
              <tessellate>1</tessellate>
              <coordinates>
                108.1461672,16.0694827,0
                108.1468439,16.0689907,0
                108.1471061,16.0688709,0
                108.1487483,16.0695268,0
                108.1482327,16.0706545,0
                108.1479535,16.0704828,0
                108.148093,16.0702199,0
                108.1461672,16.0694827,0
              </coordinates>
            </LinearRing>
          </outerBoundaryIs>
        </Polygon>
      </Placemark>
      <Placemark>
        <name>Tổ 53</name>
        <styleUrl>#poly-FFD600-6701-0-nodesc</styleUrl>
        <Polygon>
          <outerBoundaryIs>
            <LinearRing>
              <tessellate>1</tessellate>
              <coordinates>
                108.1468293,16.0680931,0
                108.146373,16.0685244,0
                108.1454373,16.0689166,0
                108.1453905,16.0689352,0
                108.1453098,16.0686679,0
                108.1452481,16.0684398,0
                108.1451811,16.0681472,0
                108.1451558,16.0680884,0
                108.1450874,16.0681116,0
                108.1450148,16.0679823,0
                108.1453849,16.0678585,0
                108.1452186,16.0673328,0
                108.1458892,16.0671523,0
                108.146136,16.0671111,0
                108.1464149,16.067142,0
                108.1468293,16.0680931,0
              </coordinates>
            </LinearRing>
          </outerBoundaryIs>
        </Polygon>
      </Placemark>
      <Placemark>
        <name>Tổ 54</name>
        <styleUrl>#poly-FFD600-6001-0-nodesc</styleUrl>
        <Polygon>
          <outerBoundaryIs>
            <LinearRing>
              <tessellate>1</tessellate>
              <coordinates>
                108.1452001,16.067341,0
                108.1453849,16.0678585,0
                108.1450148,16.0679823,0
                108.1450606,16.0681709,0
                108.1451572,16.0681864,0
                108.1452484,16.0684802,0
                108.1453771,16.0689184,0
                108.1439448,16.0696091,0
                108.143682,16.0683204,0
                108.1449694,16.0679776,0
                108.1453342,16.0678462,0
                108.1452001,16.067341,0
              </coordinates>
            </LinearRing>
          </outerBoundaryIs>
        </Polygon>
      </Placemark>
      <Placemark>
        <name>Tổ 55</name>
        <styleUrl>#poly-01579B-6001-0-nodesc</styleUrl>
        <Polygon>
          <outerBoundaryIs>
            <LinearRing>
              <tessellate>1</tessellate>
              <coordinates>
                108.1439448,16.0696091,0
                108.1431207,16.0699896,0
                108.1429901,16.0698352,0
                108.1433793,16.0685353,0
                108.1425934,16.0677286,0
                108.1429046,16.0674399,0
                108.1435791,16.0681139,0
                108.1437303,16.0683333,0
                108.1439448,16.0696091,0
              </coordinates>
            </LinearRing>
          </outerBoundaryIs>
        </Polygon>
      </Placemark>
      <Placemark>
        <name>Tổ 56</name>
        <styleUrl>#poly-01579B-5801-0-nodesc</styleUrl>
        <Polygon>
          <outerBoundaryIs>
            <LinearRing>
              <tessellate>1</tessellate>
              <coordinates>
                108.1421626,16.0670336,0
                108.1424014,16.0672372,0
                108.1422553,16.0673805,0
                108.1426028,16.0677196,0
                108.143378,16.0685469,0
                108.1429888,16.0698468,0
                108.142801,16.0695582,0
                108.1423611,16.0693417,0
                108.1427474,16.0685891,0
                108.1421358,16.0681509,0
                108.1412453,16.0674035,0
                108.1418488,16.0667494,0
                108.1421626,16.0670336,0
              </coordinates>
            </LinearRing>
          </outerBoundaryIs>
        </Polygon>
      </Placemark>
      <Placemark>
        <name>Tổ 57</name>
        <styleUrl>#poly-01579B-5601-0-nodesc</styleUrl>
        <Polygon>
          <outerBoundaryIs>
            <LinearRing>
              <tessellate>1</tessellate>
              <coordinates>
                108.1419369,16.0667527,0
                108.1420335,16.0666599,0
                108.1424519,16.0661032,0
                108.1439755,16.0676522,0
                108.1435845,16.0681113,0
                108.1429066,16.0674383,0
                108.1426028,16.0677196,0
                108.1422553,16.0673805,0
                108.1424359,16.0672114,0
                108.1419369,16.0667527,0
              </coordinates>
            </LinearRing>
          </outerBoundaryIs>
        </Polygon>
      </Placemark>
      <Placemark>
        <name>Tổ 58</name>
        <styleUrl>#poly-01579B-6301-0-nodesc</styleUrl>
        <Polygon>
          <outerBoundaryIs>
            <LinearRing>
              <tessellate>1</tessellate>
              <coordinates>
                108.1437303,16.0683333,0
                108.1436555,16.0682163,0
                108.1436059,16.0681499,0
                108.1436461,16.0680327,0
                108.1440619,16.0675481,0
                108.1443864,16.0669914,0
                108.1444508,16.0668059,0
                108.1458563,16.0659811,0
                108.1461459,16.0665172,0
                108.1461781,16.06661,0
                108.1459582,16.0667182,0
                108.1460708,16.0670894,0
                108.1452001,16.067341,0
                108.1447012,16.0674776,0
                108.1437303,16.0683333,0
              </coordinates>
            </LinearRing>
          </outerBoundaryIs>
        </Polygon>
      </Placemark>
      <Placemark>
        <name>Tổ 59</name>
        <styleUrl>#poly-01579B-6001-0-nodesc</styleUrl>
        <Polygon>
          <outerBoundaryIs>
            <LinearRing>
              <tessellate>1</tessellate>
              <coordinates>
                108.1457919,16.0659424,0
                108.1444562,16.0668059,0
                108.1440458,16.0675713,0
                108.1430883,16.0666022,0
                108.1433565,16.0663342,0
                108.1440753,16.0658496,0
                108.145234,16.0650558,0
                108.1457919,16.0659424,0
              </coordinates>
            </LinearRing>
          </outerBoundaryIs>
        </Polygon>
      </Placemark>
      <Placemark>
        <name>Tổ 64</name>
        <styleUrl>#poly-C2185B-6001-0-nodesc</styleUrl>
        <Polygon>
          <outerBoundaryIs>
            <LinearRing>
              <tessellate>1</tessellate>
              <coordinates>
                108.1436876,16.0707193,0
                108.1432477,16.0709667,0
                108.14284,16.0712141,0
                108.1423894,16.0715028,0
                108.1419602,16.0716575,0
                108.1411449,16.071709,0
                108.1402973,16.0717812,0
                108.1399003,16.0718018,0
                108.1397394,16.070977,0
                108.139557,16.0701523,0
                108.1412951,16.0684718,0
                108.1417028,16.0688739,0
                108.1410054,16.0694409,0
                108.1404475,16.069977,0
                108.1402758,16.0702038,0
                108.1404153,16.0706265,0
                108.1404904,16.0708533,0
                108.1407372,16.0709461,0
                108.1413165,16.0705646,0
                108.1416169,16.0704719,0
                108.1417886,16.0704203,0
                108.1413165,16.0697914,0
                108.1416062,16.0693893,0
                108.141971,16.0691316,0
                108.1425611,16.0695234,0
                108.1429676,16.0699568,0
                108.1436876,16.0707193,0
              </coordinates>
            </LinearRing>
          </outerBoundaryIs>
        </Polygon>
      </Placemark>
      <Placemark>
        <name>Tổ 65</name>
        <styleUrl>#poly-C2185B-5101-0-nodesc</styleUrl>
        <Polygon>
          <outerBoundaryIs>
            <LinearRing>
              <tessellate>1</tessellate>
              <coordinates>
                108.1380987,16.0725847,0
                108.1375837,16.0713991,0
                108.1373477,16.0709043,0
                108.1381524,16.0703785,0
                108.1394023,16.0697187,0
                108.1399003,16.0718018,0
                108.1380987,16.0725847,0
              </coordinates>
            </LinearRing>
          </outerBoundaryIs>
        </Polygon>
      </Placemark>
      <Placemark>
        <name>Tổ 66</name>
        <styleUrl>#line-C2185B-4488-nodesc</styleUrl>
        <LineString>
          <tessellate>1</tessellate>
          <coordinates>
            108.13624,16.0696993,0
            108.1369505,16.070534,0
            108.1373477,16.0709043,0
            108.1380987,16.0725847,0
            108.1367252,16.0731217,0
            108.1363681,16.0732761,0
            108.1361485,16.0728073,0
            108.1359942,16.0724619,0
            108.1359563,16.0723911,0
            108.1358898,16.0722953,0
            108.1363511,16.0720943,0
            108.1368178,16.0719139,0
            108.136883,16.0715385,0
            108.13624,16.0696993,0
          </coordinates>
        </LineString>
      </Placemark>
      <Placemark>
        <name>Tổ 67</name>
        <styleUrl>#poly-C2185B-5701-0-nodesc</styleUrl>
        <Polygon>
          <outerBoundaryIs>
            <LinearRing>
              <tessellate>1</tessellate>
              <coordinates>
                108.1363681,16.0732761,0
                108.1351718,16.0738999,0
                108.1349787,16.0737194,0
                108.1347695,16.0737298,0
                108.1345334,16.0736318,0
                108.1343993,16.0735081,0
                108.1343457,16.0734205,0
                108.1343725,16.0731421,0
                108.1346461,16.0728071,0
                108.1348285,16.0727143,0
                108.1346139,16.0723483,0
                108.1348767,16.0721936,0
                108.1355097,16.0720905,0
                108.1358898,16.0722953,0
                108.1359942,16.0724619,0
                108.1361454,16.0728277,0
                108.1363681,16.0732761,0
              </coordinates>
            </LinearRing>
          </outerBoundaryIs>
        </Polygon>
      </Placemark>
      <Placemark>
        <name>Tổ 76</name>
        <styleUrl>#poly-097138-6401-0-nodesc</styleUrl>
        <Polygon>
          <outerBoundaryIs>
            <LinearRing>
              <tessellate>1</tessellate>
              <coordinates>
                108.1351718,16.0738999,0
                108.1345526,16.0745024,0
                108.1339088,16.0748633,0
                108.1336071,16.0750784,0
                108.1331471,16.07542,0
                108.1326938,16.075737,0
                108.1325892,16.0757859,0
                108.1322566,16.0755256,0
                108.1321171,16.0754457,0
                108.1320179,16.0755127,0
                108.1318757,16.0753736,0
                108.1316944,16.0752225,0
                108.13163,16.0750421,0
                108.1318338,16.0749545,0
                108.1318821,16.0748411,0
                108.1318768,16.0747225,0
                108.1318176,16.0745882,0
                108.1316924,16.0745491,0
                108.1316522,16.0742475,0
                108.1314805,16.0742733,0
                108.1314269,16.0738197,0
                108.1314121,16.0736173,0
                108.1316643,16.0734008,0
                108.1322061,16.0732153,0
                108.1328927,16.0732823,0
                108.1337242,16.0732668,0
                108.1343733,16.073107,0
                108.1342928,16.0734215,0
                108.1344216,16.0736173,0
                108.1346952,16.0737307,0
                108.1348185,16.0737771,0
                108.1351718,16.0738999,0
              </coordinates>
            </LinearRing>
          </outerBoundaryIs>
        </Polygon>
      </Placemark>
      <Placemark>
        <name>Tổ 72</name>
        <styleUrl>#poly-0288D1-3101-0-nodesc</styleUrl>
        <Polygon>
          <outerBoundaryIs>
            <LinearRing>
              <tessellate>1</tessellate>
              <coordinates>
                108.1328096,16.0760867,0
                108.1326055,16.0762795,0
                108.1323802,16.0760269,0
                108.1320584,16.0760269,0
                108.1322354,16.0762743,0
                108.1320208,16.0763568,0
                108.1318599,16.0764547,0
                108.1317848,16.0764856,0
                108.1316024,16.0765836,0
                108.1311518,16.0765217,0
                108.1310659,16.076496,0
                108.1309801,16.0764393,0
                108.1308675,16.0763671,0
                108.1304276,16.0756558,0
                108.1302559,16.0753155,0
                108.13163,16.0750421,0
                108.1316944,16.0752225,0
                108.1318133,16.0753115,0
                108.1319001,16.0753941,0
                108.1320154,16.0755024,0
                108.1321171,16.0754457,0
                108.132348,16.075599,0
                108.1325892,16.0757859,0
                108.1328096,16.0760867,0
              </coordinates>
            </LinearRing>
          </outerBoundaryIs>
        </Polygon>
      </Placemark>
      <Placemark>
        <name>Tổ 77</name>
        <styleUrl>#poly-0F9D58-6501-0-nodesc</styleUrl>
        <Polygon>
          <outerBoundaryIs>
            <LinearRing>
              <tessellate>1</tessellate>
              <coordinates>
                108.13163,16.0750421,0
                108.1304745,16.0752722,0
                108.1298388,16.0753804,0
                108.1294814,16.0754448,0
                108.1290999,16.0754938,0
                108.1284172,16.0755351,0
                108.1275267,16.0754629,0
                108.1274838,16.0752464,0
                108.1272585,16.0750918,0
                108.1273336,16.0748546,0
                108.1277091,16.0746897,0
                108.1279559,16.0745454,0
                108.1282134,16.0740917,0
                108.1283314,16.073535,0
                108.1293721,16.0737618,0
                108.1303484,16.0737928,0
                108.1314642,16.0734113,0
                108.1313891,16.0737206,0
                108.1313569,16.0740093,0
                108.1314805,16.0742733,0
                108.1315822,16.0743392,0
                108.1316924,16.0745491,0
                108.1317968,16.0747515,0
                108.1318338,16.0749545,0
                108.13163,16.0750421,0
              </coordinates>
            </LinearRing>
          </outerBoundaryIs>
        </Polygon>
      </Placemark>
      <Placemark>
        <name>Tổ 74</name>
        <styleUrl>#poly-0288D1-3401-0-nodesc</styleUrl>
        <Polygon>
          <outerBoundaryIs>
            <LinearRing>
              <tessellate>1</tessellate>
              <coordinates>
                108.1282954,16.0779163,0
                108.1286857,16.0782797,0
                108.1282404,16.0787694,0
                108.1281331,16.0791199,0
                108.1271461,16.0788725,0
                108.1263092,16.0788106,0
                108.1262234,16.0787281,0
                108.1260517,16.0785426,0
                108.1260303,16.0782024,0
                108.1260624,16.0779034,0
                108.1261375,16.0776354,0
                108.1259552,16.0774189,0
                108.1258371,16.0773673,0
                108.1256655,16.0772024,0
                108.1256655,16.0770787,0
                108.1257084,16.0767385,0
                108.1258479,16.0767075,0
                108.125923,16.0767075,0
                108.1260839,16.0768622,0
                108.1263199,16.0768622,0
                108.1265238,16.0769343,0
                108.1265667,16.0771096,0
                108.1267169,16.0771508,0
                108.1270066,16.0771405,0
                108.127704,16.0771302,0
                108.1277469,16.0773261,0
                108.1278542,16.0775632,0
                108.1282954,16.0779163,0
              </coordinates>
            </LinearRing>
          </outerBoundaryIs>
        </Polygon>
      </Placemark>
      <Placemark>
        <name>Tổ 75</name>
        <styleUrl>#poly-0288D1-3301-0-nodesc</styleUrl>
        <Polygon>
          <outerBoundaryIs>
            <LinearRing>
              <tessellate>1</tessellate>
              <coordinates>
                108.1286857,16.0782797,0
                108.1280534,16.0777206,0
                108.1278502,16.0775697,0
                108.1277544,16.0773326,0
                108.1277,16.0771366,0
                108.1277397,16.077129,0
                108.1279757,16.0770273,0
                108.1281246,16.0769629,0
                108.1282828,16.0768816,0
                108.1284612,16.0768262,0
                108.1285631,16.0767695,0
                108.1285631,16.0766922,0
                108.1286972,16.076553,0
                108.128751,16.0765815,0
                108.1289135,16.0764863,0
                108.1290942,16.0765092,0
                108.1292497,16.0764551,0
                108.1293355,16.0763984,0
                108.1293504,16.0763319,0
                108.1293221,16.0761741,0
                108.129754,16.0759706,0
                108.1304276,16.0756584,0
                108.1305298,16.0758359,0
                108.1306793,16.0760646,0
                108.1309663,16.0765118,0
                108.1307893,16.0766974,0
                108.1301295,16.0769293,0
                108.1296896,16.0771974,0
                108.1292819,16.0775118,0
                108.1289547,16.0777541,0
                108.1287508,16.0780427,0
                108.1286857,16.0782797,0
              </coordinates>
            </LinearRing>
          </outerBoundaryIs>
        </Polygon>
      </Placemark>
      <Placemark>
        <name>Tổ 73</name>
        <styleUrl>#poly-0288D1-3501-0-nodesc</styleUrl>
        <Polygon>
          <outerBoundaryIs>
            <LinearRing>
              <tessellate>1</tessellate>
              <coordinates>
                108.1277001,16.0771284,0
                108.127676,16.0764995,0
                108.1275579,16.076417,0
                108.1273434,16.0763758,0
                108.1270751,16.0762727,0
                108.126882,16.0761696,0
                108.1268391,16.0758397,0
                108.1268069,16.0753552,0
                108.1258413,16.0751387,0
                108.1256053,16.0749737,0
                108.1254765,16.074551,0
                108.1255195,16.0743861,0
                108.1255624,16.0742211,0
                108.1256375,16.0741181,0
                108.1258306,16.0738603,0
                108.1259915,16.0737675,0
                108.1263134,16.0738294,0
                108.126367,16.0739222,0
                108.12641,16.0742211,0
                108.1262168,16.0744892,0
                108.1259915,16.0747882,0
                108.1272665,16.0751176,0
                108.1273541,16.0753242,0
                108.1274185,16.0754686,0
                108.1276652,16.0755201,0
                108.1284913,16.0755511,0
                108.1289634,16.0755407,0
                108.1294999,16.0754673,0
                108.1302639,16.0753413,0
                108.1304356,16.0756816,0
                108.129762,16.0759938,0
                108.1293255,16.0761773,0
                108.129349,16.0763319,0
                108.1293342,16.0763984,0
                108.1292545,16.0764505,0
                108.1290788,16.076515,0
                108.1289081,16.0764902,0
                108.1287456,16.0765854,0
                108.1287039,16.0765543,0
                108.1285671,16.0766857,0
                108.1285671,16.076763,0
                108.1284652,16.0768197,0
                108.1282868,16.0768752,0
                108.1280448,16.076993,0
                108.1277001,16.0771284,0
              </coordinates>
            </LinearRing>
          </outerBoundaryIs>
        </Polygon>
      </Placemark>
      <Placemark>
        <name>Tổ 70</name>
        <styleUrl>#poly-E65100-6401-0-nodesc</styleUrl>
        <Polygon>
          <outerBoundaryIs>
            <LinearRing>
              <tessellate>1</tessellate>
              <coordinates>
                108.1241505,16.0748061,0
                108.1236516,16.07477,0
                108.1237106,16.0745071,0
                108.1219779,16.0745277,0
                108.1215219,16.0745277,0
                108.1215112,16.0738318,0
                108.1215971,16.0735792,0
                108.1216936,16.0734762,0
                108.1222944,16.0733731,0
                108.1226699,16.0733061,0
                108.1233512,16.0734504,0
                108.1240807,16.0735638,0
                108.1239037,16.0738679,0
                108.1239734,16.0740071,0
                108.1244241,16.0740535,0
                108.1242953,16.0743009,0
                108.1241505,16.0748061,0
              </coordinates>
            </LinearRing>
          </outerBoundaryIs>
        </Polygon>
      </Placemark>
      <Placemark>
        <name>Tổ 71</name>
        <styleUrl>#line-1A237E-9138-nodesc</styleUrl>
        <LineString>
          <tessellate>1</tessellate>
          <coordinates>
            108.1218545,16.077471,0
            108.1212215,16.0771927,0
            108.1210713,16.0769762,0
            108.1210391,16.0766257,0
            108.1210498,16.0763267,0
            108.1210391,16.076069,0
            108.1210606,16.0757803,0
            108.1210177,16.0756257,0
            108.1207709,16.0754813,0
            108.1204276,16.0754195,0
            108.1201593,16.0752545,0
            108.1197731,16.0748525,0
            108.1197624,16.0747597,0
            108.1197838,16.0745741,0
            108.1199019,16.0743885,0
            108.1203954,16.0740793,0
            108.1208889,16.0738525,0
            108.1212322,16.0735226,0
            108.1215005,16.0733267,0
            108.1215971,16.0735792,0
            108.1215005,16.0739762,0
            108.1214683,16.0742545,0
            108.1215219,16.0745277,0
            108.1215756,16.074636,0
            108.1221442,16.074605,0
            108.1220262,16.0749865,0
            108.1220262,16.0752133,0
            108.1220691,16.0753886,0
            108.1220905,16.075502,0
            108.1220905,16.0756772,0
            108.1221013,16.0759349,0
            108.122112,16.0760999,0
            108.1221764,16.0764916,0
            108.1221871,16.0766154,0
            108.1222193,16.07677,0
            108.12223,16.0769453,0
            108.1218545,16.077471,0
          </coordinates>
        </LineString>
      </Placemark>
      <Placemark>
        <name>Tổ 68</name>
        <styleUrl>#poly-1A237E-6101-0-nodesc</styleUrl>
        <Polygon>
          <outerBoundaryIs>
            <LinearRing>
              <tessellate>1</tessellate>
              <coordinates>
                108.1167935,16.0775815,0
                108.1169168,16.0771743,0
                108.1179307,16.0772825,0
                108.1183491,16.0773238,0
                108.1187783,16.0774011,0
                108.11895,16.0774269,0
                108.1190358,16.0769372,0
                108.1190411,16.0764681,0
                108.1198485,16.0765275,0
                108.1201007,16.076896,0
                108.1202455,16.0770402,0
                108.120336,16.0772099,0
                108.1203735,16.0772357,0
                108.1204084,16.0772486,0
                108.1204379,16.0772667,0
                108.1204755,16.0772589,0
                108.1205988,16.0772538,0
                108.1209242,16.0773269,0
                108.121643,16.0773991,0
                108.1218844,16.077497,0
                108.1216698,16.0780331,0
                108.121289,16.0779867,0
                108.1211924,16.0784712,0
                108.1167935,16.0775815,0
              </coordinates>
            </LinearRing>
          </outerBoundaryIs>
        </Polygon>
      </Placemark>
      <Placemark>
        <name>Tổ 69</name>
        <styleUrl>#poly-1A237E-6001-0-nodesc</styleUrl>
        <Polygon>
          <outerBoundaryIs>
            <LinearRing>
              <tessellate>1</tessellate>
              <coordinates>
                108.1168104,16.077044,0
                108.1167674,16.0768971,0
                108.1167648,16.0766703,0
                108.1167862,16.0765337,0
                108.1167379,16.0763121,0
                108.1167379,16.0761394,0
                108.116813,16.0759306,0
                108.116923,16.0756342,0
                108.1168962,16.0754848,0
                108.1172046,16.0754229,0
                108.1173173,16.0755157,0
                108.1174273,16.0755518,0
                108.117607,16.0755724,0
                108.117674,16.0756497,0
                108.1182658,16.0755065,0
                108.1182336,16.0750322,0
                108.1194138,16.0749292,0
                108.119524,16.0751819,0
                108.1197896,16.0752308,0
                108.1199183,16.075553,0
                108.120098,16.0756484,0
                108.1201839,16.0758442,0
                108.1200551,16.0760375,0
                108.120098,16.076218,0
                108.1200599,16.0764764,0
                108.1199794,16.0764145,0
                108.1198845,16.0764052,0
                108.1197574,16.0764063,0
                108.1196661,16.0764656,0
                108.1190089,16.076432,0
                108.1189227,16.0773578,0
                108.1168104,16.077044,0
              </coordinates>
            </LinearRing>
          </outerBoundaryIs>
        </Polygon>
      </Placemark>
      <Placemark>
        <name>Tổ 78</name>
        <styleUrl>#poly-E65100-6601-0-nodesc</styleUrl>
        <Polygon>
          <outerBoundaryIs>
            <LinearRing>
              <tessellate>1</tessellate>
              <coordinates>
                108.1213877,16.07867,0
                108.1220421,16.0773814,0
                108.1224176,16.077402,0
                108.1237051,16.0777938,0
                108.1245527,16.0778865,0
                108.1253573,16.0780103,0
                108.1258509,16.0784329,0
                108.1263092,16.0788106,0
                108.1272349,16.0790309,0
                108.1266663,16.0792886,0
                108.1254646,16.0793195,0
                108.1243488,16.0792886,0
                108.1229648,16.0791443,0
                108.1224391,16.0790721,0
                108.1217632,16.0789587,0
                108.1213877,16.07867,0
              </coordinates>
            </LinearRing>
          </outerBoundaryIs>
        </Polygon>
      </Placemark>
      <Placemark>
        <name>Tổ 80</name>
        <styleUrl>#poly-E65100-6401-0-nodesc</styleUrl>
        <Polygon>
          <outerBoundaryIs>
            <LinearRing>
              <tessellate>1</tessellate>
              <coordinates>
                108.1221816,16.0757422,0
                108.1221816,16.0753092,0
                108.1220262,16.0749865,0
                108.1222782,16.0745463,0
                108.1237106,16.0745071,0
                108.1236622,16.0748453,0
                108.1237909,16.0749175,0
                108.1246492,16.0746804,0
                108.1249282,16.0746494,0
                108.1254217,16.0747525,0
                108.1255973,16.0749479,0
                108.1257972,16.0751855,0
                108.1221816,16.0757422,0
              </coordinates>
            </LinearRing>
          </outerBoundaryIs>
        </Polygon>
      </Placemark>
      <Placemark>
        <name>Tổ 79</name>
        <styleUrl>#poly-E65100-6501-0-nodesc</styleUrl>
        <Polygon>
          <outerBoundaryIs>
            <LinearRing>
              <tessellate>1</tessellate>
              <coordinates>
                108.1223425,16.0768969,0
                108.1222031,16.0763402,0
                108.1221709,16.0758041,0
                108.1258938,16.0752061,0
                108.1259474,16.0755773,0
                108.1252822,16.0758041,0
                108.1246814,16.0759381,0
                108.1245527,16.0763402,0
                108.1250033,16.0768556,0
                108.1249604,16.0769896,0
                108.1248745,16.0771443,0
                108.1248209,16.0775257,0
                108.1246492,16.0776907,0
                108.1244669,16.0777216,0
                108.1241128,16.0777216,0
                108.1239733,16.0774329,0
                108.1239733,16.077103,0
                108.1240484,16.0765876,0
                108.1239519,16.0763917,0
                108.1237266,16.0762371,0
                108.1233081,16.0762577,0
                108.1230936,16.0765463,0
                108.1230614,16.0767525,0
                108.1230828,16.0769381,0
                108.1227717,16.0770206,0
                108.1223425,16.0768969,0
              </coordinates>
            </LinearRing>
          </outerBoundaryIs>
        </Polygon>
      </Placemark>
      <Placemark>
        <name>Tổ 82</name>
        <styleUrl>#poly-FFD600-5601-74-nodesc</styleUrl>
        <Polygon>
          <outerBoundaryIs>
            <LinearRing>
              <tessellate>1</tessellate>
              <coordinates>
                108.1357608,16.0747611,0
                108.1353665,16.0739067,0
                108.1354631,16.0738757,0
                108.1399102,16.0719428,0
                108.1416188,16.0717443,0
                108.1371643,16.0740349,0
                108.1398767,16.0772121,0
                108.138199,16.0784737,0
                108.1366633,16.0766612,0
                108.1351874,16.0750694,0
                108.1357608,16.0747611,0
              </coordinates>
            </LinearRing>
          </outerBoundaryIs>
        </Polygon>
      </Placemark>
      <Placemark>
        <name>Đường thẳng 134</name>
        <styleUrl>#line-FFD600-7394-nodesc</styleUrl>
        <LineString>
          <tessellate>1</tessellate>
          <coordinates>
            108.1511633,16.0697373,0
            108.1503536,16.0716577,0
            108.1496076,16.0713301,0
            108.1496571,16.071363,0
          </coordinates>
        </LineString>
      </Placemark>
      <Placemark>
        <name>Đa giác 137</name>
        <styleUrl>#poly-9C27B0-9000-54-nodesc</styleUrl>
        <Polygon>
          <outerBoundaryIs>
            <LinearRing>
              <tessellate>1</tessellate>
              <coordinates>
                108.1549713,16.0747116,0
                108.1549685,16.0748806,0
                108.1548214,16.0755143,0
                108.1545689,16.0753819,0
                108.1544052,16.0758162,0
                108.154107,16.0765146,0
                108.1538033,16.077146,0
                108.153013,16.0784742,0
                108.1521958,16.0780459,0
                108.1517035,16.0777366,0
                108.1510939,16.077063,0
                108.1509346,16.0770639,0
                108.1505871,16.0767765,0
                108.1511504,16.0752714,0
                108.149466,16.0745858,0
                108.1501542,16.0729842,0
                108.1516722,16.0692476,0
                108.155756,16.0712799,0
                108.1549713,16.0747116,0
              </coordinates>
            </LinearRing>
          </outerBoundaryIs>
        </Polygon>
      </Placemark>
      <Placemark>
        <name>tổ 22</name>
        <styleUrl>#icon-1899-0288D1-nodesc</styleUrl>
        <Point>
          <coordinates>
            108.1484451,16.075086,0
          </coordinates>
        </Point>
      </Placemark>
      <Placemark>
        <name>tổ 49</name>
        <styleUrl>#icon-1899-0288D1-nodesc</styleUrl>
        <Point>
          <coordinates>
            108.1476676,16.0695753,0
          </coordinates>
        </Point>
      </Placemark>
      <Placemark>
        <name>tổ 51</name>
        <styleUrl>#icon-1899-0288D1-nodesc</styleUrl>
        <Point>
          <coordinates>
            108.1462943,16.0706063,0
          </coordinates>
        </Point>
      </Placemark>
      <Placemark>
        <name>TỔ 48</name>
        <styleUrl>#icon-1899-0288D1-nodesc</styleUrl>
        <Point>
          <coordinates>
            108.1478178,16.0685443,0
          </coordinates>
        </Point>
      </Placemark>
      <Placemark>
        <name>TỔ 50</name>
        <styleUrl>#icon-1899-0288D1-nodesc</styleUrl>
        <Point>
          <coordinates>
            108.1479251,16.0712042,0
          </coordinates>
        </Point>
      </Placemark>
      <Placemark>
        <name>TỔ 55 </name>
        <styleUrl>#icon-1899-0288D1-nodesc</styleUrl>
        <Point>
          <coordinates>
            108.1435235,16.0688959,0
          </coordinates>
        </Point>
      </Placemark>
      <Placemark>
        <name>TỔ 57</name>
        <styleUrl>#icon-1899-0288D1-nodesc</styleUrl>
        <Point>
          <coordinates>
            108.1428047,16.067102,0
          </coordinates>
        </Point>
      </Placemark>
      <Placemark>
        <name>TỔ 59</name>
        <styleUrl>#icon-1899-0288D1-nodesc</styleUrl>
        <Point>
          <coordinates>
            108.144414,16.0662463,0
          </coordinates>
        </Point>
      </Placemark>
      <Placemark>
        <name>TỔ 52</name>
        <styleUrl>#icon-1899-0288D1-nodesc</styleUrl>
        <Point>
          <coordinates>
            108.1448727,16.0696784,0
          </coordinates>
        </Point>
      </Placemark>
      <Placemark>
        <name>TỔ 54</name>
        <styleUrl>#icon-1899-0288D1-nodesc</styleUrl>
        <Point>
          <coordinates>
            108.1445937,16.0685238,0
          </coordinates>
        </Point>
      </Placemark>
      <Placemark>
        <name>TỔ 53</name>
        <styleUrl>#icon-1899-0288D1-nodesc</styleUrl>
        <Point>
          <coordinates>
            108.1459563,16.0679567,0
          </coordinates>
        </Point>
      </Placemark>
      <Placemark>
        <name>TỔ 64</name>
        <styleUrl>#icon-1899-0288D1-nodesc</styleUrl>
        <Point>
          <coordinates>
            108.141536,16.0709981,0
          </coordinates>
        </Point>
      </Placemark>
      <Placemark>
        <name>TỔ 65</name>
        <styleUrl>#icon-1899-0288D1-nodesc</styleUrl>
        <Point>
          <coordinates>
            108.1387787,16.0712352,0
          </coordinates>
        </Point>
      </Placemark>
      <Placemark>
        <name>TỔ 66</name>
        <styleUrl>#icon-1899-0288D1-nodesc</styleUrl>
        <Point>
          <coordinates>
            108.1370514,16.0722146,0
          </coordinates>
        </Point>
      </Placemark>
      <Placemark>
        <name>TỔ 67</name>
        <styleUrl>#icon-1899-0288D1-nodesc</styleUrl>
        <Point>
          <coordinates>
            108.1353455,16.0730806,0
          </coordinates>
        </Point>
      </Placemark>
      <Placemark>
        <name>TỔ 76</name>
        <styleUrl>#icon-1899-0288D1-nodesc</styleUrl>
        <Point>
          <coordinates>
            108.1330466,16.0744486,0
          </coordinates>
        </Point>
      </Placemark>
      <Placemark>
        <name>TỔ 77</name>
        <styleUrl>#icon-1899-0288D1-nodesc</styleUrl>
        <Point>
          <coordinates>
            108.1296992,16.0746033,0
          </coordinates>
        </Point>
      </Placemark>
      <Placemark>
        <name>TỔ 72</name>
        <styleUrl>#icon-1899-0288D1-nodesc</styleUrl>
        <Point>
          <coordinates>
            108.1315124,16.0757579,0
          </coordinates>
        </Point>
      </Placemark>
      <Placemark>
        <name>TỔ 73</name>
        <styleUrl>#icon-1899-0288D1-nodesc</styleUrl>
        <Point>
          <coordinates>
            108.1279504,16.076146,0
          </coordinates>
        </Point>
      </Placemark>
      <Placemark>
        <name>TỔ 75</name>
        <styleUrl>#icon-1899-0288D1-nodesc</styleUrl>
        <Point>
          <coordinates>
            108.1293344,16.0768985,0
          </coordinates>
        </Point>
      </Placemark>
      <Placemark>
        <name>TỔ 74</name>
        <styleUrl>#icon-1899-0288D1-nodesc</styleUrl>
        <Point>
          <coordinates>
            108.1271994,16.0781781,0
          </coordinates>
        </Point>
      </Placemark>
      <Placemark>
        <name>TỔ 78</name>
        <styleUrl>#icon-1899-0288D1-nodesc</styleUrl>
        <Point>
          <coordinates>
            108.1240366,16.0785266,0
          </coordinates>
        </Point>
      </Placemark>
      <Placemark>
        <name>TỔ 79</name>
        <styleUrl>#icon-1899-0288D1-nodesc</styleUrl>
        <Point>
          <coordinates>
            108.1238768,16.0760906,0
          </coordinates>
        </Point>
      </Placemark>
      <Placemark>
        <name>TỔ 80</name>
        <styleUrl>#icon-1899-0288D1-nodesc</styleUrl>
        <Point>
          <coordinates>
            108.1230614,16.0751627,0
          </coordinates>
        </Point>
      </Placemark>
      <Placemark>
        <name>TỔ 70</name>
        <styleUrl>#icon-1899-0288D1-nodesc</styleUrl>
        <Point>
          <coordinates>
            108.1226322,16.0741112,0
          </coordinates>
        </Point>
      </Placemark>
      <Placemark>
        <name>TỔ 71</name>
        <styleUrl>#icon-1899-0288D1-nodesc</styleUrl>
        <Point>
          <coordinates>
            108.1211946,16.0751833,0
          </coordinates>
        </Point>
      </Placemark>
      <Placemark>
        <name>TỔ 68</name>
        <styleUrl>#icon-1899-0288D1-nodesc</styleUrl>
        <Point>
          <coordinates>
            108.1196101,16.0776214,0
          </coordinates>
        </Point>
      </Placemark>
      <Placemark>
        <name>TỔ 69</name>
        <styleUrl>#icon-1899-0288D1-nodesc</styleUrl>
        <Point>
          <coordinates>
            108.1181617,16.0764235,0
          </coordinates>
        </Point>
      </Placemark>
      <Placemark>
        <name>TỔ 63</name>
        <styleUrl>#icon-1899-0288D1-nodesc</styleUrl>
        <Point>
          <coordinates>
            108.1445197,16.0716122,0
          </coordinates>
        </Point>
      </Placemark>
      <Placemark>
        <name>TỔ 62</name>
        <styleUrl>#icon-1899-0288D1-nodesc</styleUrl>
        <Point>
          <coordinates>
            108.1429426,16.072437,0
          </coordinates>
        </Point>
      </Placemark>
      <Placemark>
        <name>TỔ 60</name>
        <styleUrl>#icon-1899-0288D1-nodesc</styleUrl>
        <Point>
          <coordinates>
            108.1441657,16.074705,0
          </coordinates>
        </Point>
      </Placemark>
      <Placemark>
        <name>TỔ 61</name>
        <styleUrl>#icon-1899-0288D1-nodesc</styleUrl>
        <Point>
          <coordinates>
            108.1436078,16.073571,0
          </coordinates>
        </Point>
      </Placemark>
      <Placemark>
        <name>TỔ 44</name>
        <styleUrl>#icon-1899-0288D1-nodesc</styleUrl>
        <Point>
          <coordinates>
            108.1456248,16.0734679,0
          </coordinates>
        </Point>
      </Placemark>
      <Placemark>
        <name>TỔ 43</name>
        <styleUrl>#icon-1899-0288D1-nodesc</styleUrl>
        <Point>
          <coordinates>
            108.1453458,16.0756083,0
          </coordinates>
        </Point>
      </Placemark>
      <Placemark>
        <name>TỔ 21</name>
        <styleUrl>#icon-1899-0288D1-nodesc</styleUrl>
        <Point>
          <coordinates>
            108.1468693,16.074598,0
          </coordinates>
        </Point>
      </Placemark>
      <Placemark>
        <name>TỔ 23</name>
        <styleUrl>#icon-1899-0288D1-nodesc</styleUrl>
        <Point>
          <coordinates>
            108.1469116,16.0786852,0
          </coordinates>
        </Point>
      </Placemark>
      <Placemark>
        <name>TỔ 29</name>
        <styleUrl>#icon-1899-0288D1-nodesc</styleUrl>
        <Point>
          <coordinates>
            108.1489934,16.0842221,0
          </coordinates>
        </Point>
      </Placemark>
      <Placemark>
        <name>TỔ 26</name>
        <styleUrl>#icon-1899-0288D1-nodesc</styleUrl>
        <Point>
          <coordinates>
            108.1475664,16.0849437,0
          </coordinates>
        </Point>
      </Placemark>
      <Placemark>
        <name>TỔ 24</name>
        <styleUrl>#icon-1899-0288D1-nodesc</styleUrl>
        <Point>
          <coordinates>
            108.1446375,16.083985,0
          </coordinates>
        </Point>
      </Placemark>
      <Placemark>
        <name>TỔ 37</name>
        <styleUrl>#icon-1899-0288D1-nodesc</styleUrl>
        <Point>
          <coordinates>
            108.1463863,16.0873972,0
          </coordinates>
        </Point>
      </Placemark>
      <Placemark>
        <name>TỔ 42</name>
        <styleUrl>#icon-1899-0288D1-nodesc</styleUrl>
        <Point>
          <coordinates>
            108.1427558,16.0866528,0
          </coordinates>
        </Point>
      </Placemark>
      <Placemark>
        <name>TỔ 38</name>
        <styleUrl>#icon-1899-0288D1-nodesc</styleUrl>
        <Point>
          <coordinates>
            108.1416614,16.0881063,0
          </coordinates>
        </Point>
      </Placemark>
      <Placemark>
        <name>TỔ 39</name>
        <styleUrl>#icon-1899-0288D1-nodesc</styleUrl>
        <Point>
          <coordinates>
            108.143775,16.0871167,0
          </coordinates>
        </Point>
      </Placemark>
      <Placemark>
        <name>TỔ 35</name>
        <styleUrl>#icon-1899-0288D1-nodesc</styleUrl>
        <Point>
          <coordinates>
            108.1478468,16.0883574,0
          </coordinates>
        </Point>
      </Placemark>
      <Placemark>
        <name>TỔ 32</name>
        <styleUrl>#icon-1899-0288D1-nodesc</styleUrl>
        <Point>
          <coordinates>
            108.1498102,16.0907181,0
          </coordinates>
        </Point>
      </Placemark>
      <Placemark>
        <name>TỔ 33</name>
        <styleUrl>#icon-1899-0288D1-nodesc</styleUrl>
        <Point>
          <coordinates>
            108.149306,16.0898212,0
          </coordinates>
        </Point>
      </Placemark>
      <Placemark>
        <name>TỔ 34 </name>
        <styleUrl>#icon-1899-0288D1-nodesc</styleUrl>
        <Point>
          <coordinates>
            108.1484906,16.0892027,0
          </coordinates>
        </Point>
      </Placemark>
      <Placemark>
        <name>TỔ 36</name>
        <styleUrl>#icon-1899-0288D1-nodesc</styleUrl>
        <Point>
          <coordinates>
            108.1457762,16.0899346,0
          </coordinates>
        </Point>
      </Placemark>
      <Placemark>
        <name>TỔ 17 (Hồng Phước tổ 81 (130 hộ, 523 khẩu)</name>
        <styleUrl>#icon-1899-E65100-nodesc</styleUrl>
        <Point>
          <coordinates>
            108.1216868,16.0900659,0
          </coordinates>
        </Point>
      </Placemark>
      <Placemark>
        <name>TỔ 45 </name>
        <styleUrl>#icon-1899-0288D1-nodesc</styleUrl>
        <Point>
          <coordinates>
            108.1477452,16.0720949,0
          </coordinates>
        </Point>
      </Placemark>
      <Placemark>
        <name>TỔ 47</name>
        <styleUrl>#icon-1899-0288D1-nodesc</styleUrl>
        <Point>
          <coordinates>
            108.1465811,16.0718552,0
          </coordinates>
        </Point>
      </Placemark>
      <Placemark>
        <name>TỔ 46 </name>
        <styleUrl>#icon-1899-0288D1-nodesc</styleUrl>
        <Point>
          <coordinates>
            108.1467635,16.0725949,0
          </coordinates>
        </Point>
      </Placemark>
      <Placemark>
        <name>TỔ 18</name>
        <styleUrl>#icon-1899-F9A825-nodesc</styleUrl>
        <Point>
          <coordinates>
            108.1490192,16.0726534,0
          </coordinates>
        </Point>
      </Placemark>
      <Placemark>
        <name>TỔ 19</name>
        <styleUrl>#icon-1899-E65100-nodesc</styleUrl>
        <Point>
          <coordinates>
            108.1482456,16.0735219,0
          </coordinates>
        </Point>
      </Placemark>
      <Placemark>
        <name>Đường thẳng 201</name>
        <styleUrl>#line-0F9D58-9159-nodesc</styleUrl>
        <LineString>
          <tessellate>1</tessellate>
          <coordinates>
            108.1454042,16.0748364,0
            108.1441355,16.07279,0
            108.145879,16.071826,0
            108.1468312,16.0738261,0
            108.1454471,16.0747436,0
          </coordinates>
        </LineString>
      </Placemark>
      <Placemark>
        <name>Đa giác 201</name>
        <styleUrl>#poly-0F9D58-5701-0-nodesc</styleUrl>
        <Polygon>
          <outerBoundaryIs>
            <LinearRing>
              <tessellate>1</tessellate>
              <coordinates>
                108.1463961,16.0742793,0
                108.1456343,16.0763205,0
                108.144143,16.0757844,0
                108.1464819,16.0742071,0
                108.1465999,16.0744133,0
                108.1463961,16.0742793,0
              </coordinates>
            </LinearRing>
          </outerBoundaryIs>
        </Polygon>
      </Placemark>
      <Placemark>
        <name>Tổ 25</name>
        <styleUrl>#poly-673AB7-6701-0-nodesc</styleUrl>
        <Polygon>
          <outerBoundaryIs>
            <LinearRing>
              <tessellate>1</tessellate>
              <coordinates>
                108.1443239,16.0822905,0
                108.1430365,16.080806,0
                108.1447745,16.0794864,0
                108.1450642,16.0800328,0
                108.145665,16.0805998,0
                108.146695,16.0811565,0
                108.1456543,16.0837646,0
                108.144796,16.0826307,0
                108.145193,16.0823935,0
                108.144796,16.0819606,0
                108.1443239,16.0822905,0
              </coordinates>
            </LinearRing>
          </outerBoundaryIs>
        </Polygon>
      </Placemark>
      <Placemark>
        <name>TỔ 31</name>
        <styleUrl>#icon-1899-0288D1-nodesc</styleUrl>
        <Point>
          <coordinates>
            108.1495439,16.0866697,0
          </coordinates>
        </Point>
      </Placemark>
      <Placemark>
        <name>TỔ 30</name>
        <styleUrl>#icon-1899-0288D1-nodesc</styleUrl>
        <Point>
          <coordinates>
            108.1514322,16.0882985,0
          </coordinates>
        </Point>
      </Placemark>
      <Placemark>
        <name>Tổ 24</name>
        <styleUrl>#poly-673AB7-5801-0-nodesc</styleUrl>
        <Polygon>
          <outerBoundaryIs>
            <LinearRing>
              <tessellate>1</tessellate>
              <coordinates>
                108.1435904,16.0844311,0
                108.1439695,16.0840821,0
                108.1449391,16.0832007,0
                108.1456123,16.0838965,0
                108.1461703,16.0846104,0
                108.1460066,16.0848913,0
                108.1457377,16.0852809,0
                108.1451637,16.0850155,0
                108.1449267,16.0849367,0
                108.1447822,16.085198,0
                108.1443061,16.0849506,0
                108.1439802,16.0847766,0
                108.1438086,16.0846452,0
                108.1435904,16.0844311,0
              </coordinates>
            </LinearRing>
          </outerBoundaryIs>
        </Polygon>
      </Placemark>
      <Placemark>
        <name>TỔ 20</name>
        <styleUrl>#icon-1899-F9A825-nodesc</styleUrl>
        <Point>
          <coordinates>
            108.1481206,16.0742943,0
          </coordinates>
        </Point>
      </Placemark>
      <Placemark>
        <name>Điểm 212</name>
        <styleUrl>#icon-1899-0288D1-nodesc</styleUrl>
        <Point>
          <coordinates>
            108.1362685,16.0755732,0
          </coordinates>
        </Point>
      </Placemark>
      <Placemark>
        <name>TỔ 83</name>
        <styleUrl>#icon-1899-0288D1-nodesc</styleUrl>
        <Point>
          <coordinates>
            108.1349596,16.0746403,0
          </coordinates>
        </Point>
      </Placemark>
      <Placemark>
        <name>CHỢ HÒA KHÁNH </name>
        <styleUrl>#icon-1899-E65100-nodesc</styleUrl>
        <Point>
          <coordinates>
            108.1491635,16.0698665,0
          </coordinates>
        </Point>
      </Placemark>
      <Placemark>
        <name>Tổ 52</name>
        <styleUrl>#poly-FFD600-5801-0-nodesc</styleUrl>
        <Polygon>
          <outerBoundaryIs>
            <LinearRing>
              <tessellate>1</tessellate>
              <coordinates>
                108.146373,16.0685244,0
                108.1467243,16.0689909,0
                108.1453175,16.0700156,0
                108.1456064,16.0704096,0
                108.1451249,16.0705925,0
                108.1448896,16.0701482,0
                108.1438597,16.0707023,0
                108.1431194,16.0700012,0
                108.1440099,16.0695889,0
                108.1448897,16.0691455,0
                108.146373,16.0685244,0
              </coordinates>
            </LinearRing>
          </outerBoundaryIs>
        </Polygon>
      </Placemark>
      <Placemark>
        <name>Đa giác 218</name>
        <styleUrl>#poly-E65100-1200-77-nodesc</styleUrl>
        <Polygon>
          <outerBoundaryIs>
            <LinearRing>
              <tessellate>1</tessellate>
              <coordinates>
                108.1525798,16.071575,0
                108.1520648,16.0712864,0
                108.1524832,16.0708534,0
                108.1529339,16.0712348,0
                108.1525798,16.071575,0
              </coordinates>
            </LinearRing>
          </outerBoundaryIs>
        </Polygon>
      </Placemark>
      <Placemark>
        <name>Tổ 1 (609 hộ, 2430 khẩu) gồm các tổ: tổ 3 đến tổ 9 - Quang Thàng 2B và Bách Khoa)</name>
        <styleUrl>#icon-1899-FFD600-nodesc</styleUrl>
        <Point>
          <coordinates>
            108.1524772,16.0712505,0
          </coordinates>
        </Point>
      </Placemark>
      <Placemark>
        <name>Đa giác 225</name>
        <styleUrl>#poly-FFCC80-1200-77-nodesc</styleUrl>
        <Polygon>
          <outerBoundaryIs>
            <LinearRing>
              <tessellate>1</tessellate>
              <coordinates>
                108.1451645,16.0705615,0
                108.1449607,16.0702367,0
                108.1453663,16.0699585,0
                108.1456064,16.0704096,0
                108.1451645,16.0705615,0
              </coordinates>
            </LinearRing>
          </outerBoundaryIs>
        </Polygon>
      </Placemark>
      <Placemark>
        <name>16 hộ tổ 52</name>
        <styleUrl>#icon-1899-558B2F-nodesc</styleUrl>
        <Point>
          <coordinates>
            108.1451592,16.0702728,0
          </coordinates>
        </Point>
      </Placemark>
      <Placemark>
        <name>Đa giác 229</name>
        <styleUrl>#poly-E65100-1200-77-nodesc</styleUrl>
        <Polygon>
          <outerBoundaryIs>
            <LinearRing>
              <tessellate>1</tessellate>
              <coordinates>
                108.1476575,16.0732612,0
                108.1479211,16.0727076,0
                108.1492024,16.0729932,0
                108.1489878,16.0735602,0
                108.1476575,16.0732612,0
              </coordinates>
            </LinearRing>
          </outerBoundaryIs>
        </Polygon>
      </Placemark>
      <Placemark>
        <name>Tổ 7 ( 838 hộ, 3135 khẩu (KDC Quang Thành 3A1 (18,19,20) + (KDC Đa Phước 3 (45,46,47) + Đa Phước 4 (tổ 50).)</name>
        <styleUrl>#icon-1899-FF5252-nodesc</styleUrl>
        <Point>
          <coordinates>
            108.148328,16.0731821,0
          </coordinates>
        </Point>
      </Placemark>
      <Placemark>
        <name>Khu vực tổ 5 (576 hộ)</name>
        <styleUrl>#poly-E65100-1200-77-nodesc</styleUrl>
        <Polygon>
          <outerBoundaryIs>
            <LinearRing>
              <tessellate>1</tessellate>
              <coordinates>
                108.145212,16.0821965,0
                108.1450403,16.0810625,0
                108.1460274,16.0810419,0
                108.1461561,16.0821759,0
                108.145212,16.0821965,0
              </coordinates>
            </LinearRing>
          </outerBoundaryIs>
        </Polygon>
      </Placemark>
      <Placemark>
        <name>Khu vực Tổ 5 (576 hộ)</name>
        <styleUrl>#icon-1899-E65100-nodesc</styleUrl>
        <Point>
          <coordinates>
            108.1455404,16.0816046,0
          </coordinates>
        </Point>
      </Placemark>
      <Placemark>
        <name>tổ 51</name>
        <styleUrl>#poly-87CEAC-5901-0-nodesc</styleUrl>
        <Polygon>
          <outerBoundaryIs>
            <LinearRing>
              <tessellate>1</tessellate>
              <coordinates>
                108.1451249,16.0705925,0
                108.145564,16.0704027,0
                108.1453175,16.0700156,0
                108.1461672,16.0694827,0
                108.1480524,16.070216,0
                108.1479344,16.0705111,0
                108.1474833,16.070423,0
                108.1469871,16.070932,0
                108.1465729,16.0711594,0
                108.1460826,16.0714821,0
                108.1459565,16.0714988,0
                108.1457809,16.0716161,0
                108.1451249,16.0705925,0
              </coordinates>
            </LinearRing>
          </outerBoundaryIs>
        </Polygon>
      </Placemark>
      <Placemark>
        <name>TỔ 58</name>
        <styleUrl>#icon-1899-0288D1-nodesc</styleUrl>
        <Point>
          <coordinates>
            108.1448754,16.067102,0
          </coordinates>
        </Point>
      </Placemark>
      <Placemark>
        <name>Đa giác 224</name>
        <styleUrl>#poly-FFCC80-7601-77-nodesc</styleUrl>
        <Polygon>
          <outerBoundaryIs>
            <LinearRing>
              <tessellate>1</tessellate>
              <coordinates>
                108.1490603,16.0748138,0
                108.1470272,16.0740715,0
                108.1465567,16.074077,0
                108.1469491,16.0738125,0
                108.1457809,16.0716161,0
                108.1469871,16.070932,0
                108.1474458,16.0704321,0
                108.150378,16.0717591,0
                108.1490603,16.0748138,0
              </coordinates>
            </LinearRing>
          </outerBoundaryIs>
        </Polygon>
      </Placemark>
      <Placemark>
        <name>Đa giác 226</name>
        <styleUrl>#poly-FFEA00-8500-38-nodesc</styleUrl>
        <Polygon>
          <outerBoundaryIs>
            <LinearRing>
              <tessellate>1</tessellate>
              <coordinates>
                108.1432628,16.0699019,0
                108.143084,16.0699847,0
                108.142984,16.0697817,0
                108.142868,16.0696097,0
                108.1424442,16.0693829,0
                108.1412212,16.068486,0
                108.1403468,16.0673931,0
                108.1396279,16.0660864,0
                108.1398049,16.0659292,0
                108.1399632,16.0657802,0
                108.1405812,16.0651943,0
                108.1425404,16.0650877,0
                108.1430681,16.06514,0
                108.1431505,16.0654295,0
                108.1425268,16.0660497,0
                108.1431569,16.0666303,0
                108.1453976,16.06503,0
                108.1463417,16.0665842,0
                108.1461218,16.0666924,0
                108.1462996,16.0670853,0
                108.1465785,16.0671162,0
                108.1469929,16.0680673,0
                108.1466194,16.0684338,0
                108.1432628,16.0699019,0
              </coordinates>
            </LinearRing>
          </outerBoundaryIs>
        </Polygon>
      </Placemark>
      <Placemark>
        <name>Đa giác 227</name>
        <styleUrl>#poly-FFD600-1200-77-nodesc</styleUrl>
        <Polygon>
          <outerBoundaryIs>
            <LinearRing>
              <tessellate>1</tessellate>
              <coordinates>
                108.1439857,16.06896,0
                108.1439052,16.0682951,0
                108.1443987,16.0682384,0
                108.1444846,16.0688982,0
                108.1439857,16.06896,0
              </coordinates>
            </LinearRing>
          </outerBoundaryIs>
        </Polygon>
      </Placemark>
      <Placemark>
        <name>Tổ  11 (393 Hộ, 1800 khẩu (KDC Đa Phước 6). </name>
        <styleUrl>#icon-1899-C2185B-nodesc</styleUrl>
        <Point>
          <coordinates>
            108.1441466,16.0686353,0
          </coordinates>
        </Point>
      </Placemark>
      <Placemark>
        <name>Đa giác 220</name>
        <styleUrl>#poly-E65100-1200-77-nodesc</styleUrl>
        <Polygon>
          <outerBoundaryIs>
            <LinearRing>
              <tessellate>1</tessellate>
              <coordinates>
                108.1491511,16.0697416,0
                108.1491297,16.0693937,0
                108.1496795,16.0694143,0
                108.1496742,16.0697674,0
                108.1491511,16.0697416,0
              </coordinates>
            </LinearRing>
          </outerBoundaryIs>
        </Polygon>
      </Placemark>
      <Placemark>
        <name>TỔ 06 (445 hộ, 2145 khẩu (KDC Quang Thành 2A (1,2) + KDC Đa Phước 4 (48,49) + KDC Đa Phước 5 (51, 52)</name>
        <styleUrl>#icon-1899-FFD600-nodesc</styleUrl>
        <Point>
          <coordinates>
            108.1493546,16.0695381,0
          </coordinates>
        </Point>
      </Placemark>
      <Placemark>
        <name>Đa giác 225</name>
        <styleUrl>#poly-0F9D58-8001-77-nodesc</styleUrl>
        <Polygon>
          <outerBoundaryIs>
            <LinearRing>
              <tessellate>1</tessellate>
              <coordinates>
                108.1457809,16.0716161,0
                108.1448896,16.0701482,0
                108.1438597,16.0707023,0
                108.1431207,16.0699896,0
                108.1464558,16.0684596,0
                108.1476862,16.0674133,0
                108.1480402,16.0677536,0
                108.1514876,16.0691813,0
                108.150378,16.0717591,0
                108.1493017,16.0712042,0
                108.1485506,16.0708124,0
                108.1482327,16.0706545,0
                108.1479344,16.0705111,0
                108.1474458,16.0704321,0
                108.1469871,16.070932,0
                108.1457809,16.0716161,0
              </coordinates>
            </LinearRing>
          </outerBoundaryIs>
        </Polygon>
      </Placemark>
      <Placemark>
        <name>Tổ 12 (537 Hộ, 2251 khẩu (KDC Đa Phước 1B nguyên hiện trạng)</name>
        <styleUrl>#icon-1899-FF5252-nodesc</styleUrl>
        <Point>
          <coordinates>
            108.1385779,16.071736,0
          </coordinates>
        </Point>
      </Placemark>
      <Placemark>
        <name>Đa giác 228</name>
        <styleUrl>#poly-F57C00-1200-77-nodesc</styleUrl>
        <Polygon>
          <outerBoundaryIs>
            <LinearRing>
              <tessellate>1</tessellate>
              <coordinates>
                108.1302698,16.0750606,0
                108.1302269,16.0741534,0
                108.1312783,16.0741534,0
                108.1313534,16.0749884,0
                108.1302698,16.0750606,0
              </coordinates>
            </LinearRing>
          </outerBoundaryIs>
        </Polygon>
      </Placemark>
      <Placemark>
        <name>Tổ 13: (704 hộ, 2334 khẩu (KDC Thanh Vinh 2 + KDC Thanh Vinh 3) </name>
        <styleUrl>#icon-1899-FF5252-nodesc</styleUrl>
        <Point>
          <coordinates>
            108.1307204,16.0746225,0
          </coordinates>
        </Point>
      </Placemark>
      <Placemark>
        <name>Đa giác 230</name>
        <styleUrl>#poly-000000-1200-77-nodesc</styleUrl>
        <Polygon>
          <outerBoundaryIs>
            <LinearRing>
              <tessellate>1</tessellate>
              <coordinates>
                108.1382,16.0720248,0
                108.1381249,16.071463,0
                108.1389939,16.0713573,0
                108.1391226,16.0718831,0
                108.1382,16.0720248,0
              </coordinates>
            </LinearRing>
          </outerBoundaryIs>
        </Polygon>
      </Placemark>
      <Placemark>
        <name>TỔ 15  (Tổ 82 (1002 hộ, 2702 khẩu) Chung cư nhà ở xã hội). 

</name>
        <styleUrl>#icon-1899-A52714-nodesc</styleUrl>
        <Point>
          <coordinates>
            108.1359466,16.0739575,0
          </coordinates>
        </Point>
      </Placemark>
      <Placemark>
        <name>Đa giác 232</name>
        <styleUrl>#poly-E65100-1200-77-nodesc</styleUrl>
        <Polygon>
          <outerBoundaryIs>
            <LinearRing>
              <tessellate>1</tessellate>
              <coordinates>
                108.1358439,16.0740672,0
                108.1358386,16.0738661,0
                108.1360156,16.0738842,0
                108.1360156,16.0740672,0
                108.135915,16.0740672,0
                108.1358439,16.0740672,0
              </coordinates>
            </LinearRing>
          </outerBoundaryIs>
        </Polygon>
      </Placemark>
      <Placemark>
        <name>Đa giác 233</name>
        <styleUrl>#poly-FF5252-1200-77-nodesc</styleUrl>
        <Polygon>
          <outerBoundaryIs>
            <LinearRing>
              <tessellate>1</tessellate>
              <coordinates>
                108.1347094,16.0749805,0
                108.134637,16.0747176,0
                108.1349052,16.0746558,0
                108.1349749,16.0749315,0
                108.1347094,16.0749805,0
              </coordinates>
            </LinearRing>
          </outerBoundaryIs>
        </Polygon>
      </Placemark>
      <Placemark>
        <name>TỔ 16 (Tổ 83 (451 hộ, 1510 khẩu) Chung cư nhà ở xã hội)</name>
        <styleUrl>#icon-1899-FBC02D-nodesc</styleUrl>
        <Point>
          <coordinates>
            108.1347764,16.0748343,0
          </coordinates>
        </Point>
      </Placemark>
      <Placemark>
        <name>Đa giác 237</name>
        <styleUrl>#poly-E65100-1200-77-nodesc</styleUrl>
        <Polygon>
          <outerBoundaryIs>
            <LinearRing>
              <tessellate>1</tessellate>
              <coordinates>
                108.118442,16.0763012,0
                108.1184527,16.0754559,0
                108.1197294,16.0753322,0
                108.1198582,16.0762188,0
                108.118442,16.0763012,0
              </coordinates>
            </LinearRing>
          </outerBoundaryIs>
        </Polygon>
      </Placemark>
      <Placemark>
        <name>TỔ 14: (744 hộ, 2697 khẩu (KDC Thanh Vinh 1 + Thanh Vinh 4). 

</name>
        <styleUrl>#icon-1899-F57C00-nodesc</styleUrl>
        <Point>
          <coordinates>
            108.1190911,16.0758013,0
          </coordinates>
        </Point>
      </Placemark>
      <Placemark>
        <name>Đa giác 240</name>
        <styleUrl>#poly-097138-1200-77-nodesc</styleUrl>
        <Polygon>
          <outerBoundaryIs>
            <LinearRing>
              <tessellate>1</tessellate>
              <coordinates>
                108.1509029,16.0786988,0
                108.1507957,16.0779875,0
                108.1515413,16.0779411,0
                108.1516164,16.0786421,0
                108.1509029,16.0786988,0
              </coordinates>
            </LinearRing>
          </outerBoundaryIs>
        </Polygon>
      </Placemark>
      <Placemark>
        <name>TỔ SỐ 2 (417 hộ, 1383 khẩu) KDC Quang Thành 3B1 gồm tổ : 10, 11, 12, 13) Nguyên trạng</name>
        <styleUrl>#icon-1899-FFEA00-nodesc</styleUrl>
        <Point>
          <coordinates>
            108.1512302,16.0783071,0
          </coordinates>
        </Point>
      </Placemark>
      <Placemark>
        <name>Tổ 12</name>
        <styleUrl>#poly-F48FB1-5601-0-nodesc</styleUrl>
        <Polygon>
          <outerBoundaryIs>
            <LinearRing>
              <tessellate>1</tessellate>
              <coordinates>
                108.1507903,16.0789866,0
                108.1506066,16.0782468,0
                108.1504959,16.0778893,0
                108.1502686,16.0775574,0
                108.1500782,16.0774072,0
                108.1498663,16.0772751,0
                108.1497765,16.0772188,0
                108.1496866,16.0771779,0
                108.1496089,16.077029,0
                108.1496135,16.0770111,0
                108.1497993,16.0769532,0
                108.1500326,16.0769043,0
                108.1501828,16.0768218,0
                108.1503286,16.0768514,0
                108.1505737,16.0768113,0
                108.1509239,16.0770639,0
                108.1510939,16.077063,0
                108.1514385,16.0774975,0
                108.1516928,16.0777366,0
                108.1519758,16.0779698,0
                108.1522923,16.0781308,0
                108.1529521,16.0785535,0
                108.1531981,16.0786199,0
                108.1524423,16.079818,0
                108.1524288,16.0798361,0
                108.1523795,16.0799196,0
                108.1523195,16.0800026,0
                108.1522211,16.0801923,0
                108.1519867,16.0805917,0
                108.151356,16.0805139,0
                108.1510985,16.0803386,0
                108.1509268,16.0801015,0
                108.150959,16.0797716,0
                108.1508303,16.079318,0
                108.150832,16.0792255,0
                108.1508061,16.079145,0
                108.150793,16.0791037,0
                108.1507831,16.0790499,0
                108.1507812,16.0790129,0
                108.1507903,16.0789866,0
              </coordinates>
            </LinearRing>
          </outerBoundaryIs>
        </Polygon>
      </Placemark>
      <Placemark>
        <name>TỔ 3: ( 374 hộ, 1231 khẩu  (KDC Quang Thành 3B 2 các tổ 14, 15, 16)  </name>
        <styleUrl>#icon-1899-FFEA00-nodesc</styleUrl>
        <Point>
          <coordinates>
            108.1497952,16.0797758,0
          </coordinates>
        </Point>
      </Placemark>
      <Placemark>
        <name>TỔ 40</name>
        <styleUrl>#icon-1899-0288D1-nodesc</styleUrl>
        <Point>
          <coordinates>
            108.1414051,16.0855791,0
          </coordinates>
        </Point>
      </Placemark>
      <Placemark>
        <name>Tổ 40</name>
        <styleUrl>#poly-F9A825-5801-0-nodesc</styleUrl>
        <Polygon>
          <outerBoundaryIs>
            <LinearRing>
              <tessellate>1</tessellate>
              <coordinates>
                108.14045,16.0854539,0
                108.141576,16.0845045,0
                108.1418842,16.0841553,0
                108.1419506,16.0839227,0
                108.1425389,16.0833163,0
                108.1437674,16.0846591,0
                108.1436078,16.0849039,0
                108.1433382,16.0847879,0
                108.1425796,16.0862993,0
                108.1418964,16.0859004,0
                108.141574,16.0863911,0
                108.1411763,16.0861498,0
                108.140914,16.0859204,0
                108.14045,16.0854539,0
              </coordinates>
            </LinearRing>
          </outerBoundaryIs>
        </Polygon>
      </Placemark>
      <Placemark>
        <name>TỔ 41</name>
        <styleUrl>#icon-1899-0288D1-nodesc</styleUrl>
        <Point>
          <coordinates>
            108.1437186,16.0854366,0
          </coordinates>
        </Point>
      </Placemark>
      <Placemark>
        <name>Đa giác 254</name>
        <styleUrl>#poly-7CB342-8800-0-nodesc</styleUrl>
        <Polygon>
          <outerBoundaryIs>
            <LinearRing>
              <tessellate>1</tessellate>
              <coordinates>
                108.1444767,16.0860319,0
                108.1439671,16.0858773,0
                108.1436125,16.0867867,0
                108.1432805,16.0866015,0
                108.1435219,16.0860268,0
                108.1428394,16.0857714,0
                108.1433423,16.0847788,0
                108.1436119,16.0849309,0
                108.1437715,16.08465,0
                108.1437871,16.0846336,0
                108.1439802,16.0847766,0
                108.1444254,16.0850266,0
                108.1447689,16.085189,0
                108.1447903,16.0852045,0
                108.1444767,16.0860319,0
              </coordinates>
            </LinearRing>
          </outerBoundaryIs>
        </Polygon>
      </Placemark>
      <Placemark>
        <name>Đa giác 249</name>
        <styleUrl>#poly-FF5252-9100-0-nodesc</styleUrl>
        <Polygon>
          <outerBoundaryIs>
            <LinearRing>
              <tessellate>1</tessellate>
              <coordinates>
                108.1447457,16.0851531,0
                108.1440215,16.084782,0
                108.1438086,16.0846452,0
                108.1435904,16.0844311,0
                108.1449391,16.0832007,0
                108.1456123,16.0838965,0
                108.1461703,16.0846104,0
                108.1457377,16.0852809,0
                108.1451637,16.0850155,0
                108.1449267,16.0849367,0
                108.1447822,16.085198,0
                108.1447457,16.0851531,0
              </coordinates>
            </LinearRing>
          </outerBoundaryIs>
        </Polygon>
      </Placemark>
      <Placemark>
        <name>Đa giác 250</name>
        <styleUrl>#poly-FF5252-7301-0-nodesc</styleUrl>
        <Polygon>
          <outerBoundaryIs>
            <LinearRing>
              <tessellate>1</tessellate>
              <coordinates>
                108.1464532,16.0818812,0
                108.1467033,16.0819953,0
                108.1466436,16.0821338,0
                108.1471989,16.0824168,0
                108.1465774,16.0828962,0
                108.1463996,16.0829993,0
                108.1462708,16.0830199,0
                108.1461957,16.0829787,0
                108.1461582,16.0829271,0
                108.1461045,16.082855,0
                108.1461045,16.0828086,0
                108.1464532,16.0818812,0
              </coordinates>
            </LinearRing>
          </outerBoundaryIs>
        </Polygon>
      </Placemark>
      <Placemark>
        <name>Đa giác 251</name>
        <styleUrl>#poly-FF5252-5201-0-nodesc</styleUrl>
        <Polygon>
          <outerBoundaryIs>
            <LinearRing>
              <tessellate>1</tessellate>
              <coordinates>
                108.1463194,16.083439,0
                108.1465031,16.0836117,0
                108.1464642,16.0836349,0
                108.1462496,16.0834918,0
                108.1463194,16.083439,0
              </coordinates>
            </LinearRing>
          </outerBoundaryIs>
        </Polygon>
      </Placemark>
      <Placemark>
        <name>3 HỘ TỔ 24</name>
        <styleUrl>#icon-1899-FF5252-nodesc</styleUrl>
        <Point>
          <coordinates>
            108.1463334,16.0834963,0
          </coordinates>
        </Point>
      </Placemark>
      <Placemark>
        <name>13 HỘ TỔ 24</name>
        <styleUrl>#icon-1899-FF5252-nodesc</styleUrl>
        <Point>
          <coordinates>
            108.1463615,16.0827271,0
          </coordinates>
        </Point>
      </Placemark>
      <Placemark>
        <name>27 HỘ TỔ 24</name>
        <styleUrl>#icon-1899-FF5252-nodesc</styleUrl>
        <Point>
          <coordinates>
            108.1455673,16.084838,0
          </coordinates>
        </Point>
      </Placemark>
      <Placemark>
        <name>Điểm26 HỘ TỔ 24</name>
        <styleUrl>#icon-1899-FF5252-nodesc</styleUrl>
        <Point>
          <coordinates>
            108.1443282,16.0843638,0
          </coordinates>
        </Point>
      </Placemark>
      <Placemark>
        <name/>
        <styleUrl>#line-FF5252-10300-nodesc</styleUrl>
        <LineString>
          <tessellate>1</tessellate>
          <coordinates>
            108.145208,16.0849952,0
            108.1456156,16.0839772,0
          </coordinates>
        </LineString>
      </Placemark>
      <Placemark>
        <name>Đa giác 258</name>
        <styleUrl>#poly-9C27B0-9400-0-nodesc</styleUrl>
        <Polygon>
          <outerBoundaryIs>
            <LinearRing>
              <tessellate>1</tessellate>
              <coordinates>
                108.1435096,16.0889435,0
                108.1456123,16.0838965,0
                108.1482717,16.0869987,0
                108.1511584,16.0901755,0
                108.151534,16.0905672,0
                108.1497208,16.0919898,0
                108.1492004,16.0923171,0
                108.1472531,16.0902167,0
                108.1475965,16.0899281,0
                108.1472686,16.0896267,0
                108.1468251,16.0899608,0
                108.1464925,16.0896824,0
                108.1444111,16.0914452,0
                108.1441,16.0910328,0
                108.1455316,16.0898513,0
                108.145325,16.0897008,0
                108.144668,16.0891503,0
                108.1443809,16.0888864,0
                108.1442066,16.0887432,0
                108.1439732,16.089157,0
                108.143477,16.089006,0
                108.1435096,16.0889435,0
              </coordinates>
            </LinearRing>
          </outerBoundaryIs>
        </Polygon>
      </Placemark>
      <Placemark>
        <name>Đa giác 259</name>
        <styleUrl>#poly-FF5252-1200-77-nodesc</styleUrl>
        <Polygon>
          <outerBoundaryIs>
            <LinearRing>
              <tessellate>1</tessellate>
              <coordinates>
                108.1454409,16.0873126,0
                108.1454516,16.0861683,0
                108.1469644,16.0861477,0
                108.1469966,16.0872714,0
                108.1454409,16.0873126,0
              </coordinates>
            </LinearRing>
          </outerBoundaryIs>
        </Polygon>
      </Placemark>
      <Placemark>
        <name>TỔ 5: (595 hộ, 2754 khẩu) (KDC Quang Thành 4 A 1+ QT 4A2 + QT 4A3 + QT 4A 4 + 27 hộ Tổ 24 thuộc QT 4B1)</name>
        <styleUrl>#icon-1899-0288D1-nodesc</styleUrl>
        <Point>
          <coordinates>
            108.1460095,16.0868075,0
          </coordinates>
        </Point>
      </Placemark>
      <Placemark>
        <name>Đa giác 263</name>
        <styleUrl>#poly-FFEA00-1200-77-nodesc</styleUrl>
        <Polygon>
          <outerBoundaryIs>
            <LinearRing>
              <tessellate>1</tessellate>
              <coordinates>
                108.1418896,16.0854193,0
                108.1419218,16.0842338,0
                108.1429196,16.0842441,0
                108.1429303,16.0854399,0
                108.1418896,16.0854193,0
              </coordinates>
            </LinearRing>
          </outerBoundaryIs>
        </Polygon>
      </Placemark>
      <Placemark>
        <name>TỔ 9: 502 hộ (610 hộ ; 2452 khẩu); (KDC Quang Thành 4A5 + Quang Thành 4B1 và 26 hộ tổ 24).</name>
        <styleUrl>#icon-1899-0288D1-nodesc</styleUrl>
        <Point>
          <coordinates>
            108.142351,16.0847802,0
          </coordinates>
        </Point>
      </Placemark>
      <Placemark>
        <name>Đa giác 265</name>
        <styleUrl>#poly-AFB42B-8500-0-nodesc</styleUrl>
        <Polygon>
          <outerBoundaryIs>
            <LinearRing>
              <tessellate>1</tessellate>
              <coordinates>
                108.0639663,16.113722,0
                108.0631861,16.1130135,0
                108.0634638,16.1128267,0
                108.0638059,16.1126554,0
                108.064383,16.1124031,0
                108.0647174,16.1122641,0
                108.064577,16.1119345,0
                108.0642908,16.1112632,0
                108.0642678,16.1110692,0
                108.0643521,16.110906,0
                108.0643328,16.1104663,0
                108.0641159,16.1096967,0
                108.0641302,16.1095705,0
                108.0640788,16.1094636,0
                108.0639035,16.1093943,0
                108.0636012,16.1092427,0
                108.0633334,16.1088994,0
                108.0630683,16.1081658,0
                108.063177,16.1079732,0
                108.0629398,16.1070461,0
                108.0627026,16.106052,0
                108.0628989,16.1059515,0
                108.0629644,16.1059177,0
                108.0629999,16.1059126,0
                108.0630658,16.1058788,0
                108.0631627,16.1057785,0
                108.0632911,16.1056984,0
                108.0739839,16.1035313,0
                108.0796703,16.1030366,0
                108.0830498,16.1035829,0
                108.0856679,16.1033426,0
                108.0876949,16.1032633,0
                108.0883842,16.1036833,0
                108.0891138,16.1030907,0
                108.0904442,16.1022197,0
                108.0919899,16.1023096,0
                108.0925049,16.1024179,0
                108.0925696,16.1024077,0
                108.0926125,16.102436,0
                108.0926473,16.1024376,0
                108.0926894,16.1024281,0
                108.0927176,16.1024551,0
                108.0947775,16.1020016,0
                108.0952496,16.1010739,0
                108.0931361,16.1003354,0
                108.0935264,16.0998265,0
                108.0934862,16.098458,0
                108.09369,16.098391,0
                108.0937919,16.0978911,0
                108.0944811,16.0979256,0
                108.0949694,16.0981771,0
                108.0952591,16.0983832,0
                108.096277,16.098056,0
                108.0959699,16.0972609,0
                108.0963602,16.0971424,0
                108.0962153,16.0966013,0
                108.0961363,16.0959111,0
                108.0961072,16.0952272,0
                108.0961268,16.0946826,0
                108.0974975,16.0949781,0
                108.0976584,16.0952255,0
                108.0978193,16.0964007,0
                108.0979695,16.0968439,0
                108.0983665,16.0974212,0
                108.099257,16.0982252,0
                108.100042,16.0989639,0
                108.1004067,16.0993762,0
                108.1005981,16.0996787,0
                108.1011395,16.1006542,0
                108.100042,16.1015821,0
                108.100254,16.101807,0
                108.1010292,16.1021369,0
                108.1008334,16.1031573,0
                108.1012679,16.1044355,0
                108.1018767,16.1048788,0
                108.1023622,16.1053323,0
                108.0990657,16.1068597,0
                108.0977112,16.1080432,0
                108.0964626,16.1092038,0
                108.0960723,16.1086327,0
                108.0948269,16.1077298,0
                108.0937004,16.1070907,0
                108.0924696,16.1067497,0
                108.0914182,16.1066879,0
                108.0893106,16.1072292,0
                108.0879648,16.1078942,0
                108.0857546,16.1089455,0
                108.0834553,16.1098036,0
                108.082125,16.1101129,0
                108.0809234,16.1102176,0
                108.0796895,16.110209,0
                108.0772004,16.1101917,0
                108.0758056,16.1103051,0
                108.0736706,16.1103205,0
                108.0719325,16.1105421,0
                108.0712352,16.1106659,0
                108.0706429,16.1107359,0
                108.0692894,16.1109869,0
                108.0680326,16.1115368,0
                108.0665089,16.1121244,0
                108.0647281,16.1131242,0
                108.0639663,16.113722,0
              </coordinates>
            </LinearRing>
          </outerBoundaryIs>
        </Polygon>
      </Placemark>
      <Placemark>
        <name>Đa giác 266</name>
        <styleUrl>#poly-FF5252-1200-77-nodesc</styleUrl>
        <Polygon>
          <outerBoundaryIs>
            <LinearRing>
              <tessellate>1</tessellate>
              <coordinates>
                108.0793734,16.1091092,0
                108.0793305,16.1064395,0
                108.0821951,16.1065014,0
                108.0822917,16.109068,0
                108.0793734,16.1091092,0
              </coordinates>
            </LinearRing>
          </outerBoundaryIs>
        </Polygon>
      </Placemark>
      <Placemark>
        <name>Tổ DP Quan Nam 3 mới : Ghép TDP Quang Nam 3 (337 hộ, 1230 khẩu) + TDP Quan Nam 6 (70 hộ, 269 khẩu) = 407 hộ, 1499 khẩu.</name>
        <styleUrl>#icon-1899-F57C00-nodesc</styleUrl>
        <Point>
          <coordinates>
            108.0805643,16.1079857,0
          </coordinates>
        </Point>
      </Placemark>
      <Placemark>
        <name>Đa giác 268</name>
        <styleUrl>#poly-F57C00-1200-77-nodesc</styleUrl>
        <Polygon>
          <outerBoundaryIs>
            <LinearRing>
              <tessellate>1</tessellate>
              <coordinates>
                108.0921885,16.0951035,0
                108.0921885,16.0931449,0
                108.0949566,16.0931037,0
                108.0949351,16.0951859,0
                108.0921885,16.0951035,0
              </coordinates>
            </LinearRing>
          </outerBoundaryIs>
        </Polygon>
      </Placemark>
      <Placemark>
        <name>TDP Quan Nam 1:  736 hộ, 2736 khẩu. Giữ nguyên hiện trạng </name>
        <styleUrl>#icon-1899-F57C00-nodesc</styleUrl>
        <Point>
          <coordinates>
            108.0935432,16.0938919,0
          </coordinates>
        </Point>
      </Placemark>
      <Placemark>
        <name>Đa giác 270</name>
        <styleUrl>#poly-FF5252-1200-77-nodesc</styleUrl>
        <Polygon>
          <outerBoundaryIs>
            <LinearRing>
              <tessellate>1</tessellate>
              <coordinates>
                108.1032484,16.0895391,0
                108.1029587,16.088199,0
                108.1045252,16.0880134,0
                108.104729,16.0893432,0
                108.1032484,16.0895391,0
              </coordinates>
            </LinearRing>
          </outerBoundaryIs>
        </Polygon>
      </Placemark>
      <Placemark>
        <name>TDP Vân Dương 1: 489 hộ, 1682 khẩu. Giữ nguyên hiện trạng</name>
        <styleUrl>#icon-1899-F57C00-nodesc</styleUrl>
        <Point>
          <coordinates>
            108.1037282,16.0886139,0
          </coordinates>
        </Point>
      </Placemark>
      <Placemark>
        <name>Đa giác 273</name>
        <styleUrl>#poly-F57C00-8300-51-nodesc</styleUrl>
        <Polygon>
          <outerBoundaryIs>
            <LinearRing>
              <tessellate>1</tessellate>
              <coordinates>
                108.1014315,16.0930574,0
                108.1020055,16.0917978,0
                108.1020028,16.0911835,0
                108.1020551,16.0907424,0
                108.1021081,16.090563,0
                108.1022901,16.0904836,0
                108.1023756,16.0905486,0
                108.1054226,16.0939877,0
                108.1069139,16.0955726,0
                108.1065169,16.0962504,0
                108.1019699,16.0999106,0
                108.101133,16.0987355,0
                108.1009184,16.0983026,0
                108.1001889,16.0974779,0
                108.099631,16.09688,0
                108.0995666,16.0964883,0
                108.1000816,16.0958904,0
                108.100382,16.0954369,0
                108.1014315,16.0930574,0
              </coordinates>
            </LinearRing>
          </outerBoundaryIs>
        </Polygon>
      </Placemark>
      <Placemark>
        <name>Đa giác 274</name>
        <styleUrl>#poly-F57C00-1200-77-nodesc</styleUrl>
        <Polygon>
          <outerBoundaryIs>
            <LinearRing>
              <tessellate>1</tessellate>
              <coordinates>
                108.1087078,16.10353,0
                108.108579,16.1015096,0
                108.1105961,16.1013859,0
                108.1107248,16.1034887,0
                108.1087078,16.10353,0
              </coordinates>
            </LinearRing>
          </outerBoundaryIs>
        </Polygon>
      </Placemark>
      <Placemark>
        <name>Đa giác 262</name>
        <styleUrl>#poly-0F9D58-1200-77-nodesc</styleUrl>
        <Polygon>
          <outerBoundaryIs>
            <LinearRing>
              <tessellate>1</tessellate>
              <coordinates>
                108.115063,16.0978462,0
                108.1148417,16.097604,0
                108.1151462,16.0973256,0
                108.1153969,16.0976065,0
                108.1150939,16.0978733,0
                108.115063,16.0978462,0
              </coordinates>
            </LinearRing>
          </outerBoundaryIs>
        </Polygon>
      </Placemark>
      <Placemark>
        <name>Trung Sơn</name>
        <styleUrl>#poly-3949AB-7501-0-nodesc</styleUrl>
        <Polygon>
          <outerBoundaryIs>
            <LinearRing>
              <tessellate>1</tessellate>
              <coordinates>
                108.1190844,16.0910553,0
                108.1200178,16.0921324,0
                108.1158994,16.0953939,0
                108.1180881,16.0982596,0
                108.1152515,16.1013262,0
                108.1145542,16.1021921,0
                108.1141558,16.102652,0
                108.1181248,16.1052034,0
                108.1163509,16.1078661,0
                108.1179173,16.1090102,0
                108.11884,16.1097833,0
                108.1206751,16.1115738,0
                108.1196615,16.1144756,0
                108.1172232,16.1134221,0
                108.1150989,16.1131335,0
                108.1136183,16.112515,0
                108.1115154,16.1092991,0
                108.1102709,16.1079385,0
                108.1075135,16.1067118,0
                108.1038872,16.1050007,0
                108.1022993,16.1045884,0
                108.1018219,16.1042225,0
                108.1014732,16.1037329,0
                108.1013015,16.1031145,0
                108.1014303,16.102496,0
                108.1018809,16.1014936,0
                108.1020687,16.1009021,0
                108.1020955,16.1003365,0
                108.1040482,16.098414,0
                108.1072455,16.0958885,0
                108.1022565,16.0904405,0
                108.1054421,16.0905305,0
                108.1066388,16.0897768,0
                108.1102065,16.0936516,0
                108.116676,16.0882963,0
                108.1190844,16.0910553,0
              </coordinates>
            </LinearRing>
          </outerBoundaryIs>
        </Polygon>
      </Placemark>
      <Placemark>
        <name>Đa giác 263</name>
        <styleUrl>#poly-FF5252-1200-77-nodesc</styleUrl>
        <Polygon>
          <outerBoundaryIs>
            <LinearRing>
              <tessellate>1</tessellate>
              <coordinates>
                108.1019485,16.0828495,0
                108.1020558,16.0808289,0
                108.1044162,16.080932,0
                108.104266,16.0829732,0
                108.1019485,16.0828495,0
              </coordinates>
            </LinearRing>
          </outerBoundaryIs>
        </Polygon>
      </Placemark>
      <Placemark>
        <name>Đa giác 264</name>
        <styleUrl>#poly-FF5252-3401-77-nodesc</styleUrl>
        <Polygon>
          <outerBoundaryIs>
            <LinearRing>
              <tessellate>1</tessellate>
              <coordinates>
                108.0980501,16.0770743,0
                108.0980582,16.0768423,0
                108.0983317,16.0768397,0
                108.0983344,16.0770794,0
                108.0980501,16.0770743,0
              </coordinates>
            </LinearRing>
          </outerBoundaryIs>
        </Polygon>
      </Placemark>
      <Placemark>
        <name>Đa giác 265</name>
        <styleUrl>#poly-FFFF8D-6201-0-nodesc</styleUrl>
        <Polygon>
          <outerBoundaryIs>
            <LinearRing>
              <tessellate>1</tessellate>
              <coordinates>
                108.0953276,16.0794149,0
                108.0953491,16.0794768,0
                108.0934668,16.080001,0
                108.0930356,16.0797389,0
                108.0926544,16.079477,0
                108.0923215,16.0790926,0
                108.091799,16.0791584,0
                108.088137,16.0775632,0
                108.0867975,16.0773576,0
                108.0836356,16.0760252,0
                108.0828264,16.0757437,0
                108.08206,16.0754208,0
                108.0812615,16.0751341,0
                108.0808515,16.0749598,0
                108.0736609,16.0728577,0
                108.0734664,16.072542,0
                108.0741517,16.0698756,0
                108.0765362,16.0626562,0
                108.0792411,16.0620338,0
                108.0821607,16.0620506,0
                108.0876779,16.0627851,0
                108.0902143,16.0637186,0
                108.0918495,16.0665696,0
                108.0923635,16.0691887,0
                108.093082,16.06976,0
                108.0934582,16.0700878,0
                108.0937336,16.0700493,0
                108.093941,16.0702012,0
                108.0939267,16.0705364,0
                108.0939624,16.0706445,0
                108.0948655,16.0705493,0
                108.0950973,16.0708878,0
                108.0955072,16.0709594,0
                108.0963284,16.0715888,0
                108.0969024,16.0715901,0
                108.0971136,16.0716985,0
                108.0972064,16.0717038,0
                108.0972913,16.0717731,0
                108.0972681,16.0718675,0
                108.0973978,16.0721607,0
                108.097299,16.0722091,0
                108.0974427,16.0725399,0
                108.0976224,16.072478,0
                108.0978512,16.0725424,0
                108.0978911,16.0725766,0
                108.097977,16.072574,0
                108.0981339,16.0726397,0
                108.0982549,16.0728186,0
                108.0982683,16.0728547,0
                108.0983489,16.0729649,0
                108.098385,16.0730635,0
                108.0983917,16.0731588,0
                108.0984185,16.073222,0
                108.0985003,16.0731846,0
                108.0985526,16.0732374,0
                108.0986921,16.0731859,0
                108.0987512,16.0733838,0
                108.0988166,16.0734816,0
                108.098877,16.073546,0
                108.0989789,16.0735383,0
                108.0990272,16.0736105,0
                108.0991117,16.0736195,0
                108.0991613,16.0735976,0
                108.0992069,16.0736659,0
                108.0998038,16.0735471,0
                108.1003224,16.0745688,0
                108.1009733,16.0744074,0
                108.1014295,16.0759628,0
                108.1018239,16.075774,0
                108.1021672,16.0765059,0
                108.1030174,16.0762257,0
                108.1032555,16.0767035,0
                108.1037571,16.0771081,0
                108.1050109,16.0773638,0
                108.1047534,16.0788208,0
                108.1053087,16.0790374,0
                108.1010432,16.0801849,0
                108.1008741,16.0804728,0
                108.0983867,16.0801958,0
                108.0979265,16.0797622,0
                108.0977333,16.079886,0
                108.0974544,16.0796334,0
                108.0968804,16.0795715,0
                108.096816,16.0797416,0
                108.0964834,16.0796952,0
                108.0962689,16.0796025,0
                108.0959914,16.0799349,0
                108.0953276,16.0794149,0
              </coordinates>
            </LinearRing>
          </outerBoundaryIs>
        </Polygon>
      </Placemark>
      <Placemark>
        <name>Đa giác 266</name>
        <styleUrl>#poly-F57C00-1200-77-nodesc</styleUrl>
        <Polygon>
          <outerBoundaryIs>
            <LinearRing>
              <tessellate>1</tessellate>
              <coordinates>
                108.0928976,16.0777757,0
                108.0929083,16.076487,0
                108.0940456,16.0765489,0
                108.0940563,16.0777551,0
                108.0928976,16.0777757,0
              </coordinates>
            </LinearRing>
          </outerBoundaryIs>
        </Polygon>
      </Placemark>
      <Placemark>
        <name>TDP HƯỞNG PHƯỚC MỚI:  Ghép TDP Hưởng Phước (546 hộ, 1960 khẩu) + Hiền Phước (225 hộ, 675 khẩu) = 771 hộ, 2635 khẩu </name>
        <styleUrl>#icon-1899-F57C00-nodesc</styleUrl>
        <Point>
          <coordinates>
            108.0933911,16.0771159,0
          </coordinates>
        </Point>
      </Placemark>
      <Placemark>
        <name>Đa giác 269</name>
        <styleUrl>#poly-FF5252-1200-77-nodesc</styleUrl>
        <Polygon>
          <outerBoundaryIs>
            <LinearRing>
              <tessellate>1</tessellate>
              <coordinates>
                108.0910735,16.0875541,0
                108.0910788,16.0869768,0
                108.0918674,16.0869871,0
                108.0918889,16.0875438,0
                108.0910735,16.0875541,0
              </coordinates>
            </LinearRing>
          </outerBoundaryIs>
        </Polygon>
      </Placemark>
      <Placemark>
        <name>TDP Tân Ninh mới:  Ghép TDP Quan Nam 4 (372 hộ, 1218 khẩu) + Tân Ninh 284 hộ, 1007 khẩu = 656 hộ, 2225 khẩu. </name>
        <styleUrl>#icon-1899-FF5252-nodesc</styleUrl>
        <Point>
          <coordinates>
            108.091449,16.0872087,0
          </coordinates>
        </Point>
      </Placemark>
      <Placemark>
        <name>Đa giác 268</name>
        <styleUrl>#poly-A52714-7001-0-nodesc</styleUrl>
        <Polygon>
          <outerBoundaryIs>
            <LinearRing>
              <tessellate>1</tessellate>
              <coordinates>
                108.1015297,16.0930467,0
                108.1016692,16.092624,0
                108.1019053,16.0921808,0
                108.1021091,16.0917066,0
                108.1020662,16.0908922,0
                108.1021627,16.0906139,0
                108.1023559,16.0904799,0
                108.1032034,16.090552,0
                108.1040725,16.0905624,0
                108.1054458,16.0906036,0
                108.1066152,16.0899542,0
                108.1081212,16.0916071,0
                108.109713,16.0933836,0
                108.1065169,16.0962504,0
                108.1037918,16.0959257,0
                108.1015297,16.0930467,0
              </coordinates>
            </LinearRing>
          </outerBoundaryIs>
        </Polygon>
      </Placemark>
      <Placemark>
        <name>Vân Dương 2</name>
        <styleUrl>#poly-7CB342-10500-0-nodesc</styleUrl>
        <MultiGeometry>
          <Polygon>
            <outerBoundaryIs>
              <LinearRing>
                <tessellate>1</tessellate>
                <coordinates>
                  108.0983625,16.080277,0
                  108.0983663,16.0802885,0
                  108.0985209,16.0804373,0
                  108.0983625,16.080277,0
                </coordinates>
              </LinearRing>
            </outerBoundaryIs>
          </Polygon>
          <Polygon>
            <outerBoundaryIs>
              <LinearRing>
                <tessellate>1</tessellate>
                <coordinates>
                  108.0984822,16.0847349,0
                  108.0984882,16.0847688,0
                  108.0984873,16.0847928,0
                  108.0984822,16.0847349,0
                </coordinates>
              </LinearRing>
            </outerBoundaryIs>
          </Polygon>
          <Polygon>
            <outerBoundaryIs>
              <LinearRing>
                <tessellate>1</tessellate>
                <coordinates>
                  108.098481,16.0846979,0
                  108.0984822,16.0847349,0
                  108.0984769,16.0846755,0
                  108.098481,16.0846979,0
                </coordinates>
              </LinearRing>
            </outerBoundaryIs>
          </Polygon>
          <Polygon>
            <outerBoundaryIs>
              <LinearRing>
                <tessellate>1</tessellate>
                <coordinates>
                  108.0984769,16.0846755,0
                  108.0984645,16.0846073,0
                  108.0984706,16.0846044,0
                  108.0984769,16.0846755,0
                </coordinates>
              </LinearRing>
            </outerBoundaryIs>
          </Polygon>
          <Polygon>
            <outerBoundaryIs>
              <LinearRing>
                <tessellate>1</tessellate>
                <coordinates>
                  108.0984706,16.0846044,0
                  108.0984588,16.0844714,0
                  108.0984819,16.0844216,0
                  108.0984753,16.0846021,0
                  108.0984706,16.0846044,0
                </coordinates>
              </LinearRing>
            </outerBoundaryIs>
          </Polygon>
          <Polygon>
            <outerBoundaryIs>
              <LinearRing>
                <tessellate>1</tessellate>
                <coordinates>
                  108.1084462,16.0784827,0
                  108.1088865,16.0783021,0
                  108.1092781,16.0782583,0
                  108.1096639,16.0784037,0
                  108.1099576,16.0787207,0
                  108.110604,16.0793269,0
                  108.1106458,16.0793726,0
                  108.1106647,16.0793905,0
                  108.1107048,16.0794343,0
                  108.1107531,16.079455,0
                  108.1108122,16.079522,0
                  108.1109351,16.0796129,0
                  108.1112247,16.0796849,0
                  108.1120938,16.0803757,0
                  108.113341,16.0793087,0
                  108.1144043,16.0798403,0
                  108.1151881,16.0802479,0
                  108.11565,16.0800627,0
                  108.1108086,16.0838552,0
                  108.1092288,16.0851529,0
                  108.1083356,16.0859312,0
                  108.107134,16.0868822,0
                  108.1056375,16.088094,0
                  108.1027969,16.0848803,0
                  108.1023966,16.0844653,0
                  108.1020608,16.0840941,0
                  108.1003522,16.0857349,0
                  108.0998378,16.0867665,0
                  108.0994292,16.0874773,0
                  108.0990832,16.0872028,0
                  108.0988385,16.0870095,0
                  108.0987815,16.0868987,0
                  108.0987408,16.0866922,0
                  108.0988802,16.0859028,0
                  108.098865,16.0854212,0
                  108.0987319,16.0849163,0
                  108.0986284,16.0848346,0
                  108.0984927,16.084794,0
                  108.0984882,16.0847688,0
                  108.0984892,16.0847429,0
                  108.098481,16.0846979,0
                  108.09848,16.0846665,0
                  108.0984951,16.0846163,0
                  108.0984819,16.0844216,0
                  108.0988068,16.0844142,0
                  108.0990136,16.0844046,0
                  108.0993142,16.0843719,0
                  108.0993009,16.0840685,0
                  108.0993104,16.0838215,0
                  108.0991992,16.0837471,0
                  108.0991099,16.0836505,0
                  108.0989027,16.0836363,0
                  108.0988866,16.0839147,0
                  108.0984977,16.0840977,0
                  108.0984209,16.0837997,0
                  108.0979734,16.0839636,0
                  108.0977427,16.0840255,0
                  108.0976927,16.0838795,0
                  108.0974951,16.0840066,0
                  108.0972492,16.0840976,0
                  108.0969568,16.08359,0
                  108.0970248,16.0833184,0
                  108.0970704,16.0832179,0
                  108.097108,16.0831122,0
                  108.0970865,16.0829421,0
                  108.0970383,16.082821,0
                  108.0969658,16.0826509,0
                  108.0969015,16.0825401,0
                  108.0968398,16.0824627,0
                  108.0968049,16.0823313,0
                  108.0967571,16.0815179,0
                  108.0967491,16.0812215,0
                  108.096776,16.081139,0
                  108.0967438,16.081041,0
                  108.0967369,16.0809471,0
                  108.0966606,16.0807988,0
                  108.0965962,16.0806648,0
                  108.0964788,16.0804712,0
                  108.0963312,16.0803655,0
                  108.0960442,16.0802856,0
                  108.0959672,16.0800161,0
                  108.0962076,16.0796228,0
                  108.0964651,16.0797156,0
                  108.0966009,16.0797358,0
                  108.0967628,16.0797904,0
                  108.0968138,16.0796022,0
                  108.0974634,16.0796677,0
                  108.0975382,16.0797534,0
                  108.0977102,16.0799306,0
                  108.097914,16.0797656,0
                  108.0980099,16.0798833,0
                  108.0983625,16.080277,0
                  108.0989058,16.0803316,0
                  108.0992101,16.0803492,0
                  108.1002545,16.0805488,0
                  108.1005844,16.0805694,0
                  108.1008499,16.080554,0
                  108.1009656,16.080214,0
                  108.1052955,16.0790572,0
                  108.1058766,16.0793588,0
                  108.1065851,16.079382,0
                  108.1073684,16.0791758,0
                  108.1079799,16.0786758,0
                  108.1084462,16.0784827,0
                </coordinates>
              </LinearRing>
            </outerBoundaryIs>
          </Polygon>
        </MultiGeometry>
      </Placemark>
      <Placemark>
        <name>tổ 22 mới lấy luôn trường CĐ kinh tế kế hoạch</name>
        <styleUrl>#poly-000000-1200-77-nodesc</styleUrl>
        <Polygon>
          <outerBoundaryIs>
            <LinearRing>
              <tessellate>1</tessellate>
              <coordinates>
                108.1459921,16.0763841,0
                108.1464602,16.0749018,0
                108.1471991,16.0751058,0
                108.1473171,16.0748635,0
                108.1483686,16.0746728,0
                108.1490586,16.0748618,0
                108.1481379,16.0770594,0
                108.1459921,16.0763841,0
              </coordinates>
            </LinearRing>
          </outerBoundaryIs>
        </Polygon>
      </Placemark>
      <Placemark>
        <name>Đa giác 268</name>
        <styleUrl>#poly-FFD600-7301-77-nodesc</styleUrl>
        <Polygon>
          <outerBoundaryIs>
            <LinearRing>
              <tessellate>1</tessellate>
              <coordinates>
                108.1456543,16.0837646,0
                108.1406624,16.0778731,0
                108.1433017,16.0757907,0
                108.1467349,16.0740793,0
                108.1489245,16.0747844,0
                108.1456543,16.0837646,0
              </coordinates>
            </LinearRing>
          </outerBoundaryIs>
        </Polygon>
      </Placemark>
      <Placemark>
        <name>Đa giác 270</name>
        <styleUrl>#poly-F57C00-4701-77-nodesc</styleUrl>
        <Polygon>
          <outerBoundaryIs>
            <LinearRing>
              <tessellate>1</tessellate>
              <coordinates>
                108.1351673,16.0740293,0
                108.1355106,16.0746891,0
                108.1349749,16.0749315,0
                108.138199,16.0784737,0
                108.1361866,16.0800602,0
                108.1325892,16.0757859,0
                108.1336621,16.0751622,0
                108.1339665,16.0748968,0
                108.1345526,16.0745024,0
                108.1351673,16.0740293,0
              </coordinates>
            </LinearRing>
          </outerBoundaryIs>
        </Polygon>
      </Placemark>
      <Placemark>
        <name>Đa giác 271</name>
        <styleUrl>#poly-A52714-6701-51-nodesc</styleUrl>
        <Polygon>
          <outerBoundaryIs>
            <LinearRing>
              <tessellate>1</tessellate>
              <coordinates>
                108.1209495,16.0928213,0
                108.116894,16.0881618,0
                108.1278159,16.0792343,0
                108.1289103,16.0794405,0
                108.1310936,16.0777653,0
                108.132829,16.0764535,0
                108.1341996,16.0781107,0
                108.1359699,16.0802859,0
                108.1209495,16.0928213,0
              </coordinates>
            </LinearRing>
          </outerBoundaryIs>
        </Polygon>
      </Placemark>
      <Placemark>
        <name>TỔ 56</name>
        <styleUrl>#icon-1899-0288D1-nodesc</styleUrl>
        <Point>
          <coordinates>
            108.1423755,16.0678856,0
          </coordinates>
        </Point>
      </Placemark>
      <Placemark>
        <name>Đa giác 274</name>
        <styleUrl>#poly-FFEA00-8400-48-nodesc</styleUrl>
        <Polygon>
          <outerBoundaryIs>
            <LinearRing>
              <tessellate>1</tessellate>
              <coordinates>
                108.1289159,16.079273,0
                108.1271461,16.0788725,0
                108.1263092,16.0788106,0
                108.1260517,16.0785426,0
                108.1261375,16.0776354,0
                108.1257402,16.0772524,0
                108.1257084,16.0767385,0
                108.125923,16.0767075,0
                108.1260839,16.0768622,0
                108.1258413,16.0751387,0
                108.1256053,16.0749737,0
                108.1254507,16.0745169,0
                108.1236965,16.0645733,0
                108.1303122,16.0636687,0
                108.1348285,16.0727143,0
                108.1346461,16.0728071,0
                108.1343725,16.0731421,0
                108.1342928,16.0734215,0
                108.1345334,16.0736318,0
                108.1348185,16.0737771,0
                108.1348994,16.0737461,0
                108.1351354,16.0737667,0
                108.1351718,16.0738999,0
                108.1346926,16.074348,0
                108.1344909,16.0744702,0
                108.1339088,16.0748633,0
                108.1335339,16.0751263,0
                108.1332818,16.0753119,0
                108.1330028,16.0755129,0
                108.1327292,16.0756985,0
                108.1325892,16.0757859,0
                108.132801,16.0761572,0
                108.1289159,16.079273,0
              </coordinates>
            </LinearRing>
          </outerBoundaryIs>
        </Polygon>
      </Placemark>
      <Placemark>
        <name>Đa giác 236</name>
        <styleUrl>#poly-558B2F-7201-77-nodesc</styleUrl>
        <Polygon>
          <outerBoundaryIs>
            <LinearRing>
              <tessellate>1</tessellate>
              <coordinates>
                108.1271657,16.0790461,0
                108.1266663,16.0792886,0
                108.1245371,16.0792936,0
                108.1217632,16.0789587,0
                108.1213877,16.07867,0
                108.1211924,16.0784712,0
                108.1167935,16.0775815,0
                108.1169168,16.0771743,0
                108.1167674,16.0768971,0
                108.1167862,16.0765337,0
                108.1167379,16.0763121,0
                108.1167373,16.0760565,0
                108.116923,16.0756342,0
                108.1168962,16.0754848,0
                108.1172046,16.0754229,0
                108.1173173,16.0755157,0
                108.117607,16.0755724,0
                108.117674,16.0756497,0
                108.1182658,16.0755065,0
                108.1182336,16.0750322,0
                108.1194138,16.0749292,0
                108.1196984,16.07484,0
                108.1197306,16.0744895,0
                108.1198915,16.0742833,0
                108.120267,16.0740461,0
                108.1208357,16.0738297,0
                108.1215277,16.0732936,0
                108.1216135,16.0735101,0
                108.1216936,16.0734762,0
                108.1226381,16.0732729,0
                108.1240807,16.0735638,0
                108.1239037,16.0738679,0
                108.1239734,16.0740071,0
                108.1244241,16.0740535,0
                108.1242953,16.0743009,0
                108.1241616,16.0747678,0
                108.1245654,16.0747106,0
                108.1249282,16.0746494,0
                108.1254217,16.0747525,0
                108.1257972,16.0751855,0
                108.1258938,16.0752061,0
                108.1259474,16.0755773,0
                108.1254022,16.0757828,0
                108.1246814,16.0759381,0
                108.124619,16.0763189,0
                108.1250033,16.0768556,0
                108.1248745,16.0771443,0
                108.1248209,16.0775257,0
                108.1246492,16.0776907,0
                108.1253573,16.0780103,0
                108.1263092,16.0788106,0
                108.1271657,16.0790461,0
              </coordinates>
            </LinearRing>
          </outerBoundaryIs>
        </Polygon>
      </Placemark>
      <Placemark>
        <name>Đa giác 275</name>
        <styleUrl>#poly-E65100-6401-77-nodesc</styleUrl>
        <Polygon>
          <outerBoundaryIs>
            <LinearRing>
              <tessellate>1</tessellate>
              <coordinates>
                108.1156284,16.0797557,0
                108.1169168,16.0771743,0
                108.1167228,16.0768743,0
                108.1167862,16.0765337,0
                108.1166959,16.0763176,0
                108.1167373,16.0760565,0
                108.116923,16.0756342,0
                108.1168962,16.0754848,0
                108.1172046,16.0754229,0
                108.1159508,16.0650491,0
                108.1236965,16.0645733,0
                108.1254217,16.0747525,0
                108.1257972,16.0751855,0
                108.1260839,16.0768622,0
                108.1258479,16.0767075,0
                108.1257084,16.0767385,0
                108.1256655,16.0772024,0
                108.126121,16.0776498,0
                108.1260144,16.0785137,0
                108.1262558,16.0787869,0
                108.1272349,16.0790309,0
                108.1200574,16.0846749,0
                108.1156284,16.0797557,0
              </coordinates>
            </LinearRing>
          </outerBoundaryIs>
        </Polygon>
      </Placemark>
      <Placemark>
        <name>Đa giác 276</name>
        <styleUrl>#poly-F57C00-7201-56-nodesc</styleUrl>
        <Polygon>
          <outerBoundaryIs>
            <LinearRing>
              <tessellate>1</tessellate>
              <coordinates>
                108.1431873,16.0887573,0
                108.142079,16.0884128,0
                108.1419556,16.0888303,0
                108.139506,16.0879056,0
                108.1397635,16.0877097,0
                108.1407273,16.0875832,0
                108.1409441,16.0874948,0
                108.1415342,16.0875979,0
                108.1415549,16.087442,0
                108.141833,16.0872894,0
                108.1414737,16.0869648,0
                108.1413031,16.0870427,0
                108.1411673,16.0869145,0
                108.1413891,16.0867267,0
                108.140994,16.0864178,0
                108.1411357,16.0861571,0
                108.1408085,16.0858323,0
                108.1406851,16.0859818,0
                108.1403518,16.086179,0
                108.1399971,16.0863143,0
                108.139401,16.086563,0
                108.1392877,16.0864612,0
                108.1379855,16.0881326,0
                108.1365519,16.0895308,0
                108.1351383,16.0885361,0
                108.1363158,16.0870155,0
                108.1355356,16.0865138,0
                108.1344194,16.0878505,0
                108.1324614,16.0865361,0
                108.130659,16.0880206,0
                108.1284703,16.0867011,0
                108.1397785,16.0775673,0
                108.1454004,16.0838559,0
                108.1431873,16.0887573,0
              </coordinates>
            </LinearRing>
          </outerBoundaryIs>
        </Polygon>
      </Placemark>
      <Placemark>
        <name>Đa giác 277</name>
        <styleUrl>#poly-FFD600-7501-77-nodesc</styleUrl>
        <Polygon>
          <outerBoundaryIs>
            <LinearRing>
              <tessellate>1</tessellate>
              <coordinates>
                108.1486697,16.0803477,0
                108.1484512,16.0803644,0
                108.1479589,16.0800925,0
                108.1473098,16.0798348,0
                108.1483208,16.077408,0
                108.1487559,16.0775498,0
                108.1489953,16.0769841,0
                108.1491904,16.0770344,0
                108.149299,16.0770434,0
                108.1494787,16.0769693,0
                108.1495841,16.0769609,0
                108.149708,16.077165,0
                108.1498404,16.0772439,0
                108.1502213,16.0775325,0
                108.1505056,16.0778573,0
                108.1507742,16.0789131,0
                108.1509697,16.0797716,0
                108.1509375,16.0801015,0
                108.1514282,16.0804294,0
                108.1519974,16.0805917,0
                108.1514766,16.0816458,0
                108.151144,16.0813675,0
                108.149993,16.0814771,0
                108.1499088,16.0811642,0
                108.1496098,16.080883,0
                108.1493093,16.0809655,0
                108.1492222,16.0807828,0
                108.1490559,16.0805641,0
                108.1486697,16.0803477,0
              </coordinates>
            </LinearRing>
          </outerBoundaryIs>
        </Polygon>
      </Placemark>
      <Placemark>
        <name>Đa giác 278</name>
        <styleUrl>#poly-FF5252-6101-0-nodesc</styleUrl>
        <Polygon>
          <outerBoundaryIs>
            <LinearRing>
              <tessellate>1</tessellate>
              <coordinates>
                108.1493975,16.0823483,0
                108.1493519,16.0823032,0
                108.1492929,16.0822271,0
                108.1491427,16.0822426,0
                108.148578,16.0819436,0
                108.1498997,16.0811724,0
                108.1499624,16.0815147,0
                108.151144,16.0813675,0
                108.1514541,16.0816196,0
                108.1510142,16.0823592,0
                108.149539,16.0822974,0
                108.1493975,16.0823483,0
              </coordinates>
            </LinearRing>
          </outerBoundaryIs>
        </Polygon>
      </Placemark>
      <Placemark>
        <name>TỔ 17</name>
        <styleUrl>#icon-1899-0288D1-nodesc</styleUrl>
        <Point>
          <coordinates>
            108.1499287,16.0818998,0
          </coordinates>
        </Point>
      </Placemark>
      <Placemark>
        <name>Đa giác 281</name>
        <styleUrl>#poly-F48FB1-1200-77-nodesc</styleUrl>
        <Polygon>
          <outerBoundaryIs>
            <LinearRing>
              <tessellate>1</tessellate>
              <coordinates>
                108.1441383,16.0790003,0
                108.1440524,16.0790003,0
                108.1439773,16.07799,0
                108.1452541,16.0778973,0
                108.1453828,16.0789694,0
                108.1441383,16.0790003,0
              </coordinates>
            </LinearRing>
          </outerBoundaryIs>
        </Polygon>
      </Placemark>
      <Placemark>
        <name>TỔ SỐ 8 (866 hộ, 2982 khẩu (Quang Thành 3A + 25 (Quang Thành 4B1) + 43 (Đa Phước) </name>
        <styleUrl>#icon-1899-0288D1-nodesc</styleUrl>
        <Point>
          <coordinates>
            108.1444494,16.078423,0
          </coordinates>
        </Point>
      </Placemark>
      <Placemark>
        <name>Đa giác 280</name>
        <styleUrl>#poly-558B2F-8800-77-nodesc</styleUrl>
        <Polygon>
          <outerBoundaryIs>
            <LinearRing>
              <tessellate>1</tessellate>
              <coordinates>
                108.1517744,16.0905484,0
                108.1457951,16.0837986,0
                108.1473098,16.0798348,0
                108.1484512,16.0803644,0
                108.1486697,16.0803477,0
                108.1490559,16.0805641,0
                108.1493093,16.0809655,0
                108.1496575,16.080974,0
                108.1499088,16.0811642,0
                108.1499876,16.0814462,0
                108.151144,16.0813675,0
                108.1514766,16.0816458,0
                108.1501746,16.0838692,0
                108.1546282,16.0885691,0
                108.1517744,16.0905484,0
              </coordinates>
            </LinearRing>
          </outerBoundaryIs>
        </Polygon>
      </Placemark>
      <Placemark>
        <name>Đa giác 267</name>
        <styleUrl>#poly-FBC02D-1200-77-nodesc</styleUrl>
        <Polygon>
          <outerBoundaryIs>
            <LinearRing>
              <tessellate>1</tessellate>
              <coordinates>
                108.1479475,16.085593,0
                108.148044,16.0845209,0
                108.1492242,16.0845931,0
                108.1492027,16.0856549,0
                108.1479475,16.085593,0
              </coordinates>
            </LinearRing>
          </outerBoundaryIs>
        </Polygon>
      </Placemark>
      <Placemark>
        <name>TỔ 14 (824 hộ ; 3348 khẩu)Quang Thành 4B1+ 4B2+ 4B3 + 16 hộ tổ 24 QT 4B1-và tổ 17 QT 3B2</name>
        <styleUrl>#icon-1899-0288D1-nodesc</styleUrl>
        <Point>
          <coordinates>
            108.1486341,16.0850467,0
          </coordinates>
        </Point>
      </Placemark>
      <Placemark>
        <name>Tổ 12</name>
        <styleUrl>#icon-1899-0288D1-nodesc</styleUrl>
        <Point>
          <coordinates>
            108.1516,16.0790597,0
          </coordinates>
        </Point>
      </Placemark>
      <Placemark>
        <name>Đa giác 270</name>
        <styleUrl>#poly-C2185B-7401-46-nodesc</styleUrl>
        <Polygon>
          <outerBoundaryIs>
            <LinearRing>
              <tessellate>1</tessellate>
              <coordinates>
                108.1519288,16.0804998,0
                108.1513816,16.080407,0
                108.1509268,16.0801015,0
                108.1510168,16.07984,0
                108.1504959,16.0778893,0
                108.1502926,16.077505,0
                108.1497562,16.0771545,0
                108.1495841,16.0769609,0
                108.1495094,16.0768968,0
                108.1493002,16.0769792,0
                108.1491286,16.0769844,0
                108.149032,16.0769535,0
                108.1487262,16.0774844,0
                108.1483883,16.0773813,0
                108.149466,16.0745858,0
                108.1510973,16.0752808,0
                108.1505871,16.076743,0
                108.1509346,16.0770639,0
                108.1510669,16.0771092,0
                108.1515855,16.0776803,0
                108.151902,16.0779509,0
                108.1526449,16.0784019,0
                108.1528997,16.078554,0
                108.153865,16.0770901,0
                108.154621,16.075451,0
                108.1548417,16.075639,0
                108.1531981,16.0786199,0
                108.1520736,16.0805771,0
                108.1519288,16.0804998,0
              </coordinates>
            </LinearRing>
          </outerBoundaryIs>
        </Polygon>
      </Placemark>
      <Placemark>
        <name>Đa giác 223</name>
        <styleUrl>#poly-E65100-1200-77-nodesc</styleUrl>
        <Polygon>
          <outerBoundaryIs>
            <LinearRing>
              <tessellate>1</tessellate>
              <coordinates>
                108.1442617,16.0743915,0
                108.1442282,16.0736844,0
                108.1451844,16.0736595,0
                108.1453024,16.0743193,0
                108.1442617,16.0743915,0
              </coordinates>
            </LinearRing>
          </outerBoundaryIs>
        </Polygon>
      </Placemark>
      <Placemark>
        <name>Đa giác 269</name>
        <styleUrl>#poly-1A237E-8300-71-nodesc</styleUrl>
        <Polygon>
          <outerBoundaryIs>
            <LinearRing>
              <tessellate>1</tessellate>
              <coordinates>
                108.1468312,16.0738261,0
                108.1434954,16.0756873,0
                108.1406624,16.0778113,0
                108.1372506,16.0739712,0
                108.1448896,16.0700863,0
                108.1458552,16.0716515,0
                108.1468312,16.0738261,0
              </coordinates>
            </LinearRing>
          </outerBoundaryIs>
        </Polygon>
      </Placemark>
      <Placemark>
        <name>TỔ SỐ 10 (509 hộ, 2317 khẩu (KDC Đa Phước 1A + KDC Đa Phước 3 tổ 44).</name>
        <styleUrl>#icon-1899-0288D1-nodesc</styleUrl>
        <Point>
          <coordinates>
            108.1447066,16.0739769,0
          </coordinates>
        </Point>
      </Placemark>
      <Placemark>
        <name>Đa giác 273</name>
        <styleUrl>#poly-EDA29B-7801-56-nodesc</styleUrl>
        <Polygon>
          <outerBoundaryIs>
            <LinearRing>
              <tessellate>1</tessellate>
              <coordinates>
                108.1351692,16.073838,0
                108.1349787,16.0737194,0
                108.1347695,16.0737298,0
                108.1345334,16.0736318,0
                108.1343457,16.0734205,0
                108.1343725,16.0731421,0
                108.1345791,16.0727968,0
                108.1348285,16.0727143,0
                108.1346139,16.0723483,0
                108.1303122,16.0636687,0
                108.1336488,16.0640089,0
                108.1360414,16.0643595,0
                108.1379404,16.0642048,0
                108.1387557,16.0643492,0
                108.1396279,16.0660864,0
                108.1403468,16.0673931,0
                108.141438,16.0685865,0
                108.1426181,16.0696793,0
                108.1436876,16.0707193,0
                108.1419602,16.0716575,0
                108.1399003,16.0718018,0
                108.1379618,16.0725454,0
                108.1351692,16.073838,0
              </coordinates>
            </LinearRing>
          </outerBoundaryIs>
        </Polygon>
      </Placemark>
    </Folder>
    <Folder>
      <name>Lớp không có tiêu đề</name>
    </Folder>
    <Folder>
      <name>Lớp không có tiêu đề</name>
    </Folder>
    <Folder>
      <name>Lớp không có tiêu đề</name>
    </Folder>
    <Folder>
      <name>Lớp không có tiêu đề</name>
    </Folder>
    <Folder>
      <name>Lớp không có tiêu đề</name>
    </Folder>
    <Folder>
      <name>Lớp không có tiêu đề</name>
    </Folder>
    <Folder>
      <name>Lớp không có tiêu đề</name>
    </Folder>
    <Folder>
      <name>Lớp không có tiêu đề</name>
    </Folder>
    <Folder>
      <name>Lớp không có tiêu đề</name>
    </Folder>
  </Document>
</kml>
