{
  "type": "FeatureCollection",
  "name": "Bản đồ Liên Chiểu 95 tổ dân phố cũ",
  "features": [
    {
      "type": "Feature",
      "id": "old_tdp_poly_0_0",
      "properties": {
        "name": "Quạn Nam 1",
        "description": "",
        "featureType": "zone",
        "area": 0,
        "source": "95_TDP_CU"
      },
      "geometry": {
        "type": "Polygon",
        "coordinates": [
          [
            [
              108.0945198,
              16.0975688
            ],
            [
              108.0945043,
              16.0975631
            ],
            [
              108.0945095,
              16.0975636
            ],
            [
              108.0945198,
              16.0975688
            ]
          ]
        ]
      }
    },
    {
      "type": "Feature",
      "id": "old_tdp_poly_0_1",
      "properties": {
        "name": "Quạn Nam 1",
        "description": "",
        "featureType": "zone",
        "area": 0.0005,
        "source": "95_TDP_CU"
      },
      "geometry": {
        "type": "Polygon",
        "coordinates": [
          [
            [
              108.0944977,
              16.0975626
            ],
            [
              108.0945026,
              16.097563
            ],
            [
              108.0945271,
              16.0975724
            ],
            [
              108.0946763,
              16.097647
            ],
            [
              108.0944977,
              16.0975626
            ]
          ]
        ]
      }
    },
    {
      "type": "Feature",
      "id": "old_tdp_poly_0_2",
      "properties": {
        "name": "Quạn Nam 1",
        "description": "",
        "featureType": "zone",
        "area": 0.0001,
        "source": "95_TDP_CU"
      },
      "geometry": {
        "type": "Polygon",
        "coordinates": [
          [
            [
              108.0945911,
              16.097597
            ],
            [
              108.0945271,
              16.0975724
            ],
            [
              108.0945198,
              16.0975688
            ],
            [
              108.0945774,
              16.0975896
            ],
            [
              108.0945911,
              16.097597
            ]
          ]
        ]
      }
    },
    {
      "type": "Feature",
      "id": "old_tdp_poly_0_3",
      "properties": {
        "name": "Quạn Nam 1",
        "description": "",
        "featureType": "zone",
        "area": 1048.4764,
        "source": "95_TDP_CU"
      },
      "geometry": {
        "type": "Polygon",
        "coordinates": [
          [
            [
              108.0944977,
              16.0975626
            ],
            [
              108.0944384,
              16.0975573
            ],
            [
              108.094264,
              16.0975547
            ],
            [
              108.0939019,
              16.0975625
            ],
            [
              108.0938,
              16.0980624
            ],
            [
              108.0935962,
              16.0981294
            ],
            [
              108.0936364,
              16.0986474
            ],
            [
              108.0936364,
              16.0990082
            ],
            [
              108.0936364,
              16.0994979
            ],
            [
              108.0933145,
              16.1000081
            ],
            [
              108.0953596,
              16.1007453
            ],
            [
              108.0948875,
              16.101673
            ],
            [
              108.0928276,
              16.1021265
            ],
            [
              108.0906389,
              16.1018379
            ],
            [
              108.0882365,
              16.1030802
            ],
            [
              108.0872351,
              16.1029024
            ],
            [
              108.082071,
              16.1029719
            ],
            [
              108.0795952,
              16.1026912
            ],
            [
              108.0628893,
              16.1055723
            ],
            [
              108.0574276,
              16.1084801
            ],
            [
              108.051279,
              16.1111404
            ],
            [
              108.040054,
              16.1161061
            ],
            [
              108.038957,
              16.1098572
            ],
            [
              108.0367925,
              16.0993046
            ],
            [
              108.0366913,
              16.0958313
            ],
            [
              108.0392233,
              16.0955014
            ],
            [
              108.0430272,
              16.0948115
            ],
            [
              108.0460588,
              16.0958224
            ],
            [
              108.0494926,
              16.0971166
            ],
            [
              108.0523669,
              16.0984013
            ],
            [
              108.054179,
              16.0966864
            ],
            [
              108.0555718,
              16.0954418
            ],
            [
              108.0562458,
              16.0950478
            ],
            [
              108.0568617,
              16.095026
            ],
            [
              108.057749,
              16.0951078
            ],
            [
              108.0587229,
              16.0953213
            ],
            [
              108.0589371,
              16.0951627
            ],
            [
              108.0592373,
              16.0951144
            ],
            [
              108.0595054,
              16.0948221
            ],
            [
              108.0597683,
              16.0946709
            ],
            [
              108.0599211,
              16.0945231
            ],
            [
              108.0603962,
              16.0940369
            ],
            [
              108.0611931,
              16.0939012
            ],
            [
              108.0625939,
              16.0935266
            ],
            [
              108.0634213,
              16.0935919
            ],
            [
              108.0639454,
              16.0934938
            ],
            [
              108.0648402,
              16.093329
            ],
            [
              108.0659459,
              16.0932182
            ],
            [
              108.0665582,
              16.0932517
            ],
            [
              108.0670048,
              16.0931897
            ],
            [
              108.0679529,
              16.093138
            ],
            [
              108.0688258,
              16.0927152
            ],
            [
              108.0697666,
              16.0916701
            ],
            [
              108.0711044,
              16.0909858
            ],
            [
              108.0719453,
              16.0906687
            ],
            [
              108.0730151,
              16.0887068
            ],
            [
              108.0733554,
              16.0864768
            ],
            [
              108.0736926,
              16.0836664
            ],
            [
              108.0835998,
              16.08467
            ],
            [
              108.0836397,
              16.0873572
            ],
            [
              108.0847326,
              16.0879792
            ],
            [
              108.0852146,
              16.0897128
            ],
            [
              108.086035,
              16.0910744
            ],
            [
              108.0869602,
              16.0912295
            ],
            [
              108.0878103,
              16.0912505
            ],
            [
              108.0880918,
              16.0912992
            ],
            [
              108.0887315,
              16.0911807
            ],
            [
              108.090604,
              16.090742
            ],
            [
              108.0908143,
              16.0895702
            ],
            [
              108.0916231,
              16.089565
            ],
            [
              108.0922372,
              16.0895302
            ],
            [
              108.0926852,
              16.0895598
            ],
            [
              108.0928882,
              16.0895179
            ],
            [
              108.0930901,
              16.089596
            ],
            [
              108.0934416,
              16.0897196
            ],
            [
              108.0945986,
              16.0899216
            ],
            [
              108.0951929,
              16.0899786
            ],
            [
              108.0957442,
              16.0900974
            ],
            [
              108.0963036,
              16.0901645
            ],
            [
              108.0967987,
              16.0902936
            ],
            [
              108.097319,
              16.0903323
            ],
            [
              108.0978495,
              16.0903019
            ],
            [
              108.0981828,
              16.0899638
            ],
            [
              108.098284,
              16.089789
            ],
            [
              108.0986359,
              16.0895295
            ],
            [
              108.0989949,
              16.0892581
            ],
            [
              108.0996847,
              16.0895617
            ],
            [
              108.1013397,
              16.0906739
            ],
            [
              108.1014846,
              16.0907976
            ],
            [
              108.1015811,
              16.0909574
            ],
            [
              108.1015865,
              16.0911172
            ],
            [
              108.1014095,
              16.0916429
            ],
            [
              108.101034,
              16.0926222
            ],
            [
              108.1000898,
              16.0945911
            ],
            [
              108.099886,
              16.0951168
            ],
            [
              108.0998001,
              16.0953539
            ],
            [
              108.0995534,
              16.0955704
            ],
            [
              108.0993817,
              16.0956838
            ],
            [
              108.0991457,
              16.0957972
            ],
            [
              108.0988453,
              16.0956013
            ],
            [
              108.0986843,
              16.0953436
            ],
            [
              108.0985556,
              16.0949107
            ],
            [
              108.0985019,
              16.0945705
            ],
            [
              108.0985127,
              16.0940757
            ],
            [
              108.096045,
              16.0937458
            ],
            [
              108.0960034,
              16.094327
            ],
            [
              108.0962368,
              16.094354
            ],
            [
              108.0962059,
              16.0951296
            ],
            [
              108.0962555,
              16.0957597
            ],
            [
              108.0963253,
              16.0962727
            ],
            [
              108.0964702,
              16.0968138
            ],
            [
              108.0960799,
              16.0969323
            ],
            [
              108.096387,
              16.0977274
            ],
            [
              108.0959028,
              16.0979516
            ],
            [
              108.0956145,
              16.0980328
            ],
            [
              108.0953691,
              16.0980546
            ],
            [
              108.0952726,
              16.0980392
            ],
            [
              108.0950794,
              16.0978485
            ],
            [
              108.0947898,
              16.0977038
            ],
            [
              108.0946771,
              16.0976475
            ],
            [
              108.0946763,
              16.097647
            ],
            [
              108.0945911,
              16.097597
            ],
            [
              108.0945806,
              16.0975908
            ],
            [
              108.0945774,
              16.0975896
            ],
            [
              108.0945269,
              16.0975625
            ],
            [
              108.0944813,
              16.0975548
            ],
            [
              108.0944977,
              16.0975626
            ]
          ]
        ]
      }
    },
    {
      "type": "Feature",
      "id": "old_tdp_poly_1_0",
      "properties": {
        "name": "Quan Nam 3",
        "description": "",
        "featureType": "zone",
        "area": 121.2616,
        "source": "95_TDP_CU"
      },
      "geometry": {
        "type": "Polygon",
        "coordinates": [
          [
            [
              108.0933212,
              16.1003522
            ],
            [
              108.0936914,
              16.0999089
            ],
            [
              108.0936713,
              16.0984761
            ],
            [
              108.0938751,
              16.0984091
            ],
            [
              108.093965,
              16.0978864
            ],
            [
              108.0943513,
              16.097858
            ],
            [
              108.0945578,
              16.0978643
            ],
            [
              108.0948609,
              16.0980225
            ],
            [
              108.0951317,
              16.0981668
            ],
            [
              108.0952873,
              16.0983086
            ],
            [
              108.0954496,
              16.098382
            ],
            [
              108.0956213,
              16.098373
            ],
            [
              108.0957567,
              16.098358
            ],
            [
              108.0964621,
              16.0980741
            ],
            [
              108.096155,
              16.097279
            ],
            [
              108.0965453,
              16.0971605
            ],
            [
              108.0963709,
              16.0965923
            ],
            [
              108.0962892,
              16.0959253
            ],
            [
              108.0962529,
              16.0954777
            ],
            [
              108.0962824,
              16.0950808
            ],
            [
              108.0963026,
              16.094693
            ],
            [
              108.0973285,
              16.0949022
            ],
            [
              108.0976826,
              16.0949949
            ],
            [
              108.0978435,
              16.0952423
            ],
            [
              108.0978971,
              16.0955825
            ],
            [
              108.0979293,
              16.0960773
            ],
            [
              108.0980044,
              16.0964175
            ],
            [
              108.0981546,
              16.0968607
            ],
            [
              108.0985516,
              16.097438
            ],
            [
              108.0989486,
              16.0977988
            ],
            [
              108.0994421,
              16.098242
            ],
            [
              108.0997854,
              16.098541
            ],
            [
              108.1007832,
              16.0996955
            ],
            [
              108.1012602,
              16.1004958
            ],
            [
              108.1013246,
              16.100671
            ],
            [
              108.0999137,
              16.1017689
            ],
            [
              108.0995522,
              16.1020533
            ],
            [
              108.0991874,
              16.1024966
            ],
            [
              108.0983732,
              16.1033796
            ],
            [
              108.0979709,
              16.1036502
            ],
            [
              108.0975686,
              16.1037147
            ],
            [
              108.096662,
              16.1038075
            ],
            [
              108.0961944,
              16.1043276
            ],
            [
              108.0955185,
              16.1044565
            ],
            [
              108.0950518,
              16.1044049
            ],
            [
              108.0946977,
              16.1043431
            ],
            [
              108.0929006,
              16.1045956
            ],
            [
              108.0927482,
              16.1057469
            ],
            [
              108.0913351,
              16.1057151
            ],
            [
              108.0896828,
              16.1061275
            ],
            [
              108.0884502,
              16.1066844
            ],
            [
              108.087077,
              16.1073853
            ],
            [
              108.0861972,
              16.1076121
            ],
            [
              108.0849956,
              16.1078491
            ],
            [
              108.0834473,
              16.1091092
            ],
            [
              108.0821599,
              16.1095112
            ],
            [
              108.0790378,
              16.1094082
            ],
            [
              108.0766452,
              16.1092499
            ],
            [
              108.0751431,
              16.1093736
            ],
            [
              108.0742204,
              16.1096004
            ],
            [
              108.072815,
              16.1099405
            ],
            [
              108.0715597,
              16.1102497
            ],
            [
              108.0706156,
              16.1099921
            ],
            [
              108.0698323,
              16.1101157
            ],
            [
              108.0687702,
              16.1106002
            ],
            [
              108.0675042,
              16.1113423
            ],
            [
              108.0664098,
              16.111734
            ],
            [
              108.0657768,
              16.112136
            ],
            [
              108.0645216,
              16.112806
            ],
            [
              108.0637706,
              16.1134347
            ],
            [
              108.0649284,
              16.1119796
            ],
            [
              108.0693808,
              16.1097585
            ],
            [
              108.0734202,
              16.1084958
            ],
            [
              108.0760595,
              16.1074547
            ],
            [
              108.0778593,
              16.1066791
            ],
            [
              108.0796188,
              16.1059498
            ],
            [
              108.0800077,
              16.1058519
            ],
            [
              108.0804449,
              16.1058081
            ],
            [
              108.0810055,
              16.1058544
            ],
            [
              108.081668,
              16.1059524
            ],
            [
              108.0827784,
              16.1061869
            ],
            [
              108.0837118,
              16.1062796
            ],
            [
              108.0843502,
              16.106241
            ],
            [
              108.0850529,
              16.1061482
            ],
            [
              108.0858185,
              16.1059704
            ],
            [
              108.0872347,
              16.1051251
            ],
            [
              108.088329,
              16.1037954
            ],
            [
              108.0906456,
              16.102182
            ],
            [
              108.0928343,
              16.1024706
            ],
            [
              108.0948942,
              16.1020171
            ],
            [
              108.0953663,
              16.1010894
            ],
            [
              108.0933212,
              16.1003522
            ]
          ]
        ]
      }
    },
    {
      "type": "Feature",
      "id": "old_tdp_poly_2_0",
      "properties": {
        "name": "Quan Nam 4",
        "description": "",
        "featureType": "zone",
        "area": 79.7439,
        "source": "95_TDP_CU"
      },
      "geometry": {
        "type": "Polygon",
        "coordinates": [
          [
            [
              108.0969162,
              16.090258
            ],
            [
              108.0943786,
              16.0898109
            ],
            [
              108.0940796,
              16.0897568
            ],
            [
              108.0926414,
              16.089554
            ],
            [
              108.092311,
              16.0895484
            ],
            [
              108.0907499,
              16.0896063
            ],
            [
              108.0904323,
              16.0909637
            ],
            [
              108.0883132,
              16.0913056
            ],
            [
              108.0865793,
              16.0912615
            ],
            [
              108.0860441,
              16.0904192
            ],
            [
              108.085471,
              16.089221
            ],
            [
              108.0853055,
              16.0880435
            ],
            [
              108.0877714,
              16.0880327
            ],
            [
              108.0893804,
              16.0875858
            ],
            [
              108.0899868,
              16.086703
            ],
            [
              108.0903197,
              16.0862233
            ],
            [
              108.090494,
              16.085914
            ],
            [
              108.0906765,
              16.0856383
            ],
            [
              108.0907972,
              16.0854115
            ],
            [
              108.0909124,
              16.0852439
            ],
            [
              108.0914891,
              16.0856176
            ],
            [
              108.0919915,
              16.0854737
            ],
            [
              108.092267,
              16.0852208
            ],
            [
              108.0925138,
              16.0850713
            ],
            [
              108.0926639,
              16.0848445
            ],
            [
              108.092766,
              16.0846899
            ],
            [
              108.0928571,
              16.0845919
            ],
            [
              108.092951,
              16.0842904
            ],
            [
              108.0928946,
              16.0841228
            ],
            [
              108.0930233,
              16.0840302
            ],
            [
              108.0931736,
              16.08369
            ],
            [
              108.0934525,
              16.0834528
            ],
            [
              108.0936778,
              16.0831848
            ],
            [
              108.093828,
              16.0830818
            ],
            [
              108.0938144,
              16.0829276
            ],
            [
              108.093986,
              16.082608
            ],
            [
              108.0945976,
              16.0828245
            ],
            [
              108.0950267,
              16.0829895
            ],
            [
              108.0954988,
              16.0829276
            ],
            [
              108.0956124,
              16.0831048
            ],
            [
              108.0958761,
              16.0831995
            ],
            [
              108.0960889,
              16.0836183
            ],
            [
              108.0967541,
              16.0838657
            ],
            [
              108.0972747,
              16.0840113
            ],
            [
              108.0976217,
              16.0838757
            ],
            [
              108.0977357,
              16.0837765
            ],
            [
              108.0977867,
              16.0839479
            ],
            [
              108.0984693,
              16.0836979
            ],
            [
              108.0985461,
              16.0839959
            ],
            [
              108.098935,
              16.0838129
            ],
            [
              108.0989511,
              16.0835345
            ],
            [
              108.099168,
              16.0835239
            ],
            [
              108.0993692,
              16.0836966
            ],
            [
              108.0993625,
              16.0842481
            ],
            [
              108.0993478,
              16.0842868
            ],
            [
              108.0992867,
              16.084289
            ],
            [
              108.0984981,
              16.0843508
            ],
            [
              108.0985357,
              16.084691
            ],
            [
              108.098761,
              16.0847787
            ],
            [
              108.0988253,
              16.0850725
            ],
            [
              108.0989112,
              16.0852786
            ],
            [
              108.0989058,
              16.0856549
            ],
            [
              108.0988522,
              16.0862734
            ],
            [
              108.098761,
              16.0866239
            ],
            [
              108.0988661,
              16.0868871
            ],
            [
              108.0994669,
              16.0873407
            ],
            [
              108.0992845,
              16.0881963
            ],
            [
              108.098952,
              16.0893818
            ],
            [
              108.0982411,
              16.0899127
            ],
            [
              108.0978066,
              16.0904256
            ],
            [
              108.0969162,
              16.090258
            ]
          ]
        ]
      }
    },
    {
      "type": "Feature",
      "id": "old_tdp_poly_3_0",
      "properties": {
        "name": "Quan Nam 6",
        "description": "",
        "featureType": "zone",
        "area": 23.3317,
        "source": "95_TDP_CU"
      },
      "geometry": {
        "type": "Polygon",
        "coordinates": [
          [
            [
              108.0927026,
              16.1055987
            ],
            [
              108.092855,
              16.1044474
            ],
            [
              108.0946521,
              16.1041949
            ],
            [
              108.0956326,
              16.1042977
            ],
            [
              108.0963568,
              16.1039627
            ],
            [
              108.0966164,
              16.1036593
            ],
            [
              108.0978964,
              16.1035452
            ],
            [
              108.0981244,
              16.1033803
            ],
            [
              108.0983953,
              16.1031741
            ],
            [
              108.0986152,
              16.1028546
            ],
            [
              108.10001,
              16.1015146
            ],
            [
              108.1004391,
              16.1018238
            ],
            [
              108.1008897,
              16.1037823
            ],
            [
              108.1011687,
              16.1045657
            ],
            [
              108.1019197,
              16.1053697
            ],
            [
              108.1021557,
              16.105514
            ],
            [
              108.0989156,
              16.1064417
            ],
            [
              108.0970273,
              16.1060706
            ],
            [
              108.096169,
              16.1055346
            ],
            [
              108.0952464,
              16.1049574
            ],
            [
              108.0927026,
              16.1055987
            ]
          ]
        ]
      }
    },
    {
      "type": "Feature",
      "id": "old_tdp_poly_4_0",
      "properties": {
        "name": "Vân Dương 1",
        "description": "",
        "featureType": "zone",
        "area": 124.2879,
        "source": "95_TDP_CU"
      },
      "geometry": {
        "type": "Polygon",
        "coordinates": [
          [
            [
              108.105498,
              16.0885476
            ],
            [
              108.1156482,
              16.0805028
            ],
            [
              108.1196451,
              16.0849985
            ],
            [
              108.1101807,
              16.0931122
            ],
            [
              108.1068749,
              16.0894881
            ],
            [
              108.1053914,
              16.0904159
            ],
            [
              108.1035431,
              16.090354
            ],
            [
              108.1015047,
              16.0902819
            ],
            [
              108.1006463,
              16.0900448
            ],
            [
              108.0999356,
              16.0894855
            ],
            [
              108.0991846,
              16.0886196
            ],
            [
              108.099249,
              16.0883826
            ],
            [
              108.0994937,
              16.0874283
            ],
            [
              108.0999275,
              16.0866017
            ],
            [
              108.1001742,
              16.0860244
            ],
            [
              108.1003912,
              16.0856279
            ],
            [
              108.1018664,
              16.0843801
            ],
            [
              108.105498,
              16.0885476
            ]
          ]
        ]
      }
    },
    {
      "type": "Feature",
      "id": "old_tdp_poly_5_0",
      "properties": {
        "name": "Hiền Phước",
        "description": "",
        "featureType": "zone",
        "area": 0.0002,
        "source": "95_TDP_CU"
      },
      "geometry": {
        "type": "Polygon",
        "coordinates": [
          [
            [
              108.0946251,
              16.0741148
            ],
            [
              108.0946776,
              16.0741434
            ],
            [
              108.0946482,
              16.0741331
            ],
            [
              108.0946251,
              16.0741148
            ]
          ]
        ]
      }
    },
    {
      "type": "Feature",
      "id": "old_tdp_poly_5_1",
      "properties": {
        "name": "Hiền Phước",
        "description": "",
        "featureType": "zone",
        "area": 81.1782,
        "source": "95_TDP_CU"
      },
      "geometry": {
        "type": "Polygon",
        "coordinates": [
          [
            [
              108.0946251,
              16.0741148
            ],
            [
              108.094601,
              16.074138
            ],
            [
              108.0949201,
              16.0743932
            ],
            [
              108.0951562,
              16.0747746
            ],
            [
              108.0953471,
              16.0751104
            ],
            [
              108.0957655,
              16.0760383
            ],
            [
              108.0959265,
              16.0768733
            ],
            [
              108.0958393,
              16.0777672
            ],
            [
              108.0957105,
              16.0780352
            ],
            [
              108.0952713,
              16.0778795
            ],
            [
              108.0950943,
              16.0781681
            ],
            [
              108.0951211,
              16.0785186
            ],
            [
              108.0949387,
              16.0787248
            ],
            [
              108.0949709,
              16.0790135
            ],
            [
              108.0956695,
              16.0792899
            ],
            [
              108.0953598,
              16.0794871
            ],
            [
              108.0951648,
              16.079479
            ],
            [
              108.0938903,
              16.0799292
            ],
            [
              108.093499,
              16.0799804
            ],
            [
              108.092931,
              16.0797131
            ],
            [
              108.0928256,
              16.079625
            ],
            [
              108.0926209,
              16.0794267
            ],
            [
              108.0923644,
              16.079072
            ],
            [
              108.0918204,
              16.0791481
            ],
            [
              108.0882013,
              16.0774704
            ],
            [
              108.0868297,
              16.0773164
            ],
            [
              108.0851085,
              16.0765897
            ],
            [
              108.0805595,
              16.0748577
            ],
            [
              108.0823619,
              16.0719917
            ],
            [
              108.0885791,
              16.0745279
            ],
            [
              108.0905728,
              16.0721059
            ],
            [
              108.091237,
              16.0717146
            ],
            [
              108.0918476,
              16.072148
            ],
            [
              108.0928562,
              16.0723952
            ],
            [
              108.0934865,
              16.0724185
            ],
            [
              108.0939773,
              16.0722458
            ],
            [
              108.0939997,
              16.0726103
            ],
            [
              108.0942151,
              16.0728253
            ],
            [
              108.0944059,
              16.0732747
            ],
            [
              108.0944864,
              16.0735273
            ],
            [
              108.0945372,
              16.0737875
            ],
            [
              108.0948182,
              16.0733846
            ],
            [
              108.0951742,
              16.0730538
            ],
            [
              108.0952817,
              16.07299
            ],
            [
              108.0955175,
              16.0731737
            ],
            [
              108.0953941,
              16.0733013
            ],
            [
              108.0955543,
              16.0734634
            ],
            [
              108.0959732,
              16.0734941
            ],
            [
              108.0959702,
              16.0738362
            ],
            [
              108.0955287,
              16.0738355
            ],
            [
              108.0955253,
              16.0741125
            ],
            [
              108.0947104,
              16.0740761
            ],
            [
              108.0946251,
              16.0741148
            ]
          ]
        ]
      }
    },
    {
      "type": "Feature",
      "id": "old_tdp_poly_6_0",
      "properties": {
        "name": "Hưởng Phước",
        "description": "",
        "featureType": "zone",
        "area": 0.0018,
        "source": "95_TDP_CU"
      },
      "geometry": {
        "type": "Polygon",
        "coordinates": [
          [
            [
              108.0948955,
              16.0745055
            ],
            [
              108.0945764,
              16.0741859
            ],
            [
              108.0947384,
              16.0743386
            ],
            [
              108.0948955,
              16.0745055
            ]
          ]
        ]
      }
    },
    {
      "type": "Feature",
      "id": "old_tdp_poly_7_0",
      "properties": {
        "name": "Tân NInh",
        "description": "",
        "featureType": "zone",
        "area": 988.6436,
        "source": "95_TDP_CU"
      },
      "geometry": {
        "type": "Polygon",
        "coordinates": [
          [
            [
              108.0970642,
              16.0838142
            ],
            [
              108.0958676,
              16.0834109
            ],
            [
              108.0956548,
              16.0829921
            ],
            [
              108.0953911,
              16.0828974
            ],
            [
              108.0952775,
              16.0827202
            ],
            [
              108.0948054,
              16.0827821
            ],
            [
              108.0945984,
              16.0826997
            ],
            [
              108.0937773,
              16.0824162
            ],
            [
              108.0935931,
              16.0827202
            ],
            [
              108.0936201,
              16.0829104
            ],
            [
              108.09347,
              16.0830134
            ],
            [
              108.0933079,
              16.0831894
            ],
            [
              108.0930381,
              16.0834464
            ],
            [
              108.0928504,
              16.0836938
            ],
            [
              108.0928154,
              16.0838588
            ],
            [
              108.0926867,
              16.0839515
            ],
            [
              108.0927232,
              16.0841327
            ],
            [
              108.0926795,
              16.0843024
            ],
            [
              108.0926279,
              16.084418
            ],
            [
              108.0922335,
              16.0849051
            ],
            [
              108.0920633,
              16.085009
            ],
            [
              108.0917836,
              16.0853024
            ],
            [
              108.0912682,
              16.0854078
            ],
            [
              108.0907099,
              16.08507
            ],
            [
              108.090152,
              16.0860494
            ],
            [
              108.0891939,
              16.0874351
            ],
            [
              108.0875358,
              16.0878593
            ],
            [
              108.0850949,
              16.0878387
            ],
            [
              108.0838182,
              16.0873129
            ],
            [
              108.0839147,
              16.0845914
            ],
            [
              108.0817045,
              16.0843956
            ],
            [
              108.0738253,
              16.0837146
            ],
            [
              108.0728264,
              16.0888687
            ],
            [
              108.0716988,
              16.0907653
            ],
            [
              108.07003,
              16.0913785
            ],
            [
              108.0690048,
              16.0928989
            ],
            [
              108.0678294,
              16.0934297
            ],
            [
              108.0659674,
              16.0935481
            ],
            [
              108.0624693,
              16.0938939
            ],
            [
              108.0604177,
              16.0943668
            ],
            [
              108.0595269,
              16.095152
            ],
            [
              108.058585,
              16.0955592
            ],
            [
              108.0558007,
              16.0954395
            ],
            [
              108.0543468,
              16.0966392
            ],
            [
              108.0522544,
              16.0986675
            ],
            [
              108.0474688,
              16.0964978
            ],
            [
              108.0430124,
              16.0951041
            ],
            [
              108.0366765,
              16.0961239
            ],
            [
              108.0365784,
              16.0947407
            ],
            [
              108.0369309,
              16.0936049
            ],
            [
              108.0379057,
              16.0926546
            ],
            [
              108.0409841,
              16.0906848
            ],
            [
              108.0420512,
              16.0897411
            ],
            [
              108.042834,
              16.0887922
            ],
            [
              108.0432241,
              16.0884
            ],
            [
              108.0443659,
              16.0882503
            ],
            [
              108.0448765,
              16.0880607
            ],
            [
              108.0458144,
              16.0871271
            ],
            [
              108.0460017,
              16.0868175
            ],
            [
              108.0461289,
              16.0866485
            ],
            [
              108.0461908,
              16.0864729
            ],
            [
              108.0464285,
              16.0863784
            ],
            [
              108.0467508,
              16.0864486
            ],
            [
              108.047069,
              16.0864195
            ],
            [
              108.0474091,
              16.0862234
            ],
            [
              108.0473732,
              16.0857875
            ],
            [
              108.0469655,
              16.0850174
            ],
            [
              108.0468099,
              16.0839843
            ],
            [
              108.0469387,
              16.0833151
            ],
            [
              108.0486687,
              16.0821769
            ],
            [
              108.0500876,
              16.0810798
            ],
            [
              108.0507537,
              16.0804025
            ],
            [
              108.050722,
              16.0798215
            ],
            [
              108.0508188,
              16.0794795
            ],
            [
              108.0507653,
              16.079257
            ],
            [
              108.0509585,
              16.0791633
            ],
            [
              108.0512139,
              16.0788091
            ],
            [
              108.0511366,
              16.0782797
            ],
            [
              108.0508854,
              16.0779374
            ],
            [
              108.0505109,
              16.0779559
            ],
            [
              108.0501305,
              16.0779651
            ],
            [
              108.0499295,
              16.0776708
            ],
            [
              108.0489132,
              16.0782631
            ],
            [
              108.0481632,
              16.0785084
            ],
            [
              108.0474663,
              16.0784867
            ],
            [
              108.0472144,
              16.0784965
            ],
            [
              108.0469801,
              16.0784944
            ],
            [
              108.0467029,
              16.0785387
            ],
            [
              108.0465884,
              16.0786736
            ],
            [
              108.0465953,
              16.07883
            ],
            [
              108.0467058,
              16.0789677
            ],
            [
              108.0468623,
              16.0791709
            ],
            [
              108.0469716,
              16.0794432
            ],
            [
              108.0470506,
              16.0798642
            ],
            [
              108.0469392,
              16.0802156
            ],
            [
              108.046801,
              16.0803196
            ],
            [
              108.0467578,
              16.0802303
            ],
            [
              108.0467625,
              16.0797373
            ],
            [
              108.0467076,
              16.0795142
            ],
            [
              108.0465978,
              16.0794288
            ],
            [
              108.0463782,
              16.0793302
            ],
            [
              108.0460785,
              16.0788855
            ],
            [
              108.0459726,
              16.0787797
            ],
            [
              108.0461243,
              16.0784317
            ],
            [
              108.046409,
              16.0781462
            ],
            [
              108.0474339,
              16.0780463
            ],
            [
              108.0480404,
              16.0777918
            ],
            [
              108.0483705,
              16.0773191
            ],
            [
              108.0487609,
              16.0768096
            ],
            [
              108.0489238,
              16.0764209
            ],
            [
              108.0486835,
              16.075876
            ],
            [
              108.0485955,
              16.0755829
            ],
            [
              108.0485836,
              16.0753126
            ],
            [
              108.0483095,
              16.0751466
            ],
            [
              108.0481391,
              16.0753164
            ],
            [
              108.0481504,
              16.0755663
            ],
            [
              108.0481412,
              16.0756745
            ],
            [
              108.0480993,
              16.0757313
            ],
            [
              108.0480587,
              16.0757147
            ],
            [
              108.0480259,
              16.0756815
            ],
            [
              108.0480138,
              16.0756201
            ],
            [
              108.0480326,
              16.0755722
            ],
            [
              108.0479039,
              16.0754428
            ],
            [
              108.0478665,
              16.0753722
            ],
            [
              108.0478922,
              16.0752906
            ],
            [
              108.0479475,
              16.075191
            ],
            [
              108.047881,
              16.0751258
            ],
            [
              108.0477051,
              16.0751784
            ],
            [
              108.0475625,
              16.0752449
            ],
            [
              108.0475616,
              16.0753185
            ],
            [
              108.0476135,
              16.0754015
            ],
            [
              108.0475751,
              16.0754874
            ],
            [
              108.0474956,
              16.0756155
            ],
            [
              108.0474882,
              16.0757145
            ],
            [
              108.0474828,
              16.0757656
            ],
            [
              108.0473994,
              16.0758729
            ],
            [
              108.0474474,
              16.0760051
            ],
            [
              108.0475007,
              16.0761205
            ],
            [
              108.0474977,
              16.0761431
            ],
            [
              108.0473652,
              16.0762049
            ],
            [
              108.0472997,
              16.0763363
            ],
            [
              108.0471983,
              16.076367
            ],
            [
              108.0471296,
              16.0763461
            ],
            [
              108.0470619,
              16.0763661
            ],
            [
              108.0469853,
              16.0763622
            ],
            [
              108.0468591,
              16.076419
            ],
            [
              108.04669,
              16.0765557
            ],
            [
              108.046612,
              16.0765854
            ],
            [
              108.0466018,
              16.0764684
            ],
            [
              108.0467042,
              16.076385
            ],
            [
              108.0468509,
              16.0762191
            ],
            [
              108.0469095,
              16.0761349
            ],
            [
              108.0469106,
              16.0760593
            ],
            [
              108.0468012,
              16.0759648
            ],
            [
              108.0467457,
              16.0757949
            ],
            [
              108.0468655,
              16.0757177
            ],
            [
              108.0467975,
              16.0755657
            ],
            [
              108.0465377,
              16.0756644
            ],
            [
              108.0464803,
              16.0757704
            ],
            [
              108.0463638,
              16.0758559
            ],
            [
              108.0461494,
              16.0759374
            ],
            [
              108.0460155,
              16.0761221
            ],
            [
              108.0459969,
              16.0762655
            ],
            [
              108.0458616,
              16.0763656
            ],
            [
              108.0457695,
              16.0764291
            ],
            [
              108.045715,
              16.0765261
            ],
            [
              108.0456676,
              16.0767202
            ],
            [
              108.0456507,
              16.0769821
            ],
            [
              108.0456244,
              16.0770403
            ],
            [
              108.0455847,
              16.0770109
            ],
            [
              108.0455066,
              16.0767924
            ],
            [
              108.045484,
              16.0767388
            ],
            [
              108.0454264,
              16.0767316
            ],
            [
              108.0453917,
              16.076736
            ],
            [
              108.0453597,
              16.0767249
            ],
            [
              108.0453147,
              16.0766831
            ],
            [
              108.0453475,
              16.0766207
            ],
            [
              108.0454604,
              16.0765393
            ],
            [
              108.045533,
              16.0764806
            ],
            [
              108.045582,
              16.0763603
            ],
            [
              108.0456364,
              16.0762504
            ],
            [
              108.0458007,
              16.0760595
            ],
            [
              108.0459166,
              16.0758686
            ],
            [
              108.0461238,
              16.0757034
            ],
            [
              108.0462187,
              16.0756099
            ],
            [
              108.0462921,
              16.0754958
            ],
            [
              108.0462536,
              16.0754229
            ],
            [
              108.0461964,
              16.0754119
            ],
            [
              108.0459102,
              16.075538
            ],
            [
              108.0458152,
              16.0756369
            ],
            [
              108.045735,
              16.0757745
            ],
            [
              108.045644,
              16.075809
            ],
            [
              108.0455592,
              16.0757666
            ],
            [
              108.0454421,
              16.075701
            ],
            [
              108.0452629,
              16.0757172
            ],
            [
              108.0449802,
              16.0757305
            ],
            [
              108.0448067,
              16.0758041
            ],
            [
              108.044677,
              16.0759595
            ],
            [
              108.0445102,
              16.0760526
            ],
            [
              108.0444322,
              16.0760373
            ],
            [
              108.0443395,
              16.0759781
            ],
            [
              108.0443173,
              16.0758996
            ],
            [
              108.0445181,
              16.0757727
            ],
            [
              108.0446212,
              16.0756577
            ],
            [
              108.0446862,
              16.0755924
            ],
            [
              108.0437894,
              16.0760181
            ],
            [
              108.0435153,
              16.0759706
            ],
            [
              108.0433649,
              16.0759069
            ],
            [
              108.0433056,
              16.0758097
            ],
            [
              108.0433642,
              16.0757829
            ],
            [
              108.043589,
              16.0758359
            ],
            [
              108.0437644,
              16.0757974
            ],
            [
              108.0438312,
              16.0755875
            ],
            [
              108.0436578,
              16.0753725
            ],
            [
              108.0437829,
              16.0753607
            ],
            [
              108.0438977,
              16.0753767
            ],
            [
              108.0440072,
              16.075452
            ],
            [
              108.0442999,
              16.0753074
            ],
            [
              108.0444221,
              16.0752377
            ],
            [
              108.0443196,
              16.0751359
            ],
            [
              108.0442761,
              16.0749619
            ],
            [
              108.044342,
              16.074894
            ],
            [
              108.0444768,
              16.0748987
            ],
            [
              108.0445481,
              16.0749321
            ],
            [
              108.0445711,
              16.074999
            ],
            [
              108.0445324,
              16.075178
            ],
            [
              108.0445908,
              16.0753217
            ],
            [
              108.0446683,
              16.0754528
            ],
            [
              108.0447366,
              16.0755286
            ],
            [
              108.0451086,
              16.0754712
            ],
            [
              108.0454824,
              16.0754579
            ],
            [
              108.0458088,
              16.0753353
            ],
            [
              108.0459854,
              16.0751374
            ],
            [
              108.045902,
              16.0749315
            ],
            [
              108.045914,
              16.074777
            ],
            [
              108.0459689,
              16.0747875
            ],
            [
              108.0463546,
              16.0750732
            ],
            [
              108.0466548,
              16.0749583
            ],
            [
              108.0467619,
              16.0747514
            ],
            [
              108.0466171,
              16.0744729
            ],
            [
              108.0463112,
              16.0744315
            ],
            [
              108.0462227,
              16.07422
            ],
            [
              108.0459625,
              16.0741117
            ],
            [
              108.0461315,
              16.0738719
            ],
            [
              108.0462535,
              16.0738706
            ],
            [
              108.046397,
              16.0740342
            ],
            [
              108.0466301,
              16.074034
            ],
            [
              108.0468632,
              16.0743431
            ],
            [
              108.0471246,
              16.0742863
            ],
            [
              108.0472787,
              16.074312
            ],
            [
              108.0471549,
              16.0744666
            ],
            [
              108.047117,
              16.0746109
            ],
            [
              108.0474113,
              16.0748068
            ],
            [
              108.0479926,
              16.074549
            ],
            [
              108.047881,
              16.0738892
            ],
            [
              108.0477822,
              16.0735593
            ],
            [
              108.0474152,
              16.073219
            ],
            [
              108.0478755,
              16.0732493
            ],
            [
              108.0480198,
              16.0731974
            ],
            [
              108.0480061,
              16.0729962
            ],
            [
              108.0478544,
              16.0727822
            ],
            [
              108.0477732,
              16.0725514
            ],
            [
              108.047856,
              16.0724309
            ],
            [
              108.0479457,
              16.0722263
            ],
            [
              108.0480817,
              16.0723972
            ],
            [
              108.0481873,
              16.0725961
            ],
            [
              108.0482561,
              16.0726491
            ],
            [
              108.0484557,
              16.0727062
            ],
            [
              108.0486843,
              16.0725389
            ],
            [
              108.0488699,
              16.0716808
            ],
            [
              108.0493646,
              16.0714234
            ],
            [
              108.0493812,
              16.0715782
            ],
            [
              108.0490896,
              16.0717896
            ],
            [
              108.0489911,
              16.0720731
            ],
            [
              108.0488746,
              16.0727278
            ],
            [
              108.0491792,
              16.07288
            ],
            [
              108.0494149,
              16.0726745
            ],
            [
              108.0500103,
              16.0727751
            ],
            [
              108.0499298,
              16.07235
            ],
            [
              108.0507557,
              16.072737
            ],
            [
              108.0503102,
              16.0720778
            ],
            [
              108.0500981,
              16.0718307
            ],
            [
              108.0500619,
              16.0715422
            ],
            [
              108.0501349,
              16.0712949
            ],
            [
              108.0502734,
              16.0713516
            ],
            [
              108.050305,
              16.0716119
            ],
            [
              108.0504496,
              16.071706
            ],
            [
              108.0506024,
              16.0717067
            ],
            [
              108.0507646,
              16.0716091
            ],
            [
              108.0508672,
              16.0715448
            ],
            [
              108.050826,
              16.0713629
            ],
            [
              108.0506989,
              16.0712429
            ],
            [
              108.0504127,
              16.071137
            ],
            [
              108.0502372,
              16.070626
            ],
            [
              108.0503045,
              16.0705166
            ],
            [
              108.0506114,
              16.0709205
            ],
            [
              108.0509043,
              16.0712049
            ],
            [
              108.0510508,
              16.0715173
            ],
            [
              108.0509845,
              16.0717044
            ],
            [
              108.0511016,
              16.0719113
            ],
            [
              108.0512621,
              16.0720921
            ],
            [
              108.0513477,
              16.0722959
            ],
            [
              108.0514441,
              16.0723823
            ],
            [
              108.0517096,
              16.0723946
            ],
            [
              108.0517994,
              16.0716585
            ],
            [
              108.0518926,
              16.0712956
            ],
            [
              108.0523523,
              16.0710626
            ],
            [
              108.0527001,
              16.070709
            ],
            [
              108.0528902,
              16.0704445
            ],
            [
              108.0529407,
              16.0699842
            ],
            [
              108.0532477,
              16.0703408
            ],
            [
              108.0537016,
              16.0702253
            ],
            [
              108.0540413,
              16.0699717
            ],
            [
              108.0541234,
              16.0702026
            ],
            [
              108.0545658,
              16.0703694
            ],
            [
              108.0545101,
              16.0705065
            ],
            [
              108.0539565,
              16.0705235
            ],
            [
              108.0534995,
              16.0706745
            ],
            [
              108.0528409,
              16.071178
            ],
            [
              108.0529536,
              16.0712996
            ],
            [
              108.0529019,
              16.0713513
            ],
            [
              108.0528771,
              16.0714261
            ],
            [
              108.0529367,
              16.0714971
            ],
            [
              108.0529964,
              16.0715243
            ],
            [
              108.053217,
              16.0715046
            ],
            [
              108.0534215,
              16.0714075
            ],
            [
              108.0535697,
              16.0713233
            ],
            [
              108.0537404,
              16.0713405
            ],
            [
              108.05382,
              16.0712958
            ],
            [
              108.0539424,
              16.0711442
            ],
            [
              108.0541024,
              16.0711653
            ],
            [
              108.0539611,
              16.0713001
            ],
            [
              108.0540728,
              16.0714939
            ],
            [
              108.0541475,
              16.0715907
            ],
            [
              108.0544062,
              16.0716446
            ],
            [
              108.0546488,
              16.0715799
            ],
            [
              108.0551248,
              16.0713606
            ],
            [
              108.0550375,
              16.071734
            ],
            [
              108.055951,
              16.0717648
            ],
            [
              108.0563348,
              16.071898
            ],
            [
              108.0569451,
              16.0721243
            ],
            [
              108.0571618,
              16.0722299
            ],
            [
              108.0591665,
              16.0722503
            ],
            [
              108.0667716,
              16.0729588
            ],
            [
              108.0748466,
              16.0729189
            ],
            [
              108.0762955,
              16.0733851
            ],
            [
              108.0804482,
              16.074841
            ],
            [
              108.0891459,
              16.0778907
            ],
            [
              108.0893918,
              16.0779971
            ],
            [
              108.0897557,
              16.0781564
            ],
            [
              108.0900083,
              16.0783254
            ],
            [
              108.0902635,
              16.0784042
            ],
            [
              108.090707,
              16.0786171
            ],
            [
              108.0910405,
              16.0787695
            ],
            [
              108.0914228,
              16.0789472
            ],
            [
              108.0916018,
              16.0789871
            ],
            [
              108.0918601,
              16.0789381
            ],
            [
              108.0921525,
              16.0789046
            ],
            [
              108.0925216,
              16.079316
            ],
            [
              108.0928492,
              16.0796501
            ],
            [
              108.0930762,
              16.079718
            ],
            [
              108.0933327,
              16.0798336
            ],
            [
              108.0937562,
              16.079794
            ],
            [
              108.0941958,
              16.0796486
            ],
            [
              108.0949368,
              16.0792858
            ],
            [
              108.0951318,
              16.0793249
            ],
            [
              108.0954348,
              16.079522
            ],
            [
              108.0956737,
              16.0796973
            ],
            [
              108.0958076,
              16.0797733
            ],
            [
              108.0958995,
              16.0797548
            ],
            [
              108.0959367,
              16.0800547
            ],
            [
              108.0961027,
              16.0801483
            ],
            [
              108.0963709,
              16.0802824
            ],
            [
              108.0964246,
              16.0804576
            ],
            [
              108.0965962,
              16.0807668
            ],
            [
              108.0966767,
              16.0821353
            ],
            [
              108.0967679,
              16.0823905
            ],
            [
              108.0969074,
              16.0827823
            ],
            [
              108.0967894,
              16.0832822
            ],
            [
              108.0970642,
              16.0838142
            ]
          ]
        ]
      }
    },
    {
      "type": "Feature",
      "id": "old_tdp_point_8_0",
      "properties": {
        "name": "TRUNG SƠN  mới: Ghép TDP Trung Sơn  (192 hộ, 650 khẩu) + 314 hộ, 942 khẩu của Quan Nam 5 = 506 hộ (1592 khẩu)",
        "description": "",
        "featureType": "poi",
        "source": "95_TDP_CU"
      },
      "geometry": {
        "type": "Point",
        "coordinates": [
          108.109814,
          16.102043
        ]
      }
    },
    {
      "type": "Feature",
      "id": "old_tdp_point_9_0",
      "properties": {
        "name": "QUAN NAM 3",
        "description": "HỘ: 337      KHẨU 1230",
        "featureType": "poi",
        "source": "95_TDP_CU"
      },
      "geometry": {
        "type": "Point",
        "coordinates": [
          108.0908024,
          16.1037953
        ]
      }
    },
    {
      "type": "Feature",
      "id": "old_tdp_point_10_0",
      "properties": {
        "name": "QUAN NAM 6",
        "description": "HỘ: 70      KHẨU: 269",
        "featureType": "poi",
        "source": "95_TDP_CU"
      },
      "geometry": {
        "type": "Point",
        "coordinates": [
          108.0986345,
          16.1043725
        ]
      }
    },
    {
      "type": "Feature",
      "id": "old_tdp_point_11_0",
      "properties": {
        "name": "QUAN NAM 2 mới: Ghép 360 hộ, 1255 khẩu Quan Nam 2 + 200 hộ, 961 khẩu Quan Nam 5 = 560 hộ (2216 khẩu)",
        "description": "",
        "featureType": "poi",
        "source": "95_TDP_CU"
      },
      "geometry": {
        "type": "Point",
        "coordinates": [
          108.1027324,
          16.0974947
        ]
      }
    },
    {
      "type": "Feature",
      "id": "old_tdp_point_12_0",
      "properties": {
        "name": "QUAN NAM 5",
        "description": "HỘ:  514    KHẨU:  1903",
        "featureType": "poi",
        "source": "95_TDP_CU"
      },
      "geometry": {
        "type": "Point",
        "coordinates": [
          108.1048352,
          16.0933301
        ]
      }
    },
    {
      "type": "Feature",
      "id": "old_tdp_point_13_0",
      "properties": {
        "name": "QUAN NAM 4",
        "description": "HỘ:   372    KHẨU:  1218",
        "featureType": "poi",
        "source": "95_TDP_CU"
      },
      "geometry": {
        "type": "Point",
        "coordinates": [
          108.0963809,
          16.0866914
        ]
      }
    },
    {
      "type": "Feature",
      "id": "old_tdp_point_14_0",
      "properties": {
        "name": "TDP VÂN DƯƠNG 2:  565 hộ, 1871 khẩu. Giữ nguyên hiện trạng",
        "description": "",
        "featureType": "poi",
        "source": "95_TDP_CU"
      },
      "geometry": {
        "type": "Point",
        "coordinates": [
          108.1031669,
          16.0817082
        ]
      }
    },
    {
      "type": "Feature",
      "id": "old_tdp_point_15_0",
      "properties": {
        "name": "TÂN NINH",
        "description": "HỘ: 280     KHẨU: 998",
        "featureType": "poi",
        "source": "95_TDP_CU"
      },
      "geometry": {
        "type": "Point",
        "coordinates": [
          108.0895198,
          16.0825947
        ]
      }
    },
    {
      "type": "Feature",
      "id": "old_tdp_point_16_0",
      "properties": {
        "name": "HIỀN PHƯỚC",
        "description": "HỘ:  220     KHẨU:  662",
        "featureType": "poi",
        "source": "95_TDP_CU"
      },
      "geometry": {
        "type": "Point",
        "coordinates": [
          108.0906403,
          16.0772181
        ]
      }
    },
    {
      "type": "Feature",
      "id": "old_tdp_point_17_0",
      "properties": {
        "name": "HƯỞNG PHƯỚC",
        "description": "HỘ: 542        KHẨU:   1949",
        "featureType": "poi",
        "source": "95_TDP_CU"
      },
      "geometry": {
        "type": "Point",
        "coordinates": [
          108.0981861,
          16.0769429
        ]
      }
    },
    {
      "type": "Feature",
      "id": "old_tdp_line_19_0",
      "properties": {
        "name": "Đường thẳng 38",
        "description": "",
        "featureType": "zone",
        "area": 2.4418,
        "source": "95_TDP_CU"
      },
      "geometry": {
        "type": "MultiPolygon",
        "coordinates": [
          [
            [
              [
                108.1010111,
                16.0745608
              ],
              [
                108.1014617,
                16.076035
              ],
              [
                108.1018587,
                16.0758855
              ],
              [
                108.1021805,
                16.0766175
              ],
              [
                108.10278542368803,
                16.076395047166365
              ],
              [
                108.1010111,
                16.0745608
              ]
            ]
          ],
          [
            [
              [
                108.10278542368803,
                16.076395047166365
              ],
              [
                108.1030496,
                16.0762979
              ],
              [
                108.1032642,
                16.0767824
              ],
              [
                108.1037899,
                16.0772051
              ],
              [
                108.1042941,
                16.0772979
              ],
              [
                108.1049608,
                16.0774774
              ],
              [
                108.1049066,
                16.0778162
              ],
              [
                108.10480082568203,
                16.07847851447835
              ],
              [
                108.10278542368803,
                16.076395047166365
              ]
            ]
          ],
          [
            [
              [
                108.10480082568203,
                16.07847851447835
              ],
              [
                108.1047296,
                16.0789245
              ],
              [
                108.1053519,
                16.0790482
              ],
              [
                108.10480082568203,
                16.07847851447835
              ]
            ]
          ]
        ]
      }
    },
    {
      "type": "Feature",
      "id": "old_tdp_line_22_0",
      "properties": {
        "name": "Tổ 1",
        "description": "",
        "featureType": "zone",
        "area": 2.4851,
        "source": "95_TDP_CU"
      },
      "geometry": {
        "type": "Polygon",
        "coordinates": [
          [
            [
              108.1496076,
              16.0713301
            ],
            [
              108.1493017,
              16.0712042
            ],
            [
              108.1501814,
              16.0693433
            ],
            [
              108.1490656,
              16.0688639
            ],
            [
              108.149307,
              16.0682917
            ],
            [
              108.1509593,
              16.068967
            ],
            [
              108.1514153,
              16.0691886
            ],
            [
              108.1511633,
              16.0697373
            ],
            [
              108.1504418,
              16.0694692
            ],
            [
              108.1496076,
              16.0713301
            ],
            [
              108.1495861,
              16.0713353
            ],
            [
              108.1496076,
              16.0713353
            ],
            [
              108.1496076,
              16.0713301
            ]
          ]
        ]
      }
    },
    {
      "type": "Feature",
      "id": "old_tdp_line_23_0",
      "properties": {
        "name": "Tổ 3",
        "description": "",
        "featureType": "zone",
        "area": 1.8311,
        "source": "95_TDP_CU"
      },
      "geometry": {
        "type": "Polygon",
        "coordinates": [
          [
            [
              108.1513181,
              16.0702167
            ],
            [
              108.1519297,
              16.0704435
            ],
            [
              108.1525627,
              16.0705981
            ],
            [
              108.1528524,
              16.0706084
            ],
            [
              108.1530884,
              16.0704641
            ],
            [
              108.153303,
              16.0703713
            ],
            [
              108.1534532,
              16.0702579
            ],
            [
              108.1516722,
              16.0692476
            ],
            [
              108.151243,
              16.0702373
            ],
            [
              108.1513181,
              16.0702167
            ]
          ]
        ]
      }
    },
    {
      "type": "Feature",
      "id": "old_tdp_poly_24_0",
      "properties": {
        "name": "Tổ 4",
        "description": "",
        "featureType": "zone",
        "area": 0.5013,
        "source": "95_TDP_CU"
      },
      "geometry": {
        "type": "Polygon",
        "coordinates": [
          [
            [
              108.154923,
              16.0746704
            ],
            [
              108.154762,
              16.0746332
            ],
            [
              108.155403,
              16.0720739
            ],
            [
              108.1555532,
              16.0721074
            ],
            [
              108.154923,
              16.0746704
            ]
          ]
        ]
      }
    },
    {
      "type": "Feature",
      "id": "old_tdp_poly_25_0",
      "properties": {
        "name": "Tổ 5",
        "description": "",
        "featureType": "zone",
        "area": 1.8615,
        "source": "95_TDP_CU"
      },
      "geometry": {
        "type": "Polygon",
        "coordinates": [
          [
            [
              108.1555371,
              16.0720919
            ],
            [
              108.1538677,
              16.0715377
            ],
            [
              108.1542003,
              16.0708469
            ],
            [
              108.1544363,
              16.0706511
            ],
            [
              108.1550372,
              16.0709191
            ],
            [
              108.155756,
              16.0712799
            ],
            [
              108.1555371,
              16.0720919
            ]
          ]
        ]
      }
    },
    {
      "type": "Feature",
      "id": "old_tdp_poly_26_0",
      "properties": {
        "name": "Tổ 6",
        "description": "",
        "featureType": "zone",
        "area": 1.4303,
        "source": "95_TDP_CU"
      },
      "geometry": {
        "type": "Polygon",
        "coordinates": [
          [
            [
              108.1532334,
              16.0714686
            ],
            [
              108.1528311,
              16.070666
            ],
            [
              108.1528524,
              16.0706084
            ],
            [
              108.1532871,
              16.0704237
            ],
            [
              108.1534749,
              16.0702948
            ],
            [
              108.154419,
              16.0707072
            ],
            [
              108.1542152,
              16.0708516
            ],
            [
              108.1538838,
              16.0715738
            ],
            [
              108.1532334,
              16.0714686
            ]
          ]
        ]
      }
    },
    {
      "type": "Feature",
      "id": "old_tdp_poly_27_0",
      "properties": {
        "name": "Tổ 7",
        "description": "",
        "featureType": "zone",
        "area": 4.1636,
        "source": "95_TDP_CU"
      },
      "geometry": {
        "type": "Polygon",
        "coordinates": [
          [
            [
              108.1507361,
              16.0731861
            ],
            [
              108.1501542,
              16.0729842
            ],
            [
              108.1512432,
              16.0702058
            ],
            [
              108.1518387,
              16.0704429
            ],
            [
              108.1523644,
              16.0705924
            ],
            [
              108.152815,
              16.0706285
            ],
            [
              108.1532495,
              16.0714738
            ],
            [
              108.153051,
              16.0720563
            ],
            [
              108.1522356,
              16.0717264
            ],
            [
              108.1513165,
              16.0713968
            ],
            [
              108.1509374,
              16.0721543
            ],
            [
              108.151117,
              16.0721964
            ],
            [
              108.1507361,
              16.0731861
            ]
          ]
        ]
      }
    },
    {
      "type": "Feature",
      "id": "old_tdp_line_28_0",
      "properties": {
        "name": "Tổ 8",
        "description": "",
        "featureType": "zone",
        "area": 1.6838,
        "source": "95_TDP_CU"
      },
      "geometry": {
        "type": "Polygon",
        "coordinates": [
          [
            [
              108.1510043,
              16.0721242
            ],
            [
              108.1513004,
              16.0713916
            ],
            [
              108.1528079,
              16.0719985
            ],
            [
              108.152714,
              16.0722382
            ],
            [
              108.1529313,
              16.0723181
            ],
            [
              108.1527156,
              16.0728046
            ],
            [
              108.1510001,
              16.0721429
            ],
            [
              108.1513005,
              16.071398
            ],
            [
              108.1510043,
              16.0721242
            ]
          ]
        ]
      }
    },
    {
      "type": "Feature",
      "id": "old_tdp_poly_29_0",
      "properties": {
        "name": "Tổ 9",
        "description": "",
        "featureType": "zone",
        "area": 2.1667,
        "source": "95_TDP_CU"
      },
      "geometry": {
        "type": "Polygon",
        "coordinates": [
          [
            [
              108.15072,
              16.0731809
            ],
            [
              108.1511009,
              16.0721912
            ],
            [
              108.1527156,
              16.0728046
            ],
            [
              108.1522972,
              16.0737892
            ],
            [
              108.15072,
              16.0731809
            ]
          ]
        ]
      }
    },
    {
      "type": "Feature",
      "id": "old_tdp_poly_30_0",
      "properties": {
        "name": "Tổ 10",
        "description": "",
        "featureType": "zone",
        "area": 2.749,
        "source": "95_TDP_CU"
      },
      "geometry": {
        "type": "Polygon",
        "coordinates": [
          [
            [
              108.1505871,
              16.0767765
            ],
            [
              108.1502706,
              16.0765858
            ],
            [
              108.1501419,
              16.0764208
            ],
            [
              108.1501472,
              16.0762095
            ],
            [
              108.1501258,
              16.0761373
            ],
            [
              108.1499219,
              16.0761837
            ],
            [
              108.1498039,
              16.0758745
            ],
            [
              108.1495531,
              16.0759953
            ],
            [
              108.1495316,
              16.075802
            ],
            [
              108.1493801,
              16.0758342
            ],
            [
              108.1492179,
              16.075529
            ],
            [
              108.1490958,
              16.0753951
            ],
            [
              108.149466,
              16.0745858
            ],
            [
              108.1511504,
              16.0752714
            ],
            [
              108.1506676,
              16.0764466
            ],
            [
              108.1505764,
              16.0766683
            ],
            [
              108.1505871,
              16.0767765
            ]
          ]
        ]
      }
    },
    {
      "type": "Feature",
      "id": "old_tdp_poly_31_0",
      "properties": {
        "name": "Tổ 11",
        "description": "",
        "featureType": "zone",
        "area": 2.1779,
        "source": "95_TDP_CU"
      },
      "geometry": {
        "type": "Polygon",
        "coordinates": [
          [
            [
              108.1491126,
              16.0754854
            ],
            [
              108.1492557,
              16.0755956
            ],
            [
              108.1493801,
              16.0758342
            ],
            [
              108.1495132,
              16.075825
            ],
            [
              108.1495531,
              16.0759953
            ],
            [
              108.1498039,
              16.0758745
            ],
            [
              108.1499219,
              16.0761837
            ],
            [
              108.150122,
              16.0761601
            ],
            [
              108.1501274,
              16.0761987
            ],
            [
              108.1501301,
              16.0764384
            ],
            [
              108.1502706,
              16.0765858
            ],
            [
              108.1505583,
              16.0767663
            ],
            [
              108.1504354,
              16.0767824
            ],
            [
              108.1503125,
              16.0767779
            ],
            [
              108.1501667,
              16.0767483
            ],
            [
              108.1500165,
              16.0768308
            ],
            [
              108.1497832,
              16.0768797
            ],
            [
              108.1495592,
              16.076939
            ],
            [
              108.1494787,
              16.0769693
            ],
            [
              108.1494076,
              16.0770021
            ],
            [
              108.1493352,
              16.0770241
            ],
            [
              108.149299,
              16.0770434
            ],
            [
              108.1491904,
              16.0770344
            ],
            [
              108.1489953,
              16.0769841
            ],
            [
              108.1487559,
              16.0775498
            ],
            [
              108.1483187,
              16.0773823
            ],
            [
              108.1491126,
              16.0754854
            ]
          ]
        ]
      }
    },
    {
      "type": "Feature",
      "id": "old_tdp_poly_32_0",
      "properties": {
        "name": "Tổ 14",
        "description": "",
        "featureType": "zone",
        "area": 2.9945,
        "source": "95_TDP_CU"
      },
      "geometry": {
        "type": "Polygon",
        "coordinates": [
          [
            [
              108.1473098,
              16.0798348
            ],
            [
              108.1480581,
              16.077992
            ],
            [
              108.1481171,
              16.0779972
            ],
            [
              108.1485946,
              16.0781621
            ],
            [
              108.1489272,
              16.078425
            ],
            [
              108.1490452,
              16.078657
            ],
            [
              108.1492222,
              16.0790539
            ],
            [
              108.1491739,
              16.0791003
            ],
            [
              108.1488574,
              16.0787446
            ],
            [
              108.1487233,
              16.0787343
            ],
            [
              108.1487877,
              16.0788683
            ],
            [
              108.1486965,
              16.079157
            ],
            [
              108.1485302,
              16.0789972
            ],
            [
              108.1483371,
              16.0789044
            ],
            [
              108.147983,
              16.0789972
            ],
            [
              108.1479938,
              16.0791827
            ],
            [
              108.1483585,
              16.0790642
            ],
            [
              108.1485731,
              16.0792291
            ],
            [
              108.1487126,
              16.079559
            ],
            [
              108.1488521,
              16.0797136
            ],
            [
              108.1487448,
              16.0798837
            ],
            [
              108.1488306,
              16.0800487
            ],
            [
              108.1490666,
              16.080059
            ],
            [
              108.1490881,
              16.0801621
            ],
            [
              108.1492383,
              16.080394
            ],
            [
              108.1490559,
              16.0805641
            ],
            [
              108.1489594,
              16.0805229
            ],
            [
              108.1488628,
              16.0804649
            ],
            [
              108.1486697,
              16.0803477
            ],
            [
              108.1484512,
              16.0803644
            ],
            [
              108.1484102,
              16.0803347
            ],
            [
              108.1483411,
              16.0803038
            ],
            [
              108.1482064,
              16.0802213
            ],
            [
              108.1479589,
              16.0800925
            ],
            [
              108.1479239,
              16.0801218
            ],
            [
              108.1478261,
              16.0800809
            ],
            [
              108.1477142,
              16.0800281
            ],
            [
              108.1475525,
              16.0799534
            ],
            [
              108.1473098,
              16.0798348
            ]
          ]
        ]
      }
    },
    {
      "type": "Feature",
      "id": "old_tdp_poly_33_0",
      "properties": {
        "name": "Tổ 13",
        "description": "",
        "featureType": "zone",
        "area": 0.8471,
        "source": "95_TDP_CU"
      },
      "geometry": {
        "type": "Polygon",
        "coordinates": [
          [
            [
              108.153013,
              16.0784742
            ],
            [
              108.1532557,
              16.0780503
            ],
            [
              108.1535038,
              16.0776417
            ],
            [
              108.1539759,
              16.0768041
            ],
            [
              108.1541315,
              16.0765877
            ],
            [
              108.1543729,
              16.0760361
            ],
            [
              108.154621,
              16.075451
            ],
            [
              108.1547846,
              16.0755245
            ],
            [
              108.1546217,
              16.0759652
            ],
            [
              108.1545449,
              16.0761901
            ],
            [
              108.1544305,
              16.0764047
            ],
            [
              108.1539759,
              16.0772423
            ],
            [
              108.1537158,
              16.0776818
            ],
            [
              108.1536145,
              16.0779069
            ],
            [
              108.1534757,
              16.0781218
            ],
            [
              108.1533449,
              16.0783367
            ],
            [
              108.1532822,
              16.0784493
            ],
            [
              108.1532088,
              16.0785541
            ],
            [
              108.153013,
              16.0784742
            ]
          ]
        ]
      }
    },
    {
      "type": "Feature",
      "id": "old_tdp_poly_34_0",
      "properties": {
        "name": "Tổ 15",
        "description": "",
        "featureType": "zone",
        "area": 2.4837,
        "source": "95_TDP_CU"
      },
      "geometry": {
        "type": "Polygon",
        "coordinates": [
          [
            [
              108.1480854,
              16.0779501
            ],
            [
              108.1483208,
              16.077408
            ],
            [
              108.1487586,
              16.0775575
            ],
            [
              108.1489913,
              16.0769776
            ],
            [
              108.1491931,
              16.0770421
            ],
            [
              108.1493097,
              16.0770466
            ],
            [
              108.1494103,
              16.0770099
            ],
            [
              108.1494814,
              16.076977
            ],
            [
              108.1495841,
              16.0769609
            ],
            [
              108.1496042,
              16.0770034
            ],
            [
              108.1496732,
              16.0771121
            ],
            [
              108.149708,
              16.077165
            ],
            [
              108.1497986,
              16.077216
            ],
            [
              108.1496931,
              16.0773733
            ],
            [
              108.1495858,
              16.0775176
            ],
            [
              108.1498074,
              16.0776615
            ],
            [
              108.1495606,
              16.077981
            ],
            [
              108.1500112,
              16.0782491
            ],
            [
              108.1500595,
              16.0783934
            ],
            [
              108.1498878,
              16.0787336
            ],
            [
              108.1496947,
              16.0786769
            ],
            [
              108.1495499,
              16.0789295
            ],
            [
              108.1492656,
              16.079115
            ],
            [
              108.1490885,
              16.0786975
            ],
            [
              108.1490295,
              16.078548
            ],
            [
              108.148874,
              16.0783573
            ],
            [
              108.1487452,
              16.0782491
            ],
            [
              108.1486326,
              16.078146
            ],
            [
              108.1484985,
              16.0780841
            ],
            [
              108.1482571,
              16.078012
            ],
            [
              108.1480854,
              16.0779501
            ]
          ]
        ]
      }
    },
    {
      "type": "Feature",
      "id": "old_tdp_poly_35_0",
      "properties": {
        "name": "Tổ 16",
        "description": "",
        "featureType": "zone",
        "area": 3.339,
        "source": "95_TDP_CU"
      },
      "geometry": {
        "type": "Polygon",
        "coordinates": [
          [
            [
              108.1491283,
              16.0791175
            ],
            [
              108.1492629,
              16.0791073
            ],
            [
              108.1495472,
              16.0789218
            ],
            [
              108.149692,
              16.0786692
            ],
            [
              108.1498851,
              16.0787259
            ],
            [
              108.1500078,
              16.0784965
            ],
            [
              108.1500517,
              16.0783322
            ],
            [
              108.1500341,
              16.078299
            ],
            [
              108.1500273,
              16.0782581
            ],
            [
              108.149566,
              16.0779746
            ],
            [
              108.1498047,
              16.0776538
            ],
            [
              108.1495987,
              16.0775071
            ],
            [
              108.1496904,
              16.0773656
            ],
            [
              108.1498188,
              16.0772052
            ],
            [
              108.1502433,
              16.0774912
            ],
            [
              108.1503588,
              16.0776535
            ],
            [
              108.1504811,
              16.0778184
            ],
            [
              108.1505348,
              16.0779522
            ],
            [
              108.1506212,
              16.0782854
            ],
            [
              108.1506921,
              16.0785794
            ],
            [
              108.1507266,
              16.0787319
            ],
            [
              108.1507742,
              16.0789131
            ],
            [
              108.1504962,
              16.0792
            ],
            [
              108.1505016,
              16.0794835
            ],
            [
              108.1504586,
              16.0796484
            ],
            [
              108.1500724,
              16.0795454
            ],
            [
              108.1500027,
              16.0797103
            ],
            [
              108.1500295,
              16.0797979
            ],
            [
              108.1501421,
              16.0799319
            ],
            [
              108.1501421,
              16.080066
            ],
            [
              108.1501797,
              16.0802309
            ],
            [
              108.1499598,
              16.0803752
            ],
            [
              108.1498793,
              16.0804732
            ],
            [
              108.1496218,
              16.0803959
            ],
            [
              108.1494287,
              16.0801587
            ],
            [
              108.1492248,
              16.0799938
            ],
            [
              108.1490639,
              16.0798082
            ],
            [
              108.1490961,
              16.0796742
            ],
            [
              108.1490478,
              16.0793649
            ],
            [
              108.1491283,
              16.0791175
            ]
          ]
        ]
      }
    },
    {
      "type": "Feature",
      "id": "old_tdp_poly_36_0",
      "properties": {
        "name": "Tổ 27",
        "description": "",
        "featureType": "zone",
        "area": 7.5615,
        "source": "95_TDP_CU"
      },
      "geometry": {
        "type": "Polygon",
        "coordinates": [
          [
            [
              108.1464451,
              16.0818812
            ],
            [
              108.1473017,
              16.0798344
            ],
            [
              108.1476289,
              16.0799975
            ],
            [
              108.1479266,
              16.0801167
            ],
            [
              108.1479616,
              16.0800873
            ],
            [
              108.1484631,
              16.0803615
            ],
            [
              108.1486724,
              16.0803477
            ],
            [
              108.1490573,
              16.0805602
            ],
            [
              108.1492222,
              16.0807828
            ],
            [
              108.1493093,
              16.0809655
            ],
            [
              108.1496098,
              16.080883
            ],
            [
              108.1499088,
              16.0811642
            ],
            [
              108.1496137,
              16.0813137
            ],
            [
              108.1492543,
              16.0815251
            ],
            [
              108.1486723,
              16.0818653
            ],
            [
              108.148616,
              16.0819271
            ],
            [
              108.1491041,
              16.0822312
            ],
            [
              108.1492562,
              16.0822434
            ],
            [
              108.1493975,
              16.0823483
            ],
            [
              108.1483317,
              16.0827312
            ],
            [
              108.1481171,
              16.0831642
            ],
            [
              108.1474626,
              16.0828034
            ],
            [
              108.1467813,
              16.0831487
            ],
            [
              108.1465694,
              16.0828962
            ],
            [
              108.1472269,
              16.0824173
            ],
            [
              108.1466355,
              16.0821338
            ],
            [
              108.1466953,
              16.0819953
            ],
            [
              108.1464451,
              16.0818812
            ]
          ]
        ]
      }
    },
    {
      "type": "Feature",
      "id": "old_tdp_poly_37_0",
      "properties": {
        "name": "Tổ 28",
        "description": "",
        "featureType": "zone",
        "area": 3.3762,
        "source": "95_TDP_CU"
      },
      "geometry": {
        "type": "Polygon",
        "coordinates": [
          [
            [
              108.1481144,
              16.0831694
            ],
            [
              108.1483319,
              16.0827688
            ],
            [
              108.1495121,
              16.0823564
            ],
            [
              108.1510326,
              16.0823756
            ],
            [
              108.1501746,
              16.0838692
            ],
            [
              108.1497052,
              16.0835858
            ],
            [
              108.149493,
              16.0839322
            ],
            [
              108.1494287,
              16.083891
            ],
            [
              108.1488493,
              16.0835508
            ],
            [
              108.1481144,
              16.0831694
            ]
          ]
        ]
      }
    },
    {
      "type": "Feature",
      "id": "old_tdp_poly_38_0",
      "properties": {
        "name": "Tổ 26",
        "description": "",
        "featureType": "zone",
        "area": 6.4167,
        "source": "95_TDP_CU"
      },
      "geometry": {
        "type": "Polygon",
        "coordinates": [
          [
            [
              108.1461311,
              16.0841312
            ],
            [
              108.1460453,
              16.0840075
            ],
            [
              108.1460023,
              16.0838735
            ],
            [
              108.1460613,
              16.0836054
            ],
            [
              108.1466783,
              16.0831931
            ],
            [
              108.1469948,
              16.0830539
            ],
            [
              108.1474599,
              16.0828086
            ],
            [
              108.1480596,
              16.0831879
            ],
            [
              108.1478403,
              16.0835951
            ],
            [
              108.1474487,
              16.0835693
            ],
            [
              108.1473145,
              16.0836724
            ],
            [
              108.1483198,
              16.0842343
            ],
            [
              108.1482297,
              16.0844477
            ],
            [
              108.149265,
              16.0849786
            ],
            [
              108.1486416,
              16.0858734
            ],
            [
              108.1487704,
              16.0859662
            ],
            [
              108.1484485,
              16.0865538
            ],
            [
              108.1477082,
              16.0859043
            ],
            [
              108.1470109,
              16.0851312
            ],
            [
              108.1461311,
              16.0841312
            ]
          ]
        ]
      }
    },
    {
      "type": "Feature",
      "id": "old_tdp_poly_39_0",
      "properties": {
        "name": "Tổ 29",
        "description": "",
        "featureType": "zone",
        "area": 3.1836,
        "source": "95_TDP_CU"
      },
      "geometry": {
        "type": "Polygon",
        "coordinates": [
          [
            [
              108.1476879,
              16.0839065
            ],
            [
              108.1473145,
              16.0836724
            ],
            [
              108.1474487,
              16.0835693
            ],
            [
              108.1478403,
              16.0835951
            ],
            [
              108.1480656,
              16.0831673
            ],
            [
              108.149493,
              16.0839322
            ],
            [
              108.1497052,
              16.0835858
            ],
            [
              108.1501746,
              16.0838692
            ],
            [
              108.1489968,
              16.0859837
            ],
            [
              108.1487232,
              16.0858858
            ],
            [
              108.149265,
              16.0849786
            ],
            [
              108.1482297,
              16.0844477
            ],
            [
              108.1483853,
              16.084226
            ],
            [
              108.1476879,
              16.0839065
            ]
          ]
        ]
      }
    },
    {
      "type": "Feature",
      "id": "old_tdp_point_40_0",
      "properties": {
        "name": "PHƯỜNG HÒA KHÁNH",
        "description": "",
        "featureType": "poi",
        "source": "95_TDP_CU"
      },
      "geometry": {
        "type": "Point",
        "coordinates": [
          108.1011529,
          16.0723241
        ]
      }
    },
    {
      "type": "Feature",
      "id": "old_tdp_poly_41_0",
      "properties": {
        "name": "Tổ 30",
        "description": "",
        "featureType": "zone",
        "area": 16.2908,
        "source": "95_TDP_CU"
      },
      "geometry": {
        "type": "Polygon",
        "coordinates": [
          [
            [
              108.1500846,
              16.0845384
            ],
            [
              108.1499602,
              16.0844718
            ],
            [
              108.150282,
              16.0839666
            ],
            [
              108.1546282,
              16.0885691
            ],
            [
              108.1517744,
              16.0905484
            ],
            [
              108.1497144,
              16.0881774
            ],
            [
              108.1506425,
              16.0875125
            ],
            [
              108.150165,
              16.0869403
            ],
            [
              108.1513613,
              16.0859404
            ],
            [
              108.1500846,
              16.0845384
            ]
          ]
        ]
      }
    },
    {
      "type": "Feature",
      "id": "old_tdp_poly_42_0",
      "properties": {
        "name": "Tổ 31",
        "description": "",
        "featureType": "zone",
        "area": 6.1481,
        "source": "95_TDP_CU"
      },
      "geometry": {
        "type": "Polygon",
        "coordinates": [
          [
            [
              108.1497144,
              16.0881774
            ],
            [
              108.1484441,
              16.0870269
            ],
            [
              108.1489968,
              16.0859837
            ],
            [
              108.1494526,
              16.0854806
            ],
            [
              108.1499602,
              16.0844718
            ],
            [
              108.1513613,
              16.0859404
            ],
            [
              108.150165,
              16.0869403
            ],
            [
              108.1506425,
              16.0875125
            ],
            [
              108.1497144,
              16.0881774
            ]
          ]
        ]
      }
    },
    {
      "type": "Feature",
      "id": "old_tdp_poly_43_0",
      "properties": {
        "name": "Tổ 32",
        "description": "",
        "featureType": "zone",
        "area": 4.1623,
        "source": "95_TDP_CU"
      },
      "geometry": {
        "type": "Polygon",
        "coordinates": [
          [
            [
              108.1491414,
              16.0922372
            ],
            [
              108.1476823,
              16.0906291
            ],
            [
              108.1472531,
              16.0902167
            ],
            [
              108.1475965,
              16.0899281
            ],
            [
              108.1487552,
              16.091062
            ],
            [
              108.1504825,
              16.0894436
            ],
            [
              108.1511584,
              16.0901755
            ],
            [
              108.1493131,
              16.0915981
            ],
            [
              108.1497208,
              16.0919898
            ],
            [
              108.1491414,
              16.0922372
            ]
          ]
        ]
      }
    },
    {
      "type": "Feature",
      "id": "old_tdp_poly_44_0",
      "properties": {
        "name": "Tổ 33",
        "description": "",
        "featureType": "zone",
        "area": 3.0926,
        "source": "95_TDP_CU"
      },
      "geometry": {
        "type": "Polygon",
        "coordinates": [
          [
            [
              108.1480256,
              16.0903004
            ],
            [
              108.149753,
              16.0886304
            ],
            [
              108.1505469,
              16.0893623
            ],
            [
              108.1487552,
              16.091062
            ],
            [
              108.1480256,
              16.0903004
            ]
          ]
        ]
      }
    },
    {
      "type": "Feature",
      "id": "old_tdp_poly_45_0",
      "properties": {
        "name": "Tổ 34",
        "description": "",
        "featureType": "zone",
        "area": 2.9453,
        "source": "95_TDP_CU"
      },
      "geometry": {
        "type": "Polygon",
        "coordinates": [
          [
            [
              108.1480256,
              16.0903004
            ],
            [
              108.1473259,
              16.0895496
            ],
            [
              108.1491713,
              16.0878281
            ],
            [
              108.149753,
              16.0886304
            ],
            [
              108.1480256,
              16.0903004
            ]
          ]
        ]
      }
    },
    {
      "type": "Feature",
      "id": "old_tdp_poly_46_0",
      "properties": {
        "name": "Tổ 35",
        "description": "",
        "featureType": "zone",
        "area": 2.9245,
        "source": "95_TDP_CU"
      },
      "geometry": {
        "type": "Polygon",
        "coordinates": [
          [
            [
              108.1473152,
              16.0894671
            ],
            [
              108.1465427,
              16.0888847
            ],
            [
              108.1472294,
              16.0883074
            ],
            [
              108.1481359,
              16.0873229
            ],
            [
              108.148431,
              16.0870962
            ],
            [
              108.1491391,
              16.0878178
            ],
            [
              108.1473152,
              16.0894671
            ]
          ]
        ]
      }
    },
    {
      "type": "Feature",
      "id": "old_tdp_poly_47_0",
      "properties": {
        "name": "Tổ 36",
        "description": "",
        "featureType": "zone",
        "area": 2.1851,
        "source": "95_TDP_CU"
      },
      "geometry": {
        "type": "Polygon",
        "coordinates": [
          [
            [
              108.1444111,
              16.0914452
            ],
            [
              108.1441,
              16.0910328
            ],
            [
              108.1465569,
              16.0889918
            ],
            [
              108.1472061,
              16.0896566
            ],
            [
              108.1468251,
              16.0899608
            ],
            [
              108.1464925,
              16.0896824
            ],
            [
              108.1444111,
              16.0914452
            ]
          ]
        ]
      }
    },
    {
      "type": "Feature",
      "id": "old_tdp_poly_48_0",
      "properties": {
        "name": "Tổ 37",
        "description": "",
        "featureType": "zone",
        "area": 12.7981,
        "source": "95_TDP_CU"
      },
      "geometry": {
        "type": "Polygon",
        "coordinates": [
          [
            [
              108.1454215,
              16.0897832
            ],
            [
              108.145325,
              16.0897008
            ],
            [
              108.1462638,
              16.088773
            ],
            [
              108.1447993,
              16.0874638
            ],
            [
              108.1441555,
              16.0888838
            ],
            [
              108.1439732,
              16.089157
            ],
            [
              108.1434437,
              16.088978
            ],
            [
              108.1445824,
              16.0863268
            ],
            [
              108.1451725,
              16.0850486
            ],
            [
              108.1457411,
              16.0852392
            ],
            [
              108.1461703,
              16.0846104
            ],
            [
              108.1463098,
              16.0848011
            ],
            [
              108.1482717,
              16.0869987
            ],
            [
              108.1478211,
              16.0876069
            ],
            [
              108.147349,
              16.0880914
            ],
            [
              108.1454215,
              16.0897832
            ]
          ]
        ]
      }
    },
    {
      "type": "Feature",
      "id": "old_tdp_poly_49_0",
      "properties": {
        "name": "Tổ 39",
        "description": "",
        "featureType": "zone",
        "area": 2.7878,
        "source": "95_TDP_CU"
      },
      "geometry": {
        "type": "Polygon",
        "coordinates": [
          [
            [
              108.1444727,
              16.0860409
            ],
            [
              108.1436454,
              16.0880314
            ],
            [
              108.1428219,
              16.0877192
            ],
            [
              108.1422952,
              16.0875425
            ],
            [
              108.1422642,
              16.0874801
            ],
            [
              108.1421584,
              16.0872977
            ],
            [
              108.1421182,
              16.0873183
            ],
            [
              108.1420551,
              16.0872088
            ],
            [
              108.1419733,
              16.0872178
            ],
            [
              108.141833,
              16.0872894
            ],
            [
              108.1415706,
              16.0870556
            ],
            [
              108.1414737,
              16.0869648
            ],
            [
              108.1413031,
              16.0870427
            ],
            [
              108.1411673,
              16.0869145
            ],
            [
              108.1413891,
              16.0867267
            ],
            [
              108.140994,
              16.0864178
            ],
            [
              108.1411763,
              16.0861498
            ],
            [
              108.1412836,
              16.0862124
            ],
            [
              108.1429921,
              16.0873347
            ],
            [
              108.1433081,
              16.0874555
            ],
            [
              108.1436085,
              16.0867957
            ],
            [
              108.1439631,
              16.0858863
            ],
            [
              108.1444727,
              16.0860409
            ]
          ]
        ]
      }
    },
    {
      "type": "Feature",
      "id": "old_tdp_point_50_0",
      "properties": {
        "name": "TỔ 2",
        "description": "",
        "featureType": "poi",
        "source": "95_TDP_CU"
      },
      "geometry": {
        "type": "Point",
        "coordinates": [
          108.1504078,
          16.0707275
        ]
      }
    },
    {
      "type": "Feature",
      "id": "old_tdp_point_51_0",
      "properties": {
        "name": "TỔ 1",
        "description": "",
        "featureType": "poi",
        "source": "95_TDP_CU"
      },
      "geometry": {
        "type": "Point",
        "coordinates": [
          108.1497105,
          16.0688305
        ]
      }
    },
    {
      "type": "Feature",
      "id": "old_tdp_point_52_0",
      "properties": {
        "name": "TỔ 3",
        "description": "",
        "featureType": "poi",
        "source": "95_TDP_CU"
      },
      "geometry": {
        "type": "Point",
        "coordinates": [
          108.1519313,
          16.0700883
        ]
      }
    },
    {
      "type": "Feature",
      "id": "old_tdp_poly_53_0",
      "properties": {
        "name": "Tổ 38",
        "description": "",
        "featureType": "zone",
        "area": 0.0003,
        "source": "95_TDP_CU"
      },
      "geometry": {
        "type": "Polygon",
        "coordinates": [
          [
            [
              108.1436695,
              16.0879489
            ],
            [
              108.1436454,
              16.0880314
            ],
            [
              108.1436403,
              16.0880294
            ],
            [
              108.1436695,
              16.0879489
            ]
          ]
        ]
      }
    },
    {
      "type": "Feature",
      "id": "old_tdp_poly_53_1",
      "properties": {
        "name": "Tổ 38",
        "description": "",
        "featureType": "zone",
        "area": 4.1685,
        "source": "95_TDP_CU"
      },
      "geometry": {
        "type": "Polygon",
        "coordinates": [
          [
            [
              108.1436403,
              16.0880294
            ],
            [
              108.1433503,
              16.0888303
            ],
            [
              108.1425993,
              16.088588
            ],
            [
              108.142079,
              16.0884128
            ],
            [
              108.1419556,
              16.0888303
            ],
            [
              108.1407754,
              16.0884179
            ],
            [
              108.139506,
              16.0879056
            ],
            [
              108.1397635,
              16.0877097
            ],
            [
              108.1407273,
              16.0875832
            ],
            [
              108.1409441,
              16.0874948
            ],
            [
              108.1415342,
              16.0875979
            ],
            [
              108.1415549,
              16.087442
            ],
            [
              108.1419733,
              16.0872178
            ],
            [
              108.1420551,
              16.0872088
            ],
            [
              108.1421182,
              16.0873183
            ],
            [
              108.1421584,
              16.0872977
            ],
            [
              108.1422107,
              16.0873904
            ],
            [
              108.1422952,
              16.0875425
            ],
            [
              108.1425403,
              16.0876319
            ],
            [
              108.1430097,
              16.0877814
            ],
            [
              108.1436403,
              16.0880294
            ]
          ]
        ]
      }
    },
    {
      "type": "Feature",
      "id": "old_tdp_point_54_0",
      "properties": {
        "name": "TỔ 7",
        "description": "",
        "featureType": "poi",
        "source": "95_TDP_CU"
      },
      "geometry": {
        "type": "Point",
        "coordinates": [
          108.1517597,
          16.0711134
        ]
      }
    },
    {
      "type": "Feature",
      "id": "old_tdp_point_55_0",
      "properties": {
        "name": "TỔ 8",
        "description": "",
        "featureType": "poi",
        "source": "95_TDP_CU"
      },
      "geometry": {
        "type": "Point",
        "coordinates": [
          108.1518026,
          16.072031
        ]
      }
    },
    {
      "type": "Feature",
      "id": "old_tdp_poly_56_0",
      "properties": {
        "name": "Tổ 42",
        "description": "",
        "featureType": "zone",
        "area": 2.1187,
        "source": "95_TDP_CU"
      },
      "geometry": {
        "type": "Polygon",
        "coordinates": [
          [
            [
              108.14157,
              16.0863885
            ],
            [
              108.1418911,
              16.0858979
            ],
            [
              108.1425938,
              16.0862973
            ],
            [
              108.1428714,
              16.0858064
            ],
            [
              108.1429331,
              16.0858219
            ],
            [
              108.1435179,
              16.0860358
            ],
            [
              108.1432765,
              16.0866105
            ],
            [
              108.1433382,
              16.086644
            ],
            [
              108.1436085,
              16.0867957
            ],
            [
              108.1433081,
              16.0874555
            ],
            [
              108.1429165,
              16.0872957
            ],
            [
              108.1423639,
              16.0869143
            ],
            [
              108.1420689,
              16.0867339
            ],
            [
              108.14157,
              16.0863885
            ]
          ]
        ]
      }
    },
    {
      "type": "Feature",
      "id": "old_tdp_point_57_0",
      "properties": {
        "name": "TỔ 6",
        "description": "",
        "featureType": "poi",
        "source": "95_TDP_CU"
      },
      "geometry": {
        "type": "Point",
        "coordinates": [
          108.1535192,
          16.0710722
        ]
      }
    },
    {
      "type": "Feature",
      "id": "old_tdp_point_58_0",
      "properties": {
        "name": "TỔ 5",
        "description": "",
        "featureType": "poi",
        "source": "95_TDP_CU"
      },
      "geometry": {
        "type": "Point",
        "coordinates": [
          108.1547637,
          16.0714227
        ]
      }
    },
    {
      "type": "Feature",
      "id": "old_tdp_point_59_0",
      "properties": {
        "name": "TỔ 9",
        "description": "",
        "featureType": "poi",
        "source": "95_TDP_CU"
      },
      "geometry": {
        "type": "Point",
        "coordinates": [
          108.1516631,
          16.0730207
        ]
      }
    },
    {
      "type": "Feature",
      "id": "old_tdp_poly_60_0",
      "properties": {
        "name": "Tổ 43",
        "description": "",
        "featureType": "zone",
        "area": 2.6564,
        "source": "95_TDP_CU"
      },
      "geometry": {
        "type": "Polygon",
        "coordinates": [
          [
            [
              108.1457452,
              16.0763651
            ],
            [
              108.1439589,
              16.0757775
            ],
            [
              108.1447045,
              16.0752672
            ],
            [
              108.1453161,
              16.074963
            ],
            [
              108.1465391,
              16.0740094
            ],
            [
              108.1457452,
              16.0763651
            ]
          ]
        ]
      }
    },
    {
      "type": "Feature",
      "id": "old_tdp_poly_61_0",
      "properties": {
        "name": "Tổ 60",
        "description": "",
        "featureType": "zone",
        "area": 3.6362,
        "source": "95_TDP_CU"
      },
      "geometry": {
        "type": "Polygon",
        "coordinates": [
          [
            [
              108.1439589,
              16.0757775
            ],
            [
              108.1434236,
              16.0754628
            ],
            [
              108.1434021,
              16.075102
            ],
            [
              108.1430373,
              16.0742566
            ],
            [
              108.1433431,
              16.0741947
            ],
            [
              108.1435577,
              16.0741432
            ],
            [
              108.1439171,
              16.0739215
            ],
            [
              108.1442282,
              16.0736844
            ],
            [
              108.1445286,
              16.0734318
            ],
            [
              108.1450061,
              16.0740504
            ],
            [
              108.1452528,
              16.0744422
            ],
            [
              108.1454781,
              16.0748545
            ],
            [
              108.1446467,
              16.0752514
            ],
            [
              108.1439589,
              16.0757775
            ]
          ]
        ]
      }
    },
    {
      "type": "Feature",
      "id": "old_tdp_poly_62_0",
      "properties": {
        "name": "Tổ 61",
        "description": "",
        "featureType": "zone",
        "area": 1.7329,
        "source": "95_TDP_CU"
      },
      "geometry": {
        "type": "Polygon",
        "coordinates": [
          [
            [
              108.1430373,
              16.0742566
            ],
            [
              108.1428167,
              16.0733124
            ],
            [
              108.143203,
              16.0731681
            ],
            [
              108.1439271,
              16.072864
            ],
            [
              108.1440934,
              16.0727712
            ],
            [
              108.1445286,
              16.0734318
            ],
            [
              108.1441525,
              16.0737351
            ],
            [
              108.1437448,
              16.0740083
            ],
            [
              108.1435577,
              16.0741432
            ],
            [
              108.1430373,
              16.0742566
            ]
          ]
        ]
      }
    },
    {
      "type": "Feature",
      "id": "old_tdp_poly_63_0",
      "properties": {
        "name": "Tổ 62",
        "description": "",
        "featureType": "zone",
        "area": 2.4143,
        "source": "95_TDP_CU"
      },
      "geometry": {
        "type": "Polygon",
        "coordinates": [
          [
            [
              108.1428167,
              16.0733124
            ],
            [
              108.1424474,
              16.0723566
            ],
            [
              108.1422114,
              16.0717432
            ],
            [
              108.1431287,
              16.0712226
            ],
            [
              108.1434559,
              16.071769
            ],
            [
              108.1436597,
              16.0722535
            ],
            [
              108.1438582,
              16.0726144
            ],
            [
              108.1440513,
              16.0727793
            ],
            [
              108.1428167,
              16.0733124
            ]
          ]
        ]
      }
    },
    {
      "type": "Feature",
      "id": "old_tdp_point_64_0",
      "properties": {
        "name": "TỔ 11",
        "description": "",
        "featureType": "poi",
        "source": "95_TDP_CU"
      },
      "geometry": {
        "type": "Point",
        "coordinates": [
          108.1492406,
          16.0764098
        ]
      }
    },
    {
      "type": "Feature",
      "id": "old_tdp_point_65_0",
      "properties": {
        "name": "TỔ 13",
        "description": "",
        "featureType": "poi",
        "source": "95_TDP_CU"
      },
      "geometry": {
        "type": "Point",
        "coordinates": [
          108.1536233,
          16.0775696
        ]
      }
    },
    {
      "type": "Feature",
      "id": "old_tdp_point_66_0",
      "properties": {
        "name": "TỔ 10",
        "description": "",
        "featureType": "poi",
        "source": "95_TDP_CU"
      },
      "geometry": {
        "type": "Point",
        "coordinates": [
          108.1502452,
          16.0757591
        ]
      }
    },
    {
      "type": "Feature",
      "id": "old_tdp_poly_67_0",
      "properties": {
        "name": "Tổ 44",
        "description": "",
        "featureType": "zone",
        "area": 5.1752,
        "source": "95_TDP_CU"
      },
      "geometry": {
        "type": "Polygon",
        "coordinates": [
          [
            [
              108.1458762,
              16.0718021
            ],
            [
              108.1461981,
              16.0724104
            ],
            [
              108.1463483,
              16.0727815
            ],
            [
              108.1466702,
              16.0734413
            ],
            [
              108.1469491,
              16.0738125
            ],
            [
              108.1463398,
              16.0740341
            ],
            [
              108.1454781,
              16.0748545
            ],
            [
              108.1445286,
              16.0734318
            ],
            [
              108.1440934,
              16.0727712
            ],
            [
              108.1458762,
              16.0718021
            ]
          ]
        ]
      }
    },
    {
      "type": "Feature",
      "id": "old_tdp_poly_68_0",
      "properties": {
        "name": "Tổ 63",
        "description": "",
        "featureType": "zone",
        "area": 4.4704,
        "source": "95_TDP_CU"
      },
      "geometry": {
        "type": "Polygon",
        "coordinates": [
          [
            [
              108.1440934,
              16.0727712
            ],
            [
              108.1437949,
              16.0724898
            ],
            [
              108.1436662,
              16.0722114
            ],
            [
              108.1435321,
              16.0719279
            ],
            [
              108.1433872,
              16.0716393
            ],
            [
              108.1431287,
              16.0712226
            ],
            [
              108.1449215,
              16.0702475
            ],
            [
              108.1452648,
              16.070897
            ],
            [
              108.1453077,
              16.0709073
            ],
            [
              108.145651,
              16.0714228
            ],
            [
              108.1458762,
              16.0718021
            ],
            [
              108.1440934,
              16.0727712
            ]
          ]
        ]
      }
    },
    {
      "type": "Feature",
      "id": "old_tdp_point_69_0",
      "properties": {
        "name": "TỔ 15",
        "description": "",
        "featureType": "poi",
        "source": "95_TDP_CU"
      },
      "geometry": {
        "type": "Point",
        "coordinates": [
          108.1493622,
          16.0783932
        ]
      }
    },
    {
      "type": "Feature",
      "id": "old_tdp_point_70_0",
      "properties": {
        "name": "TỔ 16",
        "description": "",
        "featureType": "poi",
        "source": "95_TDP_CU"
      },
      "geometry": {
        "type": "Point",
        "coordinates": [
          108.1502956,
          16.0785272
        ]
      }
    },
    {
      "type": "Feature",
      "id": "old_tdp_line_71_0",
      "properties": {
        "name": "Tổ 23",
        "description": "",
        "featureType": "zone",
        "area": 3.1041,
        "source": "95_TDP_CU"
      },
      "geometry": {
        "type": "Polygon",
        "coordinates": [
          [
            [
              108.1457811,
              16.0787884
            ],
            [
              108.1454122,
              16.0786651
            ],
            [
              108.1459057,
              16.078062
            ],
            [
              108.1461632,
              16.0783043
            ],
            [
              108.14641,
              16.0779899
            ],
            [
              108.146528,
              16.0778765
            ],
            [
              108.1469303,
              16.0767012
            ],
            [
              108.1481159,
              16.0771445
            ],
            [
              108.147338,
              16.0792218
            ],
            [
              108.147208,
              16.0795203
            ],
            [
              108.1457811,
              16.0787884
            ],
            [
              108.1469613,
              16.0793863
            ],
            [
              108.1465107,
              16.0803656
            ],
            [
              108.1460332,
              16.0801337
            ],
            [
              108.1455397,
              16.0798914
            ],
            [
              108.1452929,
              16.0801904
            ],
            [
              108.1462371,
              16.0807677
            ],
            [
              108.1465528,
              16.0809619
            ],
            [
              108.147208,
              16.0795306
            ],
            [
              108.1458026,
              16.0787884
            ],
            [
              108.1457811,
              16.0787884
            ]
          ]
        ]
      }
    },
    {
      "type": "Feature",
      "id": "old_tdp_point_72_0",
      "properties": {
        "name": "TỔ 14",
        "description": "",
        "featureType": "poi",
        "source": "95_TDP_CU"
      },
      "geometry": {
        "type": "Point",
        "coordinates": [
          108.1479664,
          16.0796562
        ]
      }
    },
    {
      "type": "Feature",
      "id": "old_tdp_point_73_0",
      "properties": {
        "name": "TỔ 27",
        "description": "",
        "featureType": "poi",
        "source": "95_TDP_CU"
      },
      "geometry": {
        "type": "Point",
        "coordinates": [
          108.1479043,
          16.0817429
        ]
      }
    },
    {
      "type": "Feature",
      "id": "old_tdp_point_74_0",
      "properties": {
        "name": "TỔ 28",
        "description": "",
        "featureType": "poi",
        "source": "95_TDP_CU"
      },
      "geometry": {
        "type": "Point",
        "coordinates": [
          108.1496209,
          16.08298
        ]
      }
    },
    {
      "type": "Feature",
      "id": "old_tdp_point_75_0",
      "properties": {
        "name": "TỔ 25",
        "description": "",
        "featureType": "poi",
        "source": "95_TDP_CU"
      },
      "geometry": {
        "type": "Point",
        "coordinates": [
          108.1445461,
          16.0810316
        ]
      }
    },
    {
      "type": "Feature",
      "id": "old_tdp_poly_76_0",
      "properties": {
        "name": "Tổ 22",
        "description": "",
        "featureType": "zone",
        "area": 1.9049,
        "source": "95_TDP_CU"
      },
      "geometry": {
        "type": "Polygon",
        "coordinates": [
          [
            [
              108.1471971,
              16.0750628
            ],
            [
              108.147283,
              16.0747844
            ],
            [
              108.1476424,
              16.0748411
            ],
            [
              108.1478462,
              16.0748411
            ],
            [
              108.1480072,
              16.0748308
            ],
            [
              108.1481574,
              16.0747741
            ],
            [
              108.148329,
              16.0746813
            ],
            [
              108.1483505,
              16.0746143
            ],
            [
              108.1486724,
              16.0747226
            ],
            [
              108.1489245,
              16.0747844
            ],
            [
              108.1490586,
              16.0748618
            ],
            [
              108.1482019,
              16.0770938
            ],
            [
              108.1478157,
              16.0769392
            ],
            [
              108.1484165,
              16.0753825
            ],
            [
              108.1471971,
              16.0750628
            ]
          ]
        ]
      }
    },
    {
      "type": "Feature",
      "id": "old_tdp_poly_77_0",
      "properties": {
        "name": "Tổ 21",
        "description": "",
        "featureType": "zone",
        "area": 1.6856,
        "source": "95_TDP_CU"
      },
      "geometry": {
        "type": "Polygon",
        "coordinates": [
          [
            [
              108.1457425,
              16.0763548
            ],
            [
              108.1465567,
              16.074077
            ],
            [
              108.1469537,
              16.074077
            ],
            [
              108.1483263,
              16.074671
            ],
            [
              108.14793,
              16.074809
            ],
            [
              108.1472803,
              16.0747741
            ],
            [
              108.1471944,
              16.0750525
            ],
            [
              108.1464602,
              16.0749018
            ],
            [
              108.1459559,
              16.0764172
            ],
            [
              108.1457425,
              16.0763548
            ]
          ]
        ]
      }
    },
    {
      "type": "Feature",
      "id": "old_tdp_poly_78_0",
      "properties": {
        "name": "Tổ 20",
        "description": "",
        "featureType": "zone",
        "area": 1.2951,
        "source": "95_TDP_CU"
      },
      "geometry": {
        "type": "Polygon",
        "coordinates": [
          [
            [
              108.1490603,
              16.0748138
            ],
            [
              108.1481269,
              16.0745045
            ],
            [
              108.1470272,
              16.0740715
            ],
            [
              108.1465567,
              16.074077
            ],
            [
              108.1469896,
              16.0738241
            ],
            [
              108.1473437,
              16.0736489
            ],
            [
              108.1492588,
              16.0744788
            ],
            [
              108.1490603,
              16.0748138
            ]
          ]
        ]
      }
    },
    {
      "type": "Feature",
      "id": "old_tdp_poly_79_0",
      "properties": {
        "name": "Tổ 19",
        "description": "",
        "featureType": "zone",
        "area": 2.7284,
        "source": "95_TDP_CU"
      },
      "geometry": {
        "type": "Polygon",
        "coordinates": [
          [
            [
              108.1473437,
              16.0736489
            ],
            [
              108.1471293,
              16.0733732
            ],
            [
              108.1469577,
              16.0731412
            ],
            [
              108.1468772,
              16.073033
            ],
            [
              108.1471347,
              16.0728474
            ],
            [
              108.1473922,
              16.0726824
            ],
            [
              108.1474029,
              16.0728422
            ],
            [
              108.1474887,
              16.0728938
            ],
            [
              108.1479635,
              16.0727134
            ],
            [
              108.148111,
              16.0729505
            ],
            [
              108.1484704,
              16.0731154
            ],
            [
              108.1487386,
              16.0732495
            ],
            [
              108.1489559,
              16.0733757
            ],
            [
              108.1491946,
              16.0734943
            ],
            [
              108.1495728,
              16.0736464
            ],
            [
              108.1492588,
              16.0744788
            ],
            [
              108.1473437,
              16.0736489
            ]
          ]
        ]
      }
    },
    {
      "type": "Feature",
      "id": "old_tdp_poly_80_0",
      "properties": {
        "name": "Tổ 18",
        "description": "",
        "featureType": "zone",
        "area": 3.7758,
        "source": "95_TDP_CU"
      },
      "geometry": {
        "type": "Polygon",
        "coordinates": [
          [
            [
              108.1495814,
              16.0736689
            ],
            [
              108.148259,
              16.0731611
            ],
            [
              108.1479211,
              16.0727076
            ],
            [
              108.1474436,
              16.0728519
            ],
            [
              108.1473632,
              16.0726457
            ],
            [
              108.1476689,
              16.0724344
            ],
            [
              108.1493051,
              16.071723
            ],
            [
              108.1496055,
              16.0719292
            ],
            [
              108.1499059,
              16.0715941
            ],
            [
              108.150378,
              16.0717591
            ],
            [
              108.1495814,
              16.0736689
            ]
          ]
        ]
      }
    },
    {
      "type": "Feature",
      "id": "old_tdp_poly_81_0",
      "properties": {
        "name": "Tổ 50",
        "description": "",
        "featureType": "zone",
        "area": 2.2893,
        "source": "95_TDP_CU"
      },
      "geometry": {
        "type": "Polygon",
        "coordinates": [
          [
            [
              108.1474458,
              16.0704321
            ],
            [
              108.1499059,
              16.0715941
            ],
            [
              108.1496055,
              16.0719292
            ],
            [
              108.1492854,
              16.0717225
            ],
            [
              108.1486953,
              16.0719725
            ],
            [
              108.1485076,
              16.0718668
            ],
            [
              108.1482474,
              16.0713745
            ],
            [
              108.1477005,
              16.0716951
            ],
            [
              108.1475651,
              16.0714746
            ],
            [
              108.1473774,
              16.0711602
            ],
            [
              108.1471092,
              16.0712813
            ],
            [
              108.1469187,
              16.0709566
            ],
            [
              108.14725,
              16.0708728
            ],
            [
              108.1471776,
              16.0707259
            ],
            [
              108.1473465,
              16.0706331
            ],
            [
              108.1474458,
              16.0704321
            ]
          ]
        ]
      }
    },
    {
      "type": "Feature",
      "id": "old_tdp_point_82_0",
      "properties": {
        "name": "TỔ 4",
        "description": "",
        "featureType": "poi",
        "source": "95_TDP_CU"
      },
      "geometry": {
        "type": "Point",
        "coordinates": [
          108.1551977,
          16.0731636
        ]
      }
    },
    {
      "type": "Feature",
      "id": "old_tdp_poly_83_0",
      "properties": {
        "name": "Tổ 47",
        "description": "",
        "featureType": "zone",
        "area": 0.5244,
        "source": "95_TDP_CU"
      },
      "geometry": {
        "type": "Polygon",
        "coordinates": [
          [
            [
              108.146093,
              16.0714925
            ],
            [
              108.1465234,
              16.0712038
            ],
            [
              108.1469901,
              16.072017
            ],
            [
              108.1465878,
              16.0722232
            ],
            [
              108.146093,
              16.0714925
            ]
          ]
        ]
      }
    },
    {
      "type": "Feature",
      "id": "old_tdp_poly_84_0",
      "properties": {
        "name": "Tổ 46",
        "description": "",
        "featureType": "zone",
        "area": 1.7078,
        "source": "95_TDP_CU"
      },
      "geometry": {
        "type": "Polygon",
        "coordinates": [
          [
            [
              108.1457809,
              16.0716161
            ],
            [
              108.1459565,
              16.0714988
            ],
            [
              108.1460607,
              16.0715105
            ],
            [
              108.1465878,
              16.0722232
            ],
            [
              108.1469901,
              16.072017
            ],
            [
              108.147135,
              16.0718624
            ],
            [
              108.1473922,
              16.0726824
            ],
            [
              108.1468772,
              16.073033
            ],
            [
              108.1473013,
              16.0736459
            ],
            [
              108.1469491,
              16.0738125
            ],
            [
              108.1465824,
              16.073249
            ],
            [
              108.1464322,
              16.0728521
            ],
            [
              108.1462337,
              16.0724449
            ],
            [
              108.1457809,
              16.0716161
            ]
          ]
        ]
      }
    },
    {
      "type": "Feature",
      "id": "old_tdp_poly_85_0",
      "properties": {
        "name": "Tổ 48",
        "description": "",
        "featureType": "zone",
        "area": 3.5955,
        "source": "95_TDP_CU"
      },
      "geometry": {
        "type": "Polygon",
        "coordinates": [
          [
            [
              108.1491989,
              16.0683
            ],
            [
              108.1487483,
              16.0695268
            ],
            [
              108.1470853,
              16.0688051
            ],
            [
              108.1468439,
              16.0689907
            ],
            [
              108.1464416,
              16.0685216
            ],
            [
              108.1472248,
              16.0678103
            ],
            [
              108.1476862,
              16.0674133
            ],
            [
              108.1480402,
              16.0677536
            ],
            [
              108.1482816,
              16.0678979
            ],
            [
              108.1491989,
              16.0683
            ]
          ]
        ]
      }
    },
    {
      "type": "Feature",
      "id": "old_tdp_poly_86_0",
      "properties": {
        "name": "Tổ 49",
        "description": "",
        "featureType": "zone",
        "area": 2.3609,
        "source": "95_TDP_CU"
      },
      "geometry": {
        "type": "Polygon",
        "coordinates": [
          [
            [
              108.1461672,
              16.0694827
            ],
            [
              108.1468439,
              16.0689907
            ],
            [
              108.1471061,
              16.0688709
            ],
            [
              108.1487483,
              16.0695268
            ],
            [
              108.1482327,
              16.0706545
            ],
            [
              108.1479535,
              16.0704828
            ],
            [
              108.148093,
              16.0702199
            ],
            [
              108.1461672,
              16.0694827
            ]
          ]
        ]
      }
    },
    {
      "type": "Feature",
      "id": "old_tdp_poly_87_0",
      "properties": {
        "name": "Tổ 53",
        "description": "",
        "featureType": "zone",
        "area": 2.4729,
        "source": "95_TDP_CU"
      },
      "geometry": {
        "type": "Polygon",
        "coordinates": [
          [
            [
              108.1468293,
              16.0680931
            ],
            [
              108.146373,
              16.0685244
            ],
            [
              108.1454373,
              16.0689166
            ],
            [
              108.1453905,
              16.0689352
            ],
            [
              108.1453098,
              16.0686679
            ],
            [
              108.1452481,
              16.0684398
            ],
            [
              108.1451811,
              16.0681472
            ],
            [
              108.1451558,
              16.0680884
            ],
            [
              108.1450874,
              16.0681116
            ],
            [
              108.1450148,
              16.0679823
            ],
            [
              108.1453849,
              16.0678585
            ],
            [
              108.1452186,
              16.0673328
            ],
            [
              108.1458892,
              16.0671523
            ],
            [
              108.146136,
              16.0671111
            ],
            [
              108.1464149,
              16.067142
            ],
            [
              108.1468293,
              16.0680931
            ]
          ]
        ]
      }
    },
    {
      "type": "Feature",
      "id": "old_tdp_poly_88_0",
      "properties": {
        "name": "Tổ 54",
        "description": "",
        "featureType": "zone",
        "area": 2.0872,
        "source": "95_TDP_CU"
      },
      "geometry": {
        "type": "Polygon",
        "coordinates": [
          [
            [
              108.1452001,
              16.067341
            ],
            [
              108.1453849,
              16.0678585
            ],
            [
              108.1450148,
              16.0679823
            ],
            [
              108.1450606,
              16.0681709
            ],
            [
              108.1451572,
              16.0681864
            ],
            [
              108.1452484,
              16.0684802
            ],
            [
              108.1453771,
              16.0689184
            ],
            [
              108.1439448,
              16.0696091
            ],
            [
              108.143682,
              16.0683204
            ],
            [
              108.1449694,
              16.0679776
            ],
            [
              108.1453342,
              16.0678462
            ],
            [
              108.1452001,
              16.067341
            ]
          ]
        ]
      }
    },
    {
      "type": "Feature",
      "id": "old_tdp_poly_89_0",
      "properties": {
        "name": "Tổ 55",
        "description": "",
        "featureType": "zone",
        "area": 1.6823,
        "source": "95_TDP_CU"
      },
      "geometry": {
        "type": "Polygon",
        "coordinates": [
          [
            [
              108.1439448,
              16.0696091
            ],
            [
              108.1431207,
              16.0699896
            ],
            [
              108.1429901,
              16.0698352
            ],
            [
              108.1433793,
              16.0685353
            ],
            [
              108.1425934,
              16.0677286
            ],
            [
              108.1429046,
              16.0674399
            ],
            [
              108.1435791,
              16.0681139
            ],
            [
              108.1437303,
              16.0683333
            ],
            [
              108.1439448,
              16.0696091
            ]
          ]
        ]
      }
    },
    {
      "type": "Feature",
      "id": "old_tdp_poly_90_0",
      "properties": {
        "name": "Tổ 56",
        "description": "",
        "featureType": "zone",
        "area": 2.5508,
        "source": "95_TDP_CU"
      },
      "geometry": {
        "type": "Polygon",
        "coordinates": [
          [
            [
              108.1421626,
              16.0670336
            ],
            [
              108.1424014,
              16.0672372
            ],
            [
              108.1422553,
              16.0673805
            ],
            [
              108.1426028,
              16.0677196
            ],
            [
              108.143378,
              16.0685469
            ],
            [
              108.1429888,
              16.0698468
            ],
            [
              108.142801,
              16.0695582
            ],
            [
              108.1423611,
              16.0693417
            ],
            [
              108.1427474,
              16.0685891
            ],
            [
              108.1421358,
              16.0681509
            ],
            [
              108.1412453,
              16.0674035
            ],
            [
              108.1418488,
              16.0667494
            ],
            [
              108.1421626,
              16.0670336
            ]
          ]
        ]
      }
    },
    {
      "type": "Feature",
      "id": "old_tdp_poly_91_0",
      "properties": {
        "name": "Tổ 57",
        "description": "",
        "featureType": "zone",
        "area": 1.9625,
        "source": "95_TDP_CU"
      },
      "geometry": {
        "type": "Polygon",
        "coordinates": [
          [
            [
              108.1419369,
              16.0667527
            ],
            [
              108.1420335,
              16.0666599
            ],
            [
              108.1424519,
              16.0661032
            ],
            [
              108.1439755,
              16.0676522
            ],
            [
              108.1435845,
              16.0681113
            ],
            [
              108.1429066,
              16.0674383
            ],
            [
              108.1426028,
              16.0677196
            ],
            [
              108.1422553,
              16.0673805
            ],
            [
              108.1424359,
              16.0672114
            ],
            [
              108.1419369,
              16.0667527
            ]
          ]
        ]
      }
    },
    {
      "type": "Feature",
      "id": "old_tdp_poly_92_0",
      "properties": {
        "name": "Tổ 58",
        "description": "",
        "featureType": "zone",
        "area": 2.3722,
        "source": "95_TDP_CU"
      },
      "geometry": {
        "type": "Polygon",
        "coordinates": [
          [
            [
              108.1437303,
              16.0683333
            ],
            [
              108.1436555,
              16.0682163
            ],
            [
              108.1436059,
              16.0681499
            ],
            [
              108.1436461,
              16.0680327
            ],
            [
              108.1440619,
              16.0675481
            ],
            [
              108.1443864,
              16.0669914
            ],
            [
              108.1444508,
              16.0668059
            ],
            [
              108.1458563,
              16.0659811
            ],
            [
              108.1461459,
              16.0665172
            ],
            [
              108.1461781,
              16.06661
            ],
            [
              108.1459582,
              16.0667182
            ],
            [
              108.1460708,
              16.0670894
            ],
            [
              108.1452001,
              16.067341
            ],
            [
              108.1447012,
              16.0674776
            ],
            [
              108.1437303,
              16.0683333
            ]
          ]
        ]
      }
    },
    {
      "type": "Feature",
      "id": "old_tdp_poly_93_0",
      "properties": {
        "name": "Tổ 59",
        "description": "",
        "featureType": "zone",
        "area": 3.2748,
        "source": "95_TDP_CU"
      },
      "geometry": {
        "type": "Polygon",
        "coordinates": [
          [
            [
              108.1457919,
              16.0659424
            ],
            [
              108.1444562,
              16.0668059
            ],
            [
              108.1440458,
              16.0675713
            ],
            [
              108.1430883,
              16.0666022
            ],
            [
              108.1433565,
              16.0663342
            ],
            [
              108.1440753,
              16.0658496
            ],
            [
              108.145234,
              16.0650558
            ],
            [
              108.1457919,
              16.0659424
            ]
          ]
        ]
      }
    },
    {
      "type": "Feature",
      "id": "old_tdp_poly_94_0",
      "properties": {
        "name": "Tổ 64",
        "description": "",
        "featureType": "zone",
        "area": 7.9657,
        "source": "95_TDP_CU"
      },
      "geometry": {
        "type": "Polygon",
        "coordinates": [
          [
            [
              108.1436876,
              16.0707193
            ],
            [
              108.1432477,
              16.0709667
            ],
            [
              108.14284,
              16.0712141
            ],
            [
              108.1423894,
              16.0715028
            ],
            [
              108.1419602,
              16.0716575
            ],
            [
              108.1411449,
              16.071709
            ],
            [
              108.1402973,
              16.0717812
            ],
            [
              108.1399003,
              16.0718018
            ],
            [
              108.1397394,
              16.070977
            ],
            [
              108.139557,
              16.0701523
            ],
            [
              108.1412951,
              16.0684718
            ],
            [
              108.1417028,
              16.0688739
            ],
            [
              108.1410054,
              16.0694409
            ],
            [
              108.1404475,
              16.069977
            ],
            [
              108.1402758,
              16.0702038
            ],
            [
              108.1404153,
              16.0706265
            ],
            [
              108.1404904,
              16.0708533
            ],
            [
              108.1407372,
              16.0709461
            ],
            [
              108.1413165,
              16.0705646
            ],
            [
              108.1416169,
              16.0704719
            ],
            [
              108.1417886,
              16.0704203
            ],
            [
              108.1413165,
              16.0697914
            ],
            [
              108.1416062,
              16.0693893
            ],
            [
              108.141971,
              16.0691316
            ],
            [
              108.1425611,
              16.0695234
            ],
            [
              108.1429676,
              16.0699568
            ],
            [
              108.1436876,
              16.0707193
            ]
          ]
        ]
      }
    },
    {
      "type": "Feature",
      "id": "old_tdp_poly_95_0",
      "properties": {
        "name": "Tổ 65",
        "description": "",
        "featureType": "zone",
        "area": 5.1126,
        "source": "95_TDP_CU"
      },
      "geometry": {
        "type": "Polygon",
        "coordinates": [
          [
            [
              108.1380987,
              16.0725847
            ],
            [
              108.1375837,
              16.0713991
            ],
            [
              108.1373477,
              16.0709043
            ],
            [
              108.1381524,
              16.0703785
            ],
            [
              108.1394023,
              16.0697187
            ],
            [
              108.1399003,
              16.0718018
            ],
            [
              108.1380987,
              16.0725847
            ]
          ]
        ]
      }
    },
    {
      "type": "Feature",
      "id": "old_tdp_line_96_0",
      "properties": {
        "name": "Tổ 66",
        "description": "",
        "featureType": "zone",
        "area": 3.6228,
        "source": "95_TDP_CU"
      },
      "geometry": {
        "type": "Polygon",
        "coordinates": [
          [
            [
              108.13624,
              16.0696993
            ],
            [
              108.1369505,
              16.070534
            ],
            [
              108.1373477,
              16.0709043
            ],
            [
              108.1380987,
              16.0725847
            ],
            [
              108.1367252,
              16.0731217
            ],
            [
              108.1363681,
              16.0732761
            ],
            [
              108.1361485,
              16.0728073
            ],
            [
              108.1359942,
              16.0724619
            ],
            [
              108.1359563,
              16.0723911
            ],
            [
              108.1358898,
              16.0722953
            ],
            [
              108.1363511,
              16.0720943
            ],
            [
              108.1368178,
              16.0719139
            ],
            [
              108.136883,
              16.0715385
            ],
            [
              108.13624,
              16.0696993
            ]
          ]
        ]
      }
    },
    {
      "type": "Feature",
      "id": "old_tdp_poly_97_0",
      "properties": {
        "name": "Tổ 67",
        "description": "",
        "featureType": "zone",
        "area": 2.8154,
        "source": "95_TDP_CU"
      },
      "geometry": {
        "type": "Polygon",
        "coordinates": [
          [
            [
              108.1363681,
              16.0732761
            ],
            [
              108.1351718,
              16.0738999
            ],
            [
              108.1349787,
              16.0737194
            ],
            [
              108.1347695,
              16.0737298
            ],
            [
              108.1345334,
              16.0736318
            ],
            [
              108.1343993,
              16.0735081
            ],
            [
              108.1343457,
              16.0734205
            ],
            [
              108.1343725,
              16.0731421
            ],
            [
              108.1346461,
              16.0728071
            ],
            [
              108.1348285,
              16.0727143
            ],
            [
              108.1346139,
              16.0723483
            ],
            [
              108.1348767,
              16.0721936
            ],
            [
              108.1355097,
              16.0720905
            ],
            [
              108.1358898,
              16.0722953
            ],
            [
              108.1359942,
              16.0724619
            ],
            [
              108.1361454,
              16.0728277
            ],
            [
              108.1363681,
              16.0732761
            ]
          ]
        ]
      }
    },
    {
      "type": "Feature",
      "id": "old_tdp_poly_98_0",
      "properties": {
        "name": "Tổ 76",
        "description": "",
        "featureType": "zone",
        "area": 7.1454,
        "source": "95_TDP_CU"
      },
      "geometry": {
        "type": "Polygon",
        "coordinates": [
          [
            [
              108.1351718,
              16.0738999
            ],
            [
              108.1345526,
              16.0745024
            ],
            [
              108.1339088,
              16.0748633
            ],
            [
              108.1336071,
              16.0750784
            ],
            [
              108.1331471,
              16.07542
            ],
            [
              108.1326938,
              16.075737
            ],
            [
              108.1325892,
              16.0757859
            ],
            [
              108.1322566,
              16.0755256
            ],
            [
              108.1321171,
              16.0754457
            ],
            [
              108.1320179,
              16.0755127
            ],
            [
              108.1318757,
              16.0753736
            ],
            [
              108.1316944,
              16.0752225
            ],
            [
              108.13163,
              16.0750421
            ],
            [
              108.1318338,
              16.0749545
            ],
            [
              108.1318821,
              16.0748411
            ],
            [
              108.1318768,
              16.0747225
            ],
            [
              108.1318176,
              16.0745882
            ],
            [
              108.1316924,
              16.0745491
            ],
            [
              108.1316522,
              16.0742475
            ],
            [
              108.1314805,
              16.0742733
            ],
            [
              108.1314269,
              16.0738197
            ],
            [
              108.1314121,
              16.0736173
            ],
            [
              108.1316643,
              16.0734008
            ],
            [
              108.1322061,
              16.0732153
            ],
            [
              108.1328927,
              16.0732823
            ],
            [
              108.1337242,
              16.0732668
            ],
            [
              108.1343733,
              16.073107
            ],
            [
              108.1342928,
              16.0734215
            ],
            [
              108.1344216,
              16.0736173
            ],
            [
              108.1346952,
              16.0737307
            ],
            [
              108.1348185,
              16.0737771
            ],
            [
              108.1351718,
              16.0738999
            ]
          ]
        ]
      }
    },
    {
      "type": "Feature",
      "id": "old_tdp_poly_99_0",
      "properties": {
        "name": "Tổ 72",
        "description": "",
        "featureType": "zone",
        "area": 2.6886,
        "source": "95_TDP_CU"
      },
      "geometry": {
        "type": "Polygon",
        "coordinates": [
          [
            [
              108.1328096,
              16.0760867
            ],
            [
              108.1326055,
              16.0762795
            ],
            [
              108.1323802,
              16.0760269
            ],
            [
              108.1320584,
              16.0760269
            ],
            [
              108.1322354,
              16.0762743
            ],
            [
              108.1320208,
              16.0763568
            ],
            [
              108.1318599,
              16.0764547
            ],
            [
              108.1317848,
              16.0764856
            ],
            [
              108.1316024,
              16.0765836
            ],
            [
              108.1311518,
              16.0765217
            ],
            [
              108.1310659,
              16.076496
            ],
            [
              108.1309801,
              16.0764393
            ],
            [
              108.1308675,
              16.0763671
            ],
            [
              108.1304276,
              16.0756558
            ],
            [
              108.1302559,
              16.0753155
            ],
            [
              108.13163,
              16.0750421
            ],
            [
              108.1316944,
              16.0752225
            ],
            [
              108.1318133,
              16.0753115
            ],
            [
              108.1319001,
              16.0753941
            ],
            [
              108.1320154,
              16.0755024
            ],
            [
              108.1321171,
              16.0754457
            ],
            [
              108.132348,
              16.075599
            ],
            [
              108.1325892,
              16.0757859
            ],
            [
              108.1328096,
              16.0760867
            ]
          ]
        ]
      }
    },
    {
      "type": "Feature",
      "id": "old_tdp_poly_100_0",
      "properties": {
        "name": "Tổ 77",
        "description": "",
        "featureType": "zone",
        "area": 7.57,
        "source": "95_TDP_CU"
      },
      "geometry": {
        "type": "Polygon",
        "coordinates": [
          [
            [
              108.13163,
              16.0750421
            ],
            [
              108.1304745,
              16.0752722
            ],
            [
              108.1298388,
              16.0753804
            ],
            [
              108.1294814,
              16.0754448
            ],
            [
              108.1290999,
              16.0754938
            ],
            [
              108.1284172,
              16.0755351
            ],
            [
              108.1275267,
              16.0754629
            ],
            [
              108.1274838,
              16.0752464
            ],
            [
              108.1272585,
              16.0750918
            ],
            [
              108.1273336,
              16.0748546
            ],
            [
              108.1277091,
              16.0746897
            ],
            [
              108.1279559,
              16.0745454
            ],
            [
              108.1282134,
              16.0740917
            ],
            [
              108.1283314,
              16.073535
            ],
            [
              108.1293721,
              16.0737618
            ],
            [
              108.1303484,
              16.0737928
            ],
            [
              108.1314642,
              16.0734113
            ],
            [
              108.1313891,
              16.0737206
            ],
            [
              108.1313569,
              16.0740093
            ],
            [
              108.1314805,
              16.0742733
            ],
            [
              108.1315822,
              16.0743392
            ],
            [
              108.1316924,
              16.0745491
            ],
            [
              108.1317968,
              16.0747515
            ],
            [
              108.1318338,
              16.0749545
            ],
            [
              108.13163,
              16.0750421
            ]
          ]
        ]
      }
    },
    {
      "type": "Feature",
      "id": "old_tdp_poly_101_0",
      "properties": {
        "name": "Tổ 74",
        "description": "",
        "featureType": "zone",
        "area": 4.934,
        "source": "95_TDP_CU"
      },
      "geometry": {
        "type": "Polygon",
        "coordinates": [
          [
            [
              108.1282954,
              16.0779163
            ],
            [
              108.1286857,
              16.0782797
            ],
            [
              108.1282404,
              16.0787694
            ],
            [
              108.1281331,
              16.0791199
            ],
            [
              108.1271461,
              16.0788725
            ],
            [
              108.1263092,
              16.0788106
            ],
            [
              108.1262234,
              16.0787281
            ],
            [
              108.1260517,
              16.0785426
            ],
            [
              108.1260303,
              16.0782024
            ],
            [
              108.1260624,
              16.0779034
            ],
            [
              108.1261375,
              16.0776354
            ],
            [
              108.1259552,
              16.0774189
            ],
            [
              108.1258371,
              16.0773673
            ],
            [
              108.1256655,
              16.0772024
            ],
            [
              108.1256655,
              16.0770787
            ],
            [
              108.1257084,
              16.0767385
            ],
            [
              108.1258479,
              16.0767075
            ],
            [
              108.125923,
              16.0767075
            ],
            [
              108.1260839,
              16.0768622
            ],
            [
              108.1263199,
              16.0768622
            ],
            [
              108.1265238,
              16.0769343
            ],
            [
              108.1265667,
              16.0771096
            ],
            [
              108.1267169,
              16.0771508
            ],
            [
              108.1270066,
              16.0771405
            ],
            [
              108.127704,
              16.0771302
            ],
            [
              108.1277469,
              16.0773261
            ],
            [
              108.1278542,
              16.0775632
            ],
            [
              108.1282954,
              16.0779163
            ]
          ]
        ]
      }
    },
    {
      "type": "Feature",
      "id": "old_tdp_poly_102_0",
      "properties": {
        "name": "Tổ 75",
        "description": "",
        "featureType": "zone",
        "area": 3.986,
        "source": "95_TDP_CU"
      },
      "geometry": {
        "type": "Polygon",
        "coordinates": [
          [
            [
              108.1286857,
              16.0782797
            ],
            [
              108.1280534,
              16.0777206
            ],
            [
              108.1278502,
              16.0775697
            ],
            [
              108.1277544,
              16.0773326
            ],
            [
              108.1277,
              16.0771366
            ],
            [
              108.1277397,
              16.077129
            ],
            [
              108.1279757,
              16.0770273
            ],
            [
              108.1281246,
              16.0769629
            ],
            [
              108.1282828,
              16.0768816
            ],
            [
              108.1284612,
              16.0768262
            ],
            [
              108.1285631,
              16.0767695
            ],
            [
              108.1285631,
              16.0766922
            ],
            [
              108.1286972,
              16.076553
            ],
            [
              108.128751,
              16.0765815
            ],
            [
              108.1289135,
              16.0764863
            ],
            [
              108.1290942,
              16.0765092
            ],
            [
              108.1292497,
              16.0764551
            ],
            [
              108.1293355,
              16.0763984
            ],
            [
              108.1293504,
              16.0763319
            ],
            [
              108.1293221,
              16.0761741
            ],
            [
              108.129754,
              16.0759706
            ],
            [
              108.1304276,
              16.0756584
            ],
            [
              108.1305298,
              16.0758359
            ],
            [
              108.1306793,
              16.0760646
            ],
            [
              108.1309663,
              16.0765118
            ],
            [
              108.1307893,
              16.0766974
            ],
            [
              108.1301295,
              16.0769293
            ],
            [
              108.1296896,
              16.0771974
            ],
            [
              108.1292819,
              16.0775118
            ],
            [
              108.1289547,
              16.0777541
            ],
            [
              108.1287508,
              16.0780427
            ],
            [
              108.1286857,
              16.0782797
            ]
          ]
        ]
      }
    },
    {
      "type": "Feature",
      "id": "old_tdp_poly_103_0",
      "properties": {
        "name": "Tổ 73",
        "description": "",
        "featureType": "zone",
        "area": 5.4594,
        "source": "95_TDP_CU"
      },
      "geometry": {
        "type": "Polygon",
        "coordinates": [
          [
            [
              108.1277001,
              16.0771284
            ],
            [
              108.127676,
              16.0764995
            ],
            [
              108.1275579,
              16.076417
            ],
            [
              108.1273434,
              16.0763758
            ],
            [
              108.1270751,
              16.0762727
            ],
            [
              108.126882,
              16.0761696
            ],
            [
              108.1268391,
              16.0758397
            ],
            [
              108.1268069,
              16.0753552
            ],
            [
              108.1258413,
              16.0751387
            ],
            [
              108.1256053,
              16.0749737
            ],
            [
              108.1254765,
              16.074551
            ],
            [
              108.1255195,
              16.0743861
            ],
            [
              108.1255624,
              16.0742211
            ],
            [
              108.1256375,
              16.0741181
            ],
            [
              108.1258306,
              16.0738603
            ],
            [
              108.1259915,
              16.0737675
            ],
            [
              108.1263134,
              16.0738294
            ],
            [
              108.126367,
              16.0739222
            ],
            [
              108.12641,
              16.0742211
            ],
            [
              108.1262168,
              16.0744892
            ],
            [
              108.1259915,
              16.0747882
            ],
            [
              108.1272665,
              16.0751176
            ],
            [
              108.1273541,
              16.0753242
            ],
            [
              108.1274185,
              16.0754686
            ],
            [
              108.1276652,
              16.0755201
            ],
            [
              108.1284913,
              16.0755511
            ],
            [
              108.1289634,
              16.0755407
            ],
            [
              108.1294999,
              16.0754673
            ],
            [
              108.1302639,
              16.0753413
            ],
            [
              108.1304356,
              16.0756816
            ],
            [
              108.129762,
              16.0759938
            ],
            [
              108.1293255,
              16.0761773
            ],
            [
              108.129349,
              16.0763319
            ],
            [
              108.1293342,
              16.0763984
            ],
            [
              108.1292545,
              16.0764505
            ],
            [
              108.1290788,
              16.076515
            ],
            [
              108.1289081,
              16.0764902
            ],
            [
              108.1287456,
              16.0765854
            ],
            [
              108.1287039,
              16.0765543
            ],
            [
              108.1285671,
              16.0766857
            ],
            [
              108.1285671,
              16.076763
            ],
            [
              108.1284652,
              16.0768197
            ],
            [
              108.1282868,
              16.0768752
            ],
            [
              108.1280448,
              16.076993
            ],
            [
              108.1277001,
              16.0771284
            ]
          ]
        ]
      }
    },
    {
      "type": "Feature",
      "id": "old_tdp_poly_104_0",
      "properties": {
        "name": "Tổ 70",
        "description": "",
        "featureType": "zone",
        "area": 3.5551,
        "source": "95_TDP_CU"
      },
      "geometry": {
        "type": "Polygon",
        "coordinates": [
          [
            [
              108.1241505,
              16.0748061
            ],
            [
              108.1236516,
              16.07477
            ],
            [
              108.1237106,
              16.0745071
            ],
            [
              108.1219779,
              16.0745277
            ],
            [
              108.1215219,
              16.0745277
            ],
            [
              108.1215112,
              16.0738318
            ],
            [
              108.1215971,
              16.0735792
            ],
            [
              108.1216936,
              16.0734762
            ],
            [
              108.1222944,
              16.0733731
            ],
            [
              108.1226699,
              16.0733061
            ],
            [
              108.1233512,
              16.0734504
            ],
            [
              108.1240807,
              16.0735638
            ],
            [
              108.1239037,
              16.0738679
            ],
            [
              108.1239734,
              16.0740071
            ],
            [
              108.1244241,
              16.0740535
            ],
            [
              108.1242953,
              16.0743009
            ],
            [
              108.1241505,
              16.0748061
            ]
          ]
        ]
      }
    },
    {
      "type": "Feature",
      "id": "old_tdp_line_105_0",
      "properties": {
        "name": "Tổ 71",
        "description": "",
        "featureType": "zone",
        "area": 5.8907,
        "source": "95_TDP_CU"
      },
      "geometry": {
        "type": "Polygon",
        "coordinates": [
          [
            [
              108.1218545,
              16.077471
            ],
            [
              108.1212215,
              16.0771927
            ],
            [
              108.1210713,
              16.0769762
            ],
            [
              108.1210391,
              16.0766257
            ],
            [
              108.1210498,
              16.0763267
            ],
            [
              108.1210391,
              16.076069
            ],
            [
              108.1210606,
              16.0757803
            ],
            [
              108.1210177,
              16.0756257
            ],
            [
              108.1207709,
              16.0754813
            ],
            [
              108.1204276,
              16.0754195
            ],
            [
              108.1201593,
              16.0752545
            ],
            [
              108.1197731,
              16.0748525
            ],
            [
              108.1197624,
              16.0747597
            ],
            [
              108.1197838,
              16.0745741
            ],
            [
              108.1199019,
              16.0743885
            ],
            [
              108.1203954,
              16.0740793
            ],
            [
              108.1208889,
              16.0738525
            ],
            [
              108.1212322,
              16.0735226
            ],
            [
              108.1215005,
              16.0733267
            ],
            [
              108.1215971,
              16.0735792
            ],
            [
              108.1215005,
              16.0739762
            ],
            [
              108.1214683,
              16.0742545
            ],
            [
              108.1215219,
              16.0745277
            ],
            [
              108.1215756,
              16.074636
            ],
            [
              108.1221442,
              16.074605
            ],
            [
              108.1220262,
              16.0749865
            ],
            [
              108.1220262,
              16.0752133
            ],
            [
              108.1220691,
              16.0753886
            ],
            [
              108.1220905,
              16.075502
            ],
            [
              108.1220905,
              16.0756772
            ],
            [
              108.1221013,
              16.0759349
            ],
            [
              108.122112,
              16.0760999
            ],
            [
              108.1221764,
              16.0764916
            ],
            [
              108.1221871,
              16.0766154
            ],
            [
              108.1222193,
              16.07677
            ],
            [
              108.12223,
              16.0769453
            ],
            [
              108.1218545,
              16.077471
            ]
          ]
        ]
      }
    },
    {
      "type": "Feature",
      "id": "old_tdp_poly_106_0",
      "properties": {
        "name": "Tổ 68",
        "description": "",
        "featureType": "zone",
        "area": 5.3328,
        "source": "95_TDP_CU"
      },
      "geometry": {
        "type": "Polygon",
        "coordinates": [
          [
            [
              108.1167935,
              16.0775815
            ],
            [
              108.1169168,
              16.0771743
            ],
            [
              108.1179307,
              16.0772825
            ],
            [
              108.1183491,
              16.0773238
            ],
            [
              108.1187783,
              16.0774011
            ],
            [
              108.11895,
              16.0774269
            ],
            [
              108.1190358,
              16.0769372
            ],
            [
              108.1190411,
              16.0764681
            ],
            [
              108.1198485,
              16.0765275
            ],
            [
              108.1201007,
              16.076896
            ],
            [
              108.1202455,
              16.0770402
            ],
            [
              108.120336,
              16.0772099
            ],
            [
              108.1203735,
              16.0772357
            ],
            [
              108.1204084,
              16.0772486
            ],
            [
              108.1204379,
              16.0772667
            ],
            [
              108.1204755,
              16.0772589
            ],
            [
              108.1205988,
              16.0772538
            ],
            [
              108.1209242,
              16.0773269
            ],
            [
              108.121643,
              16.0773991
            ],
            [
              108.1218844,
              16.077497
            ],
            [
              108.1216698,
              16.0780331
            ],
            [
              108.121289,
              16.0779867
            ],
            [
              108.1211924,
              16.0784712
            ],
            [
              108.1167935,
              16.0775815
            ]
          ]
        ]
      }
    },
    {
      "type": "Feature",
      "id": "old_tdp_poly_107_0",
      "properties": {
        "name": "Tổ 69",
        "description": "",
        "featureType": "zone",
        "area": 6.4728,
        "source": "95_TDP_CU"
      },
      "geometry": {
        "type": "Polygon",
        "coordinates": [
          [
            [
              108.1168104,
              16.077044
            ],
            [
              108.1167674,
              16.0768971
            ],
            [
              108.1167648,
              16.0766703
            ],
            [
              108.1167862,
              16.0765337
            ],
            [
              108.1167379,
              16.0763121
            ],
            [
              108.1167379,
              16.0761394
            ],
            [
              108.116813,
              16.0759306
            ],
            [
              108.116923,
              16.0756342
            ],
            [
              108.1168962,
              16.0754848
            ],
            [
              108.1172046,
              16.0754229
            ],
            [
              108.1173173,
              16.0755157
            ],
            [
              108.1174273,
              16.0755518
            ],
            [
              108.117607,
              16.0755724
            ],
            [
              108.117674,
              16.0756497
            ],
            [
              108.1182658,
              16.0755065
            ],
            [
              108.1182336,
              16.0750322
            ],
            [
              108.1194138,
              16.0749292
            ],
            [
              108.119524,
              16.0751819
            ],
            [
              108.1197896,
              16.0752308
            ],
            [
              108.1199183,
              16.075553
            ],
            [
              108.120098,
              16.0756484
            ],
            [
              108.1201839,
              16.0758442
            ],
            [
              108.1200551,
              16.0760375
            ],
            [
              108.120098,
              16.076218
            ],
            [
              108.1200599,
              16.0764764
            ],
            [
              108.1199794,
              16.0764145
            ],
            [
              108.1198845,
              16.0764052
            ],
            [
              108.1197574,
              16.0764063
            ],
            [
              108.1196661,
              16.0764656
            ],
            [
              108.1190089,
              16.076432
            ],
            [
              108.1189227,
              16.0773578
            ],
            [
              108.1168104,
              16.077044
            ]
          ]
        ]
      }
    },
    {
      "type": "Feature",
      "id": "old_tdp_poly_108_0",
      "properties": {
        "name": "Tổ 78",
        "description": "",
        "featureType": "zone",
        "area": 7.8582,
        "source": "95_TDP_CU"
      },
      "geometry": {
        "type": "Polygon",
        "coordinates": [
          [
            [
              108.1213877,
              16.07867
            ],
            [
              108.1220421,
              16.0773814
            ],
            [
              108.1224176,
              16.077402
            ],
            [
              108.1237051,
              16.0777938
            ],
            [
              108.1245527,
              16.0778865
            ],
            [
              108.1253573,
              16.0780103
            ],
            [
              108.1258509,
              16.0784329
            ],
            [
              108.1263092,
              16.0788106
            ],
            [
              108.1272349,
              16.0790309
            ],
            [
              108.1266663,
              16.0792886
            ],
            [
              108.1254646,
              16.0793195
            ],
            [
              108.1243488,
              16.0792886
            ],
            [
              108.1229648,
              16.0791443
            ],
            [
              108.1224391,
              16.0790721
            ],
            [
              108.1217632,
              16.0789587
            ],
            [
              108.1213877,
              16.07867
            ]
          ]
        ]
      }
    },
    {
      "type": "Feature",
      "id": "old_tdp_poly_109_0",
      "properties": {
        "name": "Tổ 80",
        "description": "",
        "featureType": "zone",
        "area": 3.4092,
        "source": "95_TDP_CU"
      },
      "geometry": {
        "type": "Polygon",
        "coordinates": [
          [
            [
              108.1221816,
              16.0757422
            ],
            [
              108.1221816,
              16.0753092
            ],
            [
              108.1220262,
              16.0749865
            ],
            [
              108.1222782,
              16.0745463
            ],
            [
              108.1237106,
              16.0745071
            ],
            [
              108.1236622,
              16.0748453
            ],
            [
              108.1237909,
              16.0749175
            ],
            [
              108.1246492,
              16.0746804
            ],
            [
              108.1249282,
              16.0746494
            ],
            [
              108.1254217,
              16.0747525
            ],
            [
              108.1255973,
              16.0749479
            ],
            [
              108.1257972,
              16.0751855
            ],
            [
              108.1221816,
              16.0757422
            ]
          ]
        ]
      }
    },
    {
      "type": "Feature",
      "id": "old_tdp_poly_110_0",
      "properties": {
        "name": "Tổ 79",
        "description": "",
        "featureType": "zone",
        "area": 4.7771,
        "source": "95_TDP_CU"
      },
      "geometry": {
        "type": "Polygon",
        "coordinates": [
          [
            [
              108.1223425,
              16.0768969
            ],
            [
              108.1222031,
              16.0763402
            ],
            [
              108.1221709,
              16.0758041
            ],
            [
              108.1258938,
              16.0752061
            ],
            [
              108.1259474,
              16.0755773
            ],
            [
              108.1252822,
              16.0758041
            ],
            [
              108.1246814,
              16.0759381
            ],
            [
              108.1245527,
              16.0763402
            ],
            [
              108.1250033,
              16.0768556
            ],
            [
              108.1249604,
              16.0769896
            ],
            [
              108.1248745,
              16.0771443
            ],
            [
              108.1248209,
              16.0775257
            ],
            [
              108.1246492,
              16.0776907
            ],
            [
              108.1244669,
              16.0777216
            ],
            [
              108.1241128,
              16.0777216
            ],
            [
              108.1239733,
              16.0774329
            ],
            [
              108.1239733,
              16.077103
            ],
            [
              108.1240484,
              16.0765876
            ],
            [
              108.1239519,
              16.0763917
            ],
            [
              108.1237266,
              16.0762371
            ],
            [
              108.1233081,
              16.0762577
            ],
            [
              108.1230936,
              16.0765463
            ],
            [
              108.1230614,
              16.0767525
            ],
            [
              108.1230828,
              16.0769381
            ],
            [
              108.1227717,
              16.0770206
            ],
            [
              108.1223425,
              16.0768969
            ]
          ]
        ]
      }
    },
    {
      "type": "Feature",
      "id": "old_tdp_poly_111_0",
      "properties": {
        "name": "Tổ 82",
        "description": "",
        "featureType": "zone",
        "area": 16.053,
        "source": "95_TDP_CU"
      },
      "geometry": {
        "type": "Polygon",
        "coordinates": [
          [
            [
              108.1357608,
              16.0747611
            ],
            [
              108.1353665,
              16.0739067
            ],
            [
              108.1354631,
              16.0738757
            ],
            [
              108.1399102,
              16.0719428
            ],
            [
              108.1416188,
              16.0717443
            ],
            [
              108.1371643,
              16.0740349
            ],
            [
              108.1398767,
              16.0772121
            ],
            [
              108.138199,
              16.0784737
            ],
            [
              108.1366633,
              16.0766612
            ],
            [
              108.1351874,
              16.0750694
            ],
            [
              108.1357608,
              16.0747611
            ]
          ]
        ]
      }
    },
    {
      "type": "Feature",
      "id": "old_tdp_line_112_0",
      "properties": {
        "name": "Đường thẳng 134",
        "description": "",
        "featureType": "zone",
        "area": 0.9342,
        "source": "95_TDP_CU"
      },
      "geometry": {
        "type": "MultiPolygon",
        "coordinates": [
          [
            [
              [
                108.1496076,
                16.0713301
              ],
              [
                108.1496571,
                16.071363
              ],
              [
                108.14966445124524,
                16.071355065561853
              ],
              [
                108.1496076,
                16.0713301
              ]
            ]
          ],
          [
            [
              [
                108.14966445124524,
                16.071355065561853
              ],
              [
                108.1511633,
                16.0697373
              ],
              [
                108.1503536,
                16.0716577
              ],
              [
                108.14966445124524,
                16.071355065561853
              ]
            ]
          ]
        ]
      }
    },
    {
      "type": "Feature",
      "id": "old_tdp_poly_113_0",
      "properties": {
        "name": "Đa giác 137",
        "description": "",
        "featureType": "zone",
        "area": 40.1459,
        "source": "95_TDP_CU"
      },
      "geometry": {
        "type": "Polygon",
        "coordinates": [
          [
            [
              108.1549713,
              16.0747116
            ],
            [
              108.1549685,
              16.0748806
            ],
            [
              108.1548214,
              16.0755143
            ],
            [
              108.1545689,
              16.0753819
            ],
            [
              108.1544052,
              16.0758162
            ],
            [
              108.154107,
              16.0765146
            ],
            [
              108.1538033,
              16.077146
            ],
            [
              108.153013,
              16.0784742
            ],
            [
              108.1521958,
              16.0780459
            ],
            [
              108.1517035,
              16.0777366
            ],
            [
              108.1510939,
              16.077063
            ],
            [
              108.1509346,
              16.0770639
            ],
            [
              108.1505871,
              16.0767765
            ],
            [
              108.1511504,
              16.0752714
            ],
            [
              108.149466,
              16.0745858
            ],
            [
              108.1501542,
              16.0729842
            ],
            [
              108.1516722,
              16.0692476
            ],
            [
              108.155756,
              16.0712799
            ],
            [
              108.1549713,
              16.0747116
            ]
          ]
        ]
      }
    },
    {
      "type": "Feature",
      "id": "old_tdp_point_114_0",
      "properties": {
        "name": "tổ 22",
        "description": "",
        "featureType": "poi",
        "source": "95_TDP_CU"
      },
      "geometry": {
        "type": "Point",
        "coordinates": [
          108.1484451,
          16.075086
        ]
      }
    },
    {
      "type": "Feature",
      "id": "old_tdp_point_115_0",
      "properties": {
        "name": "tổ 49",
        "description": "",
        "featureType": "poi",
        "source": "95_TDP_CU"
      },
      "geometry": {
        "type": "Point",
        "coordinates": [
          108.1476676,
          16.0695753
        ]
      }
    },
    {
      "type": "Feature",
      "id": "old_tdp_point_116_0",
      "properties": {
        "name": "tổ 51",
        "description": "",
        "featureType": "poi",
        "source": "95_TDP_CU"
      },
      "geometry": {
        "type": "Point",
        "coordinates": [
          108.1462943,
          16.0706063
        ]
      }
    },
    {
      "type": "Feature",
      "id": "old_tdp_point_117_0",
      "properties": {
        "name": "TỔ 48",
        "description": "",
        "featureType": "poi",
        "source": "95_TDP_CU"
      },
      "geometry": {
        "type": "Point",
        "coordinates": [
          108.1478178,
          16.0685443
        ]
      }
    },
    {
      "type": "Feature",
      "id": "old_tdp_point_118_0",
      "properties": {
        "name": "TỔ 50",
        "description": "",
        "featureType": "poi",
        "source": "95_TDP_CU"
      },
      "geometry": {
        "type": "Point",
        "coordinates": [
          108.1479251,
          16.0712042
        ]
      }
    },
    {
      "type": "Feature",
      "id": "old_tdp_point_119_0",
      "properties": {
        "name": "TỔ 55",
        "description": "",
        "featureType": "poi",
        "source": "95_TDP_CU"
      },
      "geometry": {
        "type": "Point",
        "coordinates": [
          108.1435235,
          16.0688959
        ]
      }
    },
    {
      "type": "Feature",
      "id": "old_tdp_point_120_0",
      "properties": {
        "name": "TỔ 57",
        "description": "",
        "featureType": "poi",
        "source": "95_TDP_CU"
      },
      "geometry": {
        "type": "Point",
        "coordinates": [
          108.1428047,
          16.067102
        ]
      }
    },
    {
      "type": "Feature",
      "id": "old_tdp_point_121_0",
      "properties": {
        "name": "TỔ 59",
        "description": "",
        "featureType": "poi",
        "source": "95_TDP_CU"
      },
      "geometry": {
        "type": "Point",
        "coordinates": [
          108.144414,
          16.0662463
        ]
      }
    },
    {
      "type": "Feature",
      "id": "old_tdp_point_122_0",
      "properties": {
        "name": "TỔ 52",
        "description": "",
        "featureType": "poi",
        "source": "95_TDP_CU"
      },
      "geometry": {
        "type": "Point",
        "coordinates": [
          108.1448727,
          16.0696784
        ]
      }
    },
    {
      "type": "Feature",
      "id": "old_tdp_point_123_0",
      "properties": {
        "name": "TỔ 54",
        "description": "",
        "featureType": "poi",
        "source": "95_TDP_CU"
      },
      "geometry": {
        "type": "Point",
        "coordinates": [
          108.1445937,
          16.0685238
        ]
      }
    },
    {
      "type": "Feature",
      "id": "old_tdp_point_124_0",
      "properties": {
        "name": "TỔ 53",
        "description": "",
        "featureType": "poi",
        "source": "95_TDP_CU"
      },
      "geometry": {
        "type": "Point",
        "coordinates": [
          108.1459563,
          16.0679567
        ]
      }
    },
    {
      "type": "Feature",
      "id": "old_tdp_point_125_0",
      "properties": {
        "name": "TỔ 64",
        "description": "",
        "featureType": "poi",
        "source": "95_TDP_CU"
      },
      "geometry": {
        "type": "Point",
        "coordinates": [
          108.141536,
          16.0709981
        ]
      }
    },
    {
      "type": "Feature",
      "id": "old_tdp_point_126_0",
      "properties": {
        "name": "TỔ 65",
        "description": "",
        "featureType": "poi",
        "source": "95_TDP_CU"
      },
      "geometry": {
        "type": "Point",
        "coordinates": [
          108.1387787,
          16.0712352
        ]
      }
    },
    {
      "type": "Feature",
      "id": "old_tdp_point_127_0",
      "properties": {
        "name": "TỔ 66",
        "description": "",
        "featureType": "poi",
        "source": "95_TDP_CU"
      },
      "geometry": {
        "type": "Point",
        "coordinates": [
          108.1370514,
          16.0722146
        ]
      }
    },
    {
      "type": "Feature",
      "id": "old_tdp_point_128_0",
      "properties": {
        "name": "TỔ 67",
        "description": "",
        "featureType": "poi",
        "source": "95_TDP_CU"
      },
      "geometry": {
        "type": "Point",
        "coordinates": [
          108.1353455,
          16.0730806
        ]
      }
    },
    {
      "type": "Feature",
      "id": "old_tdp_point_129_0",
      "properties": {
        "name": "TỔ 76",
        "description": "",
        "featureType": "poi",
        "source": "95_TDP_CU"
      },
      "geometry": {
        "type": "Point",
        "coordinates": [
          108.1330466,
          16.0744486
        ]
      }
    },
    {
      "type": "Feature",
      "id": "old_tdp_point_130_0",
      "properties": {
        "name": "TỔ 77",
        "description": "",
        "featureType": "poi",
        "source": "95_TDP_CU"
      },
      "geometry": {
        "type": "Point",
        "coordinates": [
          108.1296992,
          16.0746033
        ]
      }
    },
    {
      "type": "Feature",
      "id": "old_tdp_point_131_0",
      "properties": {
        "name": "TỔ 72",
        "description": "",
        "featureType": "poi",
        "source": "95_TDP_CU"
      },
      "geometry": {
        "type": "Point",
        "coordinates": [
          108.1315124,
          16.0757579
        ]
      }
    },
    {
      "type": "Feature",
      "id": "old_tdp_point_132_0",
      "properties": {
        "name": "TỔ 73",
        "description": "",
        "featureType": "poi",
        "source": "95_TDP_CU"
      },
      "geometry": {
        "type": "Point",
        "coordinates": [
          108.1279504,
          16.076146
        ]
      }
    },
    {
      "type": "Feature",
      "id": "old_tdp_point_133_0",
      "properties": {
        "name": "TỔ 75",
        "description": "",
        "featureType": "poi",
        "source": "95_TDP_CU"
      },
      "geometry": {
        "type": "Point",
        "coordinates": [
          108.1293344,
          16.0768985
        ]
      }
    },
    {
      "type": "Feature",
      "id": "old_tdp_point_134_0",
      "properties": {
        "name": "TỔ 74",
        "description": "",
        "featureType": "poi",
        "source": "95_TDP_CU"
      },
      "geometry": {
        "type": "Point",
        "coordinates": [
          108.1271994,
          16.0781781
        ]
      }
    },
    {
      "type": "Feature",
      "id": "old_tdp_point_135_0",
      "properties": {
        "name": "TỔ 78",
        "description": "",
        "featureType": "poi",
        "source": "95_TDP_CU"
      },
      "geometry": {
        "type": "Point",
        "coordinates": [
          108.1240366,
          16.0785266
        ]
      }
    },
    {
      "type": "Feature",
      "id": "old_tdp_point_136_0",
      "properties": {
        "name": "TỔ 79",
        "description": "",
        "featureType": "poi",
        "source": "95_TDP_CU"
      },
      "geometry": {
        "type": "Point",
        "coordinates": [
          108.1238768,
          16.0760906
        ]
      }
    },
    {
      "type": "Feature",
      "id": "old_tdp_point_137_0",
      "properties": {
        "name": "TỔ 80",
        "description": "",
        "featureType": "poi",
        "source": "95_TDP_CU"
      },
      "geometry": {
        "type": "Point",
        "coordinates": [
          108.1230614,
          16.0751627
        ]
      }
    },
    {
      "type": "Feature",
      "id": "old_tdp_point_138_0",
      "properties": {
        "name": "TỔ 70",
        "description": "",
        "featureType": "poi",
        "source": "95_TDP_CU"
      },
      "geometry": {
        "type": "Point",
        "coordinates": [
          108.1226322,
          16.0741112
        ]
      }
    },
    {
      "type": "Feature",
      "id": "old_tdp_point_139_0",
      "properties": {
        "name": "TỔ 71",
        "description": "",
        "featureType": "poi",
        "source": "95_TDP_CU"
      },
      "geometry": {
        "type": "Point",
        "coordinates": [
          108.1211946,
          16.0751833
        ]
      }
    },
    {
      "type": "Feature",
      "id": "old_tdp_point_140_0",
      "properties": {
        "name": "TỔ 68",
        "description": "",
        "featureType": "poi",
        "source": "95_TDP_CU"
      },
      "geometry": {
        "type": "Point",
        "coordinates": [
          108.1196101,
          16.0776214
        ]
      }
    },
    {
      "type": "Feature",
      "id": "old_tdp_point_141_0",
      "properties": {
        "name": "TỔ 69",
        "description": "",
        "featureType": "poi",
        "source": "95_TDP_CU"
      },
      "geometry": {
        "type": "Point",
        "coordinates": [
          108.1181617,
          16.0764235
        ]
      }
    },
    {
      "type": "Feature",
      "id": "old_tdp_point_142_0",
      "properties": {
        "name": "TỔ 63",
        "description": "",
        "featureType": "poi",
        "source": "95_TDP_CU"
      },
      "geometry": {
        "type": "Point",
        "coordinates": [
          108.1445197,
          16.0716122
        ]
      }
    },
    {
      "type": "Feature",
      "id": "old_tdp_point_143_0",
      "properties": {
        "name": "TỔ 62",
        "description": "",
        "featureType": "poi",
        "source": "95_TDP_CU"
      },
      "geometry": {
        "type": "Point",
        "coordinates": [
          108.1429426,
          16.072437
        ]
      }
    },
    {
      "type": "Feature",
      "id": "old_tdp_point_144_0",
      "properties": {
        "name": "TỔ 60",
        "description": "",
        "featureType": "poi",
        "source": "95_TDP_CU"
      },
      "geometry": {
        "type": "Point",
        "coordinates": [
          108.1441657,
          16.074705
        ]
      }
    },
    {
      "type": "Feature",
      "id": "old_tdp_point_145_0",
      "properties": {
        "name": "TỔ 61",
        "description": "",
        "featureType": "poi",
        "source": "95_TDP_CU"
      },
      "geometry": {
        "type": "Point",
        "coordinates": [
          108.1436078,
          16.073571
        ]
      }
    },
    {
      "type": "Feature",
      "id": "old_tdp_point_146_0",
      "properties": {
        "name": "TỔ 44",
        "description": "",
        "featureType": "poi",
        "source": "95_TDP_CU"
      },
      "geometry": {
        "type": "Point",
        "coordinates": [
          108.1456248,
          16.0734679
        ]
      }
    },
    {
      "type": "Feature",
      "id": "old_tdp_point_147_0",
      "properties": {
        "name": "TỔ 43",
        "description": "",
        "featureType": "poi",
        "source": "95_TDP_CU"
      },
      "geometry": {
        "type": "Point",
        "coordinates": [
          108.1453458,
          16.0756083
        ]
      }
    },
    {
      "type": "Feature",
      "id": "old_tdp_point_148_0",
      "properties": {
        "name": "TỔ 21",
        "description": "",
        "featureType": "poi",
        "source": "95_TDP_CU"
      },
      "geometry": {
        "type": "Point",
        "coordinates": [
          108.1468693,
          16.074598
        ]
      }
    },
    {
      "type": "Feature",
      "id": "old_tdp_point_149_0",
      "properties": {
        "name": "TỔ 23",
        "description": "",
        "featureType": "poi",
        "source": "95_TDP_CU"
      },
      "geometry": {
        "type": "Point",
        "coordinates": [
          108.1469116,
          16.0786852
        ]
      }
    },
    {
      "type": "Feature",
      "id": "old_tdp_point_150_0",
      "properties": {
        "name": "TỔ 29",
        "description": "",
        "featureType": "poi",
        "source": "95_TDP_CU"
      },
      "geometry": {
        "type": "Point",
        "coordinates": [
          108.1489934,
          16.0842221
        ]
      }
    },
    {
      "type": "Feature",
      "id": "old_tdp_point_151_0",
      "properties": {
        "name": "TỔ 26",
        "description": "",
        "featureType": "poi",
        "source": "95_TDP_CU"
      },
      "geometry": {
        "type": "Point",
        "coordinates": [
          108.1475664,
          16.0849437
        ]
      }
    },
    {
      "type": "Feature",
      "id": "old_tdp_point_152_0",
      "properties": {
        "name": "TỔ 24",
        "description": "",
        "featureType": "poi",
        "source": "95_TDP_CU"
      },
      "geometry": {
        "type": "Point",
        "coordinates": [
          108.1446375,
          16.083985
        ]
      }
    },
    {
      "type": "Feature",
      "id": "old_tdp_point_153_0",
      "properties": {
        "name": "TỔ 37",
        "description": "",
        "featureType": "poi",
        "source": "95_TDP_CU"
      },
      "geometry": {
        "type": "Point",
        "coordinates": [
          108.1463863,
          16.0873972
        ]
      }
    },
    {
      "type": "Feature",
      "id": "old_tdp_point_154_0",
      "properties": {
        "name": "TỔ 42",
        "description": "",
        "featureType": "poi",
        "source": "95_TDP_CU"
      },
      "geometry": {
        "type": "Point",
        "coordinates": [
          108.1427558,
          16.0866528
        ]
      }
    },
    {
      "type": "Feature",
      "id": "old_tdp_point_155_0",
      "properties": {
        "name": "TỔ 38",
        "description": "",
        "featureType": "poi",
        "source": "95_TDP_CU"
      },
      "geometry": {
        "type": "Point",
        "coordinates": [
          108.1416614,
          16.0881063
        ]
      }
    },
    {
      "type": "Feature",
      "id": "old_tdp_point_156_0",
      "properties": {
        "name": "TỔ 39",
        "description": "",
        "featureType": "poi",
        "source": "95_TDP_CU"
      },
      "geometry": {
        "type": "Point",
        "coordinates": [
          108.143775,
          16.0871167
        ]
      }
    },
    {
      "type": "Feature",
      "id": "old_tdp_point_157_0",
      "properties": {
        "name": "TỔ 35",
        "description": "",
        "featureType": "poi",
        "source": "95_TDP_CU"
      },
      "geometry": {
        "type": "Point",
        "coordinates": [
          108.1478468,
          16.0883574
        ]
      }
    },
    {
      "type": "Feature",
      "id": "old_tdp_point_158_0",
      "properties": {
        "name": "TỔ 32",
        "description": "",
        "featureType": "poi",
        "source": "95_TDP_CU"
      },
      "geometry": {
        "type": "Point",
        "coordinates": [
          108.1498102,
          16.0907181
        ]
      }
    },
    {
      "type": "Feature",
      "id": "old_tdp_point_159_0",
      "properties": {
        "name": "TỔ 33",
        "description": "",
        "featureType": "poi",
        "source": "95_TDP_CU"
      },
      "geometry": {
        "type": "Point",
        "coordinates": [
          108.149306,
          16.0898212
        ]
      }
    },
    {
      "type": "Feature",
      "id": "old_tdp_point_160_0",
      "properties": {
        "name": "TỔ 34",
        "description": "",
        "featureType": "poi",
        "source": "95_TDP_CU"
      },
      "geometry": {
        "type": "Point",
        "coordinates": [
          108.1484906,
          16.0892027
        ]
      }
    },
    {
      "type": "Feature",
      "id": "old_tdp_point_161_0",
      "properties": {
        "name": "TỔ 36",
        "description": "",
        "featureType": "poi",
        "source": "95_TDP_CU"
      },
      "geometry": {
        "type": "Point",
        "coordinates": [
          108.1457762,
          16.0899346
        ]
      }
    },
    {
      "type": "Feature",
      "id": "old_tdp_point_162_0",
      "properties": {
        "name": "TỔ 17 (Hồng Phước tổ 81 (130 hộ, 523 khẩu)",
        "description": "",
        "featureType": "poi",
        "source": "95_TDP_CU"
      },
      "geometry": {
        "type": "Point",
        "coordinates": [
          108.1216868,
          16.0900659
        ]
      }
    },
    {
      "type": "Feature",
      "id": "old_tdp_point_163_0",
      "properties": {
        "name": "TỔ 45",
        "description": "",
        "featureType": "poi",
        "source": "95_TDP_CU"
      },
      "geometry": {
        "type": "Point",
        "coordinates": [
          108.1477452,
          16.0720949
        ]
      }
    },
    {
      "type": "Feature",
      "id": "old_tdp_point_164_0",
      "properties": {
        "name": "TỔ 47",
        "description": "",
        "featureType": "poi",
        "source": "95_TDP_CU"
      },
      "geometry": {
        "type": "Point",
        "coordinates": [
          108.1465811,
          16.0718552
        ]
      }
    },
    {
      "type": "Feature",
      "id": "old_tdp_point_165_0",
      "properties": {
        "name": "TỔ 46",
        "description": "",
        "featureType": "poi",
        "source": "95_TDP_CU"
      },
      "geometry": {
        "type": "Point",
        "coordinates": [
          108.1467635,
          16.0725949
        ]
      }
    },
    {
      "type": "Feature",
      "id": "old_tdp_point_166_0",
      "properties": {
        "name": "TỔ 18",
        "description": "",
        "featureType": "poi",
        "source": "95_TDP_CU"
      },
      "geometry": {
        "type": "Point",
        "coordinates": [
          108.1490192,
          16.0726534
        ]
      }
    },
    {
      "type": "Feature",
      "id": "old_tdp_point_167_0",
      "properties": {
        "name": "TỔ 19",
        "description": "",
        "featureType": "poi",
        "source": "95_TDP_CU"
      },
      "geometry": {
        "type": "Point",
        "coordinates": [
          108.1482456,
          16.0735219
        ]
      }
    },
    {
      "type": "Feature",
      "id": "old_tdp_line_168_0",
      "properties": {
        "name": "Đường thẳng 201",
        "description": "",
        "featureType": "zone",
        "area": 5.0714,
        "source": "95_TDP_CU"
      },
      "geometry": {
        "type": "Polygon",
        "coordinates": [
          [
            [
              108.1454042,
              16.0748364
            ],
            [
              108.1441355,
              16.07279
            ],
            [
              108.145879,
              16.071826
            ],
            [
              108.1468312,
              16.0738261
            ],
            [
              108.1454471,
              16.0747436
            ],
            [
              108.1454042,
              16.0748364
            ]
          ]
        ]
      }
    },
    {
      "type": "Feature",
      "id": "old_tdp_poly_169_0",
      "properties": {
        "name": "Đa giác 201",
        "description": "",
        "featureType": "zone",
        "area": 2.0911,
        "source": "95_TDP_CU"
      },
      "geometry": {
        "type": "Polygon",
        "coordinates": [
          [
            [
              108.1463961,
              16.0742793
            ],
            [
              108.1456343,
              16.0763205
            ],
            [
              108.144143,
              16.0757844
            ],
            [
              108.1464819,
              16.0742071
            ],
            [
              108.1465999,
              16.0744133
            ],
            [
              108.1463961,
              16.0742793
            ]
          ]
        ]
      }
    },
    {
      "type": "Feature",
      "id": "old_tdp_poly_170_0",
      "properties": {
        "name": "Tổ 25",
        "description": "",
        "featureType": "zone",
        "area": 8.2039,
        "source": "95_TDP_CU"
      },
      "geometry": {
        "type": "Polygon",
        "coordinates": [
          [
            [
              108.1443239,
              16.0822905
            ],
            [
              108.1430365,
              16.080806
            ],
            [
              108.1447745,
              16.0794864
            ],
            [
              108.1450642,
              16.0800328
            ],
            [
              108.145665,
              16.0805998
            ],
            [
              108.146695,
              16.0811565
            ],
            [
              108.1456543,
              16.0837646
            ],
            [
              108.144796,
              16.0826307
            ],
            [
              108.145193,
              16.0823935
            ],
            [
              108.144796,
              16.0819606
            ],
            [
              108.1443239,
              16.0822905
            ]
          ]
        ]
      }
    },
    {
      "type": "Feature",
      "id": "old_tdp_point_171_0",
      "properties": {
        "name": "TỔ 31",
        "description": "",
        "featureType": "poi",
        "source": "95_TDP_CU"
      },
      "geometry": {
        "type": "Point",
        "coordinates": [
          108.1495439,
          16.0866697
        ]
      }
    },
    {
      "type": "Feature",
      "id": "old_tdp_point_172_0",
      "properties": {
        "name": "TỔ 30",
        "description": "",
        "featureType": "poi",
        "source": "95_TDP_CU"
      },
      "geometry": {
        "type": "Point",
        "coordinates": [
          108.1514322,
          16.0882985
        ]
      }
    },
    {
      "type": "Feature",
      "id": "old_tdp_poly_173_0",
      "properties": {
        "name": "Tổ 24",
        "description": "",
        "featureType": "zone",
        "area": 3.4587,
        "source": "95_TDP_CU"
      },
      "geometry": {
        "type": "Polygon",
        "coordinates": [
          [
            [
              108.1435904,
              16.0844311
            ],
            [
              108.1439695,
              16.0840821
            ],
            [
              108.1449391,
              16.0832007
            ],
            [
              108.1456123,
              16.0838965
            ],
            [
              108.1461703,
              16.0846104
            ],
            [
              108.1460066,
              16.0848913
            ],
            [
              108.1457377,
              16.0852809
            ],
            [
              108.1451637,
              16.0850155
            ],
            [
              108.1449267,
              16.0849367
            ],
            [
              108.1447822,
              16.085198
            ],
            [
              108.1443061,
              16.0849506
            ],
            [
              108.1439802,
              16.0847766
            ],
            [
              108.1438086,
              16.0846452
            ],
            [
              108.1435904,
              16.0844311
            ]
          ]
        ]
      }
    },
    {
      "type": "Feature",
      "id": "old_tdp_point_174_0",
      "properties": {
        "name": "TỔ 20",
        "description": "",
        "featureType": "poi",
        "source": "95_TDP_CU"
      },
      "geometry": {
        "type": "Point",
        "coordinates": [
          108.1481206,
          16.0742943
        ]
      }
    },
    {
      "type": "Feature",
      "id": "old_tdp_point_175_0",
      "properties": {
        "name": "Điểm 212",
        "description": "",
        "featureType": "poi",
        "source": "95_TDP_CU"
      },
      "geometry": {
        "type": "Point",
        "coordinates": [
          108.1362685,
          16.0755732
        ]
      }
    },
    {
      "type": "Feature",
      "id": "old_tdp_point_176_0",
      "properties": {
        "name": "TỔ 83",
        "description": "",
        "featureType": "poi",
        "source": "95_TDP_CU"
      },
      "geometry": {
        "type": "Point",
        "coordinates": [
          108.1349596,
          16.0746403
        ]
      }
    },
    {
      "type": "Feature",
      "id": "old_tdp_point_177_0",
      "properties": {
        "name": "CHỢ HÒA KHÁNH",
        "description": "",
        "featureType": "poi",
        "source": "95_TDP_CU"
      },
      "geometry": {
        "type": "Point",
        "coordinates": [
          108.1491635,
          16.0698665
        ]
      }
    },
    {
      "type": "Feature",
      "id": "old_tdp_poly_178_0",
      "properties": {
        "name": "Tổ 52",
        "description": "",
        "featureType": "zone",
        "area": 3.7752,
        "source": "95_TDP_CU"
      },
      "geometry": {
        "type": "Polygon",
        "coordinates": [
          [
            [
              108.146373,
              16.0685244
            ],
            [
              108.1467243,
              16.0689909
            ],
            [
              108.1453175,
              16.0700156
            ],
            [
              108.1456064,
              16.0704096
            ],
            [
              108.1451249,
              16.0705925
            ],
            [
              108.1448896,
              16.0701482
            ],
            [
              108.1438597,
              16.0707023
            ],
            [
              108.1431194,
              16.0700012
            ],
            [
              108.1440099,
              16.0695889
            ],
            [
              108.1448897,
              16.0691455
            ],
            [
              108.146373,
              16.0685244
            ]
          ]
        ]
      }
    },
    {
      "type": "Feature",
      "id": "old_tdp_poly_179_0",
      "properties": {
        "name": "Đa giác 218",
        "description": "",
        "featureType": "zone",
        "area": 0.3764,
        "source": "95_TDP_CU"
      },
      "geometry": {
        "type": "Polygon",
        "coordinates": [
          [
            [
              108.1525798,
              16.071575
            ],
            [
              108.1520648,
              16.0712864
            ],
            [
              108.1524832,
              16.0708534
            ],
            [
              108.1529339,
              16.0712348
            ],
            [
              108.1525798,
              16.071575
            ]
          ]
        ]
      }
    },
    {
      "type": "Feature",
      "id": "old_tdp_point_180_0",
      "properties": {
        "name": "Tổ 1 (609 hộ, 2430 khẩu) gồm các tổ: tổ 3 đến tổ 9 - Quang Thàng 2B và Bách Khoa)",
        "description": "",
        "featureType": "poi",
        "source": "95_TDP_CU"
      },
      "geometry": {
        "type": "Point",
        "coordinates": [
          108.1524772,
          16.0712505
        ]
      }
    },
    {
      "type": "Feature",
      "id": "old_tdp_poly_181_0",
      "properties": {
        "name": "Đa giác 225",
        "description": "",
        "featureType": "zone",
        "area": 0.2526,
        "source": "95_TDP_CU"
      },
      "geometry": {
        "type": "Polygon",
        "coordinates": [
          [
            [
              108.1451645,
              16.0705615
            ],
            [
              108.1449607,
              16.0702367
            ],
            [
              108.1453663,
              16.0699585
            ],
            [
              108.1456064,
              16.0704096
            ],
            [
              108.1451645,
              16.0705615
            ]
          ]
        ]
      }
    },
    {
      "type": "Feature",
      "id": "old_tdp_point_182_0",
      "properties": {
        "name": "16 hộ tổ 52",
        "description": "",
        "featureType": "poi",
        "source": "95_TDP_CU"
      },
      "geometry": {
        "type": "Point",
        "coordinates": [
          108.1451592,
          16.0702728
        ]
      }
    },
    {
      "type": "Feature",
      "id": "old_tdp_poly_183_0",
      "properties": {
        "name": "Đa giác 229",
        "description": "",
        "featureType": "zone",
        "area": 0.9544,
        "source": "95_TDP_CU"
      },
      "geometry": {
        "type": "Polygon",
        "coordinates": [
          [
            [
              108.1476575,
              16.0732612
            ],
            [
              108.1479211,
              16.0727076
            ],
            [
              108.1492024,
              16.0729932
            ],
            [
              108.1489878,
              16.0735602
            ],
            [
              108.1476575,
              16.0732612
            ]
          ]
        ]
      }
    },
    {
      "type": "Feature",
      "id": "old_tdp_point_184_0",
      "properties": {
        "name": "Tổ 7 ( 838 hộ, 3135 khẩu (KDC Quang Thành 3A1 (18,19,20) + (KDC Đa Phước 3 (45,46,47) + Đa Phước 4 (tổ 50).)",
        "description": "",
        "featureType": "poi",
        "source": "95_TDP_CU"
      },
      "geometry": {
        "type": "Point",
        "coordinates": [
          108.148328,
          16.0731821
        ]
      }
    },
    {
      "type": "Feature",
      "id": "old_tdp_poly_185_0",
      "properties": {
        "name": "Khu vực tổ 5 (576 hộ)",
        "description": "",
        "featureType": "zone",
        "area": 1.3075,
        "source": "95_TDP_CU"
      },
      "geometry": {
        "type": "Polygon",
        "coordinates": [
          [
            [
              108.145212,
              16.0821965
            ],
            [
              108.1450403,
              16.0810625
            ],
            [
              108.1460274,
              16.0810419
            ],
            [
              108.1461561,
              16.0821759
            ],
            [
              108.145212,
              16.0821965
            ]
          ]
        ]
      }
    },
    {
      "type": "Feature",
      "id": "old_tdp_point_186_0",
      "properties": {
        "name": "Khu vực Tổ 5 (576 hộ)",
        "description": "",
        "featureType": "poi",
        "source": "95_TDP_CU"
      },
      "geometry": {
        "type": "Point",
        "coordinates": [
          108.1455404,
          16.0816046
        ]
      }
    },
    {
      "type": "Feature",
      "id": "old_tdp_poly_187_0",
      "properties": {
        "name": "tổ 51",
        "description": "",
        "featureType": "zone",
        "area": 3.7944,
        "source": "95_TDP_CU"
      },
      "geometry": {
        "type": "Polygon",
        "coordinates": [
          [
            [
              108.1451249,
              16.0705925
            ],
            [
              108.145564,
              16.0704027
            ],
            [
              108.1453175,
              16.0700156
            ],
            [
              108.1461672,
              16.0694827
            ],
            [
              108.1480524,
              16.070216
            ],
            [
              108.1479344,
              16.0705111
            ],
            [
              108.1474833,
              16.070423
            ],
            [
              108.1469871,
              16.070932
            ],
            [
              108.1465729,
              16.0711594
            ],
            [
              108.1460826,
              16.0714821
            ],
            [
              108.1459565,
              16.0714988
            ],
            [
              108.1457809,
              16.0716161
            ],
            [
              108.1451249,
              16.0705925
            ]
          ]
        ]
      }
    },
    {
      "type": "Feature",
      "id": "old_tdp_point_188_0",
      "properties": {
        "name": "TỔ 58",
        "description": "",
        "featureType": "poi",
        "source": "95_TDP_CU"
      },
      "geometry": {
        "type": "Point",
        "coordinates": [
          108.1448754,
          16.067102
        ]
      }
    },
    {
      "type": "Feature",
      "id": "old_tdp_poly_189_0",
      "properties": {
        "name": "Đa giác 224",
        "description": "",
        "featureType": "zone",
        "area": 14.0994,
        "source": "95_TDP_CU"
      },
      "geometry": {
        "type": "Polygon",
        "coordinates": [
          [
            [
              108.1490603,
              16.0748138
            ],
            [
              108.1470272,
              16.0740715
            ],
            [
              108.1465567,
              16.074077
            ],
            [
              108.1469491,
              16.0738125
            ],
            [
              108.1457809,
              16.0716161
            ],
            [
              108.1469871,
              16.070932
            ],
            [
              108.1474458,
              16.0704321
            ],
            [
              108.150378,
              16.0717591
            ],
            [
              108.1490603,
              16.0748138
            ]
          ]
        ]
      }
    },
    {
      "type": "Feature",
      "id": "old_tdp_poly_190_0",
      "properties": {
        "name": "Đa giác 226",
        "description": "",
        "featureType": "zone",
        "area": 26.2499,
        "source": "95_TDP_CU"
      },
      "geometry": {
        "type": "Polygon",
        "coordinates": [
          [
            [
              108.1432628,
              16.0699019
            ],
            [
              108.143084,
              16.0699847
            ],
            [
              108.142984,
              16.0697817
            ],
            [
              108.142868,
              16.0696097
            ],
            [
              108.1424442,
              16.0693829
            ],
            [
              108.1412212,
              16.068486
            ],
            [
              108.1403468,
              16.0673931
            ],
            [
              108.1396279,
              16.0660864
            ],
            [
              108.1398049,
              16.0659292
            ],
            [
              108.1399632,
              16.0657802
            ],
            [
              108.1405812,
              16.0651943
            ],
            [
              108.1425404,
              16.0650877
            ],
            [
              108.1430681,
              16.06514
            ],
            [
              108.1431505,
              16.0654295
            ],
            [
              108.1425268,
              16.0660497
            ],
            [
              108.1431569,
              16.0666303
            ],
            [
              108.1453976,
              16.06503
            ],
            [
              108.1463417,
              16.0665842
            ],
            [
              108.1461218,
              16.0666924
            ],
            [
              108.1462996,
              16.0670853
            ],
            [
              108.1465785,
              16.0671162
            ],
            [
              108.1469929,
              16.0680673
            ],
            [
              108.1466194,
              16.0684338
            ],
            [
              108.1432628,
              16.0699019
            ]
          ]
        ]
      }
    },
    {
      "type": "Feature",
      "id": "old_tdp_poly_191_0",
      "properties": {
        "name": "Đa giác 227",
        "description": "",
        "featureType": "zone",
        "area": 0.3972,
        "source": "95_TDP_CU"
      },
      "geometry": {
        "type": "Polygon",
        "coordinates": [
          [
            [
              108.1439857,
              16.06896
            ],
            [
              108.1439052,
              16.0682951
            ],
            [
              108.1443987,
              16.0682384
            ],
            [
              108.1444846,
              16.0688982
            ],
            [
              108.1439857,
              16.06896
            ]
          ]
        ]
      }
    },
    {
      "type": "Feature",
      "id": "old_tdp_point_192_0",
      "properties": {
        "name": "Tổ  11 (393 Hộ, 1800 khẩu (KDC Đa Phước 6).",
        "description": "",
        "featureType": "poi",
        "source": "95_TDP_CU"
      },
      "geometry": {
        "type": "Point",
        "coordinates": [
          108.1441466,
          16.0686353
        ]
      }
    },
    {
      "type": "Feature",
      "id": "old_tdp_poly_193_0",
      "properties": {
        "name": "Đa giác 220",
        "description": "",
        "featureType": "zone",
        "area": 0.2237,
        "source": "95_TDP_CU"
      },
      "geometry": {
        "type": "Polygon",
        "coordinates": [
          [
            [
              108.1491511,
              16.0697416
            ],
            [
              108.1491297,
              16.0693937
            ],
            [
              108.1496795,
              16.0694143
            ],
            [
              108.1496742,
              16.0697674
            ],
            [
              108.1491511,
              16.0697416
            ]
          ]
        ]
      }
    },
    {
      "type": "Feature",
      "id": "old_tdp_point_194_0",
      "properties": {
        "name": "TỔ 06 (445 hộ, 2145 khẩu (KDC Quang Thành 2A (1,2) + KDC Đa Phước 4 (48,49) + KDC Đa Phước 5 (51, 52)",
        "description": "",
        "featureType": "poi",
        "source": "95_TDP_CU"
      },
      "geometry": {
        "type": "Point",
        "coordinates": [
          108.1493546,
          16.0695381
        ]
      }
    },
    {
      "type": "Feature",
      "id": "old_tdp_poly_195_0",
      "properties": {
        "name": "Đa giác 225",
        "description": "",
        "featureType": "zone",
        "area": 21.5585,
        "source": "95_TDP_CU"
      },
      "geometry": {
        "type": "Polygon",
        "coordinates": [
          [
            [
              108.1457809,
              16.0716161
            ],
            [
              108.1448896,
              16.0701482
            ],
            [
              108.1438597,
              16.0707023
            ],
            [
              108.1431207,
              16.0699896
            ],
            [
              108.1464558,
              16.0684596
            ],
            [
              108.1476862,
              16.0674133
            ],
            [
              108.1480402,
              16.0677536
            ],
            [
              108.1514876,
              16.0691813
            ],
            [
              108.150378,
              16.0717591
            ],
            [
              108.1493017,
              16.0712042
            ],
            [
              108.1485506,
              16.0708124
            ],
            [
              108.1482327,
              16.0706545
            ],
            [
              108.1479344,
              16.0705111
            ],
            [
              108.1474458,
              16.0704321
            ],
            [
              108.1469871,
              16.070932
            ],
            [
              108.1457809,
              16.0716161
            ]
          ]
        ]
      }
    },
    {
      "type": "Feature",
      "id": "old_tdp_point_196_0",
      "properties": {
        "name": "Tổ 12 (537 Hộ, 2251 khẩu (KDC Đa Phước 1B nguyên hiện trạng)",
        "description": "",
        "featureType": "poi",
        "source": "95_TDP_CU"
      },
      "geometry": {
        "type": "Point",
        "coordinates": [
          108.1385779,
          16.071736
        ]
      }
    },
    {
      "type": "Feature",
      "id": "old_tdp_poly_197_0",
      "properties": {
        "name": "Đa giác 228",
        "description": "",
        "featureType": "zone",
        "area": 1.1098,
        "source": "95_TDP_CU"
      },
      "geometry": {
        "type": "Polygon",
        "coordinates": [
          [
            [
              108.1302698,
              16.0750606
            ],
            [
              108.1302269,
              16.0741534
            ],
            [
              108.1312783,
              16.0741534
            ],
            [
              108.1313534,
              16.0749884
            ],
            [
              108.1302698,
              16.0750606
            ]
          ]
        ]
      }
    },
    {
      "type": "Feature",
      "id": "old_tdp_point_198_0",
      "properties": {
        "name": "Tổ 13: (704 hộ, 2334 khẩu (KDC Thanh Vinh 2 + KDC Thanh Vinh 3)",
        "description": "",
        "featureType": "poi",
        "source": "95_TDP_CU"
      },
      "geometry": {
        "type": "Point",
        "coordinates": [
          108.1307204,
          16.0746225
        ]
      }
    },
    {
      "type": "Feature",
      "id": "old_tdp_poly_199_0",
      "properties": {
        "name": "Đa giác 230",
        "description": "",
        "featureType": "zone",
        "area": 0.5951,
        "source": "95_TDP_CU"
      },
      "geometry": {
        "type": "Polygon",
        "coordinates": [
          [
            [
              108.1382,
              16.0720248
            ],
            [
              108.1381249,
              16.071463
            ],
            [
              108.1389939,
              16.0713573
            ],
            [
              108.1391226,
              16.0718831
            ],
            [
              108.1382,
              16.0720248
            ]
          ]
        ]
      }
    },
    {
      "type": "Feature",
      "id": "old_tdp_point_200_0",
      "properties": {
        "name": "TỔ 15  (Tổ 82 (1002 hộ, 2702 khẩu) Chung cư nhà ở xã hội).",
        "description": "",
        "featureType": "poi",
        "source": "95_TDP_CU"
      },
      "geometry": {
        "type": "Point",
        "coordinates": [
          108.1359466,
          16.0739575
        ]
      }
    },
    {
      "type": "Feature",
      "id": "old_tdp_poly_201_0",
      "properties": {
        "name": "Đa giác 232",
        "description": "",
        "featureType": "zone",
        "area": 0.0398,
        "source": "95_TDP_CU"
      },
      "geometry": {
        "type": "Polygon",
        "coordinates": [
          [
            [
              108.1358439,
              16.0740672
            ],
            [
              108.1358386,
              16.0738661
            ],
            [
              108.1360156,
              16.0738842
            ],
            [
              108.1360156,
              16.0740672
            ],
            [
              108.135915,
              16.0740672
            ],
            [
              108.1358439,
              16.0740672
            ]
          ]
        ]
      }
    },
    {
      "type": "Feature",
      "id": "old_tdp_poly_202_0",
      "properties": {
        "name": "Đa giác 233",
        "description": "",
        "featureType": "zone",
        "area": 0.0903,
        "source": "95_TDP_CU"
      },
      "geometry": {
        "type": "Polygon",
        "coordinates": [
          [
            [
              108.1347094,
              16.0749805
            ],
            [
              108.134637,
              16.0747176
            ],
            [
              108.1349052,
              16.0746558
            ],
            [
              108.1349749,
              16.0749315
            ],
            [
              108.1347094,
              16.0749805
            ]
          ]
        ]
      }
    },
    {
      "type": "Feature",
      "id": "old_tdp_point_203_0",
      "properties": {
        "name": "TỔ 16 (Tổ 83 (451 hộ, 1510 khẩu) Chung cư nhà ở xã hội)",
        "description": "",
        "featureType": "poi",
        "source": "95_TDP_CU"
      },
      "geometry": {
        "type": "Point",
        "coordinates": [
          108.1347764,
          16.0748343
        ]
      }
    },
    {
      "type": "Feature",
      "id": "old_tdp_poly_204_0",
      "properties": {
        "name": "Đa giác 237",
        "description": "",
        "featureType": "zone",
        "area": 1.3956,
        "source": "95_TDP_CU"
      },
      "geometry": {
        "type": "Polygon",
        "coordinates": [
          [
            [
              108.118442,
              16.0763012
            ],
            [
              108.1184527,
              16.0754559
            ],
            [
              108.1197294,
              16.0753322
            ],
            [
              108.1198582,
              16.0762188
            ],
            [
              108.118442,
              16.0763012
            ]
          ]
        ]
      }
    },
    {
      "type": "Feature",
      "id": "old_tdp_point_205_0",
      "properties": {
        "name": "TỔ 14: (744 hộ, 2697 khẩu (KDC Thanh Vinh 1 + Thanh Vinh 4).",
        "description": "",
        "featureType": "poi",
        "source": "95_TDP_CU"
      },
      "geometry": {
        "type": "Point",
        "coordinates": [
          108.1190911,
          16.0758013
        ]
      }
    },
    {
      "type": "Feature",
      "id": "old_tdp_poly_206_0",
      "properties": {
        "name": "Đa giác 240",
        "description": "",
        "featureType": "zone",
        "area": 0.619,
        "source": "95_TDP_CU"
      },
      "geometry": {
        "type": "Polygon",
        "coordinates": [
          [
            [
              108.1509029,
              16.0786988
            ],
            [
              108.1507957,
              16.0779875
            ],
            [
              108.1515413,
              16.0779411
            ],
            [
              108.1516164,
              16.0786421
            ],
            [
              108.1509029,
              16.0786988
            ]
          ]
        ]
      }
    },
    {
      "type": "Feature",
      "id": "old_tdp_point_207_0",
      "properties": {
        "name": "TỔ SỐ 2 (417 hộ, 1383 khẩu) KDC Quang Thành 3B1 gồm tổ : 10, 11, 12, 13) Nguyên trạng",
        "description": "",
        "featureType": "poi",
        "source": "95_TDP_CU"
      },
      "geometry": {
        "type": "Point",
        "coordinates": [
          108.1512302,
          16.0783071
        ]
      }
    },
    {
      "type": "Feature",
      "id": "old_tdp_poly_208_0",
      "properties": {
        "name": "Tổ 12",
        "description": "",
        "featureType": "zone",
        "area": 7.0676,
        "source": "95_TDP_CU"
      },
      "geometry": {
        "type": "Polygon",
        "coordinates": [
          [
            [
              108.1507903,
              16.0789866
            ],
            [
              108.1506066,
              16.0782468
            ],
            [
              108.1504959,
              16.0778893
            ],
            [
              108.1502686,
              16.0775574
            ],
            [
              108.1500782,
              16.0774072
            ],
            [
              108.1498663,
              16.0772751
            ],
            [
              108.1497765,
              16.0772188
            ],
            [
              108.1496866,
              16.0771779
            ],
            [
              108.1496089,
              16.077029
            ],
            [
              108.1496135,
              16.0770111
            ],
            [
              108.1497993,
              16.0769532
            ],
            [
              108.1500326,
              16.0769043
            ],
            [
              108.1501828,
              16.0768218
            ],
            [
              108.1503286,
              16.0768514
            ],
            [
              108.1505737,
              16.0768113
            ],
            [
              108.1509239,
              16.0770639
            ],
            [
              108.1510939,
              16.077063
            ],
            [
              108.1514385,
              16.0774975
            ],
            [
              108.1516928,
              16.0777366
            ],
            [
              108.1519758,
              16.0779698
            ],
            [
              108.1522923,
              16.0781308
            ],
            [
              108.1529521,
              16.0785535
            ],
            [
              108.1531981,
              16.0786199
            ],
            [
              108.1524423,
              16.079818
            ],
            [
              108.1524288,
              16.0798361
            ],
            [
              108.1523795,
              16.0799196
            ],
            [
              108.1523195,
              16.0800026
            ],
            [
              108.1522211,
              16.0801923
            ],
            [
              108.1519867,
              16.0805917
            ],
            [
              108.151356,
              16.0805139
            ],
            [
              108.1510985,
              16.0803386
            ],
            [
              108.1509268,
              16.0801015
            ],
            [
              108.150959,
              16.0797716
            ],
            [
              108.1508303,
              16.079318
            ],
            [
              108.150832,
              16.0792255
            ],
            [
              108.1508061,
              16.079145
            ],
            [
              108.150793,
              16.0791037
            ],
            [
              108.1507831,
              16.0790499
            ],
            [
              108.1507812,
              16.0790129
            ],
            [
              108.1507903,
              16.0789866
            ]
          ]
        ]
      }
    },
    {
      "type": "Feature",
      "id": "old_tdp_point_209_0",
      "properties": {
        "name": "TỔ 3: ( 374 hộ, 1231 khẩu  (KDC Quang Thành 3B 2 các tổ 14, 15, 16)",
        "description": "",
        "featureType": "poi",
        "source": "95_TDP_CU"
      },
      "geometry": {
        "type": "Point",
        "coordinates": [
          108.1497952,
          16.0797758
        ]
      }
    },
    {
      "type": "Feature",
      "id": "old_tdp_point_210_0",
      "properties": {
        "name": "TỔ 40",
        "description": "",
        "featureType": "poi",
        "source": "95_TDP_CU"
      },
      "geometry": {
        "type": "Point",
        "coordinates": [
          108.1414051,
          16.0855791
        ]
      }
    },
    {
      "type": "Feature",
      "id": "old_tdp_poly_211_0",
      "properties": {
        "name": "Tổ 40",
        "description": "",
        "featureType": "zone",
        "area": 5.8366,
        "source": "95_TDP_CU"
      },
      "geometry": {
        "type": "Polygon",
        "coordinates": [
          [
            [
              108.14045,
              16.0854539
            ],
            [
              108.141576,
              16.0845045
            ],
            [
              108.1418842,
              16.0841553
            ],
            [
              108.1419506,
              16.0839227
            ],
            [
              108.1425389,
              16.0833163
            ],
            [
              108.1437674,
              16.0846591
            ],
            [
              108.1436078,
              16.0849039
            ],
            [
              108.1433382,
              16.0847879
            ],
            [
              108.1425796,
              16.0862993
            ],
            [
              108.1418964,
              16.0859004
            ],
            [
              108.141574,
              16.0863911
            ],
            [
              108.1411763,
              16.0861498
            ],
            [
              108.140914,
              16.0859204
            ],
            [
              108.14045,
              16.0854539
            ]
          ]
        ]
      }
    },
    {
      "type": "Feature",
      "id": "old_tdp_point_212_0",
      "properties": {
        "name": "TỔ 41",
        "description": "",
        "featureType": "poi",
        "source": "95_TDP_CU"
      },
      "geometry": {
        "type": "Point",
        "coordinates": [
          108.1437186,
          16.0854366
        ]
      }
    },
    {
      "type": "Feature",
      "id": "old_tdp_poly_213_0",
      "properties": {
        "name": "Đa giác 254",
        "description": "",
        "featureType": "zone",
        "area": 2.3943,
        "source": "95_TDP_CU"
      },
      "geometry": {
        "type": "Polygon",
        "coordinates": [
          [
            [
              108.1444767,
              16.0860319
            ],
            [
              108.1439671,
              16.0858773
            ],
            [
              108.1436125,
              16.0867867
            ],
            [
              108.1432805,
              16.0866015
            ],
            [
              108.1435219,
              16.0860268
            ],
            [
              108.1428394,
              16.0857714
            ],
            [
              108.1433423,
              16.0847788
            ],
            [
              108.1436119,
              16.0849309
            ],
            [
              108.1437715,
              16.08465
            ],
            [
              108.1437871,
              16.0846336
            ],
            [
              108.1439802,
              16.0847766
            ],
            [
              108.1444254,
              16.0850266
            ],
            [
              108.1447689,
              16.085189
            ],
            [
              108.1447903,
              16.0852045
            ],
            [
              108.1444767,
              16.0860319
            ]
          ]
        ]
      }
    },
    {
      "type": "Feature",
      "id": "old_tdp_poly_214_0",
      "properties": {
        "name": "Đa giác 249",
        "description": "",
        "featureType": "zone",
        "area": 3.4261,
        "source": "95_TDP_CU"
      },
      "geometry": {
        "type": "Polygon",
        "coordinates": [
          [
            [
              108.1447457,
              16.0851531
            ],
            [
              108.1440215,
              16.084782
            ],
            [
              108.1438086,
              16.0846452
            ],
            [
              108.1435904,
              16.0844311
            ],
            [
              108.1449391,
              16.0832007
            ],
            [
              108.1456123,
              16.0838965
            ],
            [
              108.1461703,
              16.0846104
            ],
            [
              108.1457377,
              16.0852809
            ],
            [
              108.1451637,
              16.0850155
            ],
            [
              108.1449267,
              16.0849367
            ],
            [
              108.1447822,
              16.085198
            ],
            [
              108.1447457,
              16.0851531
            ]
          ]
        ]
      }
    },
    {
      "type": "Feature",
      "id": "old_tdp_poly_215_0",
      "properties": {
        "name": "Đa giác 250",
        "description": "",
        "featureType": "zone",
        "area": 0.7279,
        "source": "95_TDP_CU"
      },
      "geometry": {
        "type": "Polygon",
        "coordinates": [
          [
            [
              108.1464532,
              16.0818812
            ],
            [
              108.1467033,
              16.0819953
            ],
            [
              108.1466436,
              16.0821338
            ],
            [
              108.1471989,
              16.0824168
            ],
            [
              108.1465774,
              16.0828962
            ],
            [
              108.1463996,
              16.0829993
            ],
            [
              108.1462708,
              16.0830199
            ],
            [
              108.1461957,
              16.0829787
            ],
            [
              108.1461582,
              16.0829271
            ],
            [
              108.1461045,
              16.082855
            ],
            [
              108.1461045,
              16.0828086
            ],
            [
              108.1464532,
              16.0818812
            ]
          ]
        ]
      }
    },
    {
      "type": "Feature",
      "id": "old_tdp_poly_216_0",
      "properties": {
        "name": "Đa giác 251",
        "description": "",
        "featureType": "zone",
        "area": 0.0192,
        "source": "95_TDP_CU"
      },
      "geometry": {
        "type": "Polygon",
        "coordinates": [
          [
            [
              108.1463194,
              16.083439
            ],
            [
              108.1465031,
              16.0836117
            ],
            [
              108.1464642,
              16.0836349
            ],
            [
              108.1462496,
              16.0834918
            ],
            [
              108.1463194,
              16.083439
            ]
          ]
        ]
      }
    },
    {
      "type": "Feature",
      "id": "old_tdp_point_217_0",
      "properties": {
        "name": "3 HỘ TỔ 24",
        "description": "",
        "featureType": "poi",
        "source": "95_TDP_CU"
      },
      "geometry": {
        "type": "Point",
        "coordinates": [
          108.1463334,
          16.0834963
        ]
      }
    },
    {
      "type": "Feature",
      "id": "old_tdp_point_218_0",
      "properties": {
        "name": "13 HỘ TỔ 24",
        "description": "",
        "featureType": "poi",
        "source": "95_TDP_CU"
      },
      "geometry": {
        "type": "Point",
        "coordinates": [
          108.1463615,
          16.0827271
        ]
      }
    },
    {
      "type": "Feature",
      "id": "old_tdp_point_219_0",
      "properties": {
        "name": "27 HỘ TỔ 24",
        "description": "",
        "featureType": "poi",
        "source": "95_TDP_CU"
      },
      "geometry": {
        "type": "Point",
        "coordinates": [
          108.1455673,
          16.084838
        ]
      }
    },
    {
      "type": "Feature",
      "id": "old_tdp_point_220_0",
      "properties": {
        "name": "Điểm26 HỘ TỔ 24",
        "description": "",
        "featureType": "poi",
        "source": "95_TDP_CU"
      },
      "geometry": {
        "type": "Point",
        "coordinates": [
          108.1443282,
          16.0843638
        ]
      }
    },
    {
      "type": "Feature",
      "id": "old_tdp_poly_222_0",
      "properties": {
        "name": "Đa giác 258",
        "description": "",
        "featureType": "zone",
        "area": 34.0261,
        "source": "95_TDP_CU"
      },
      "geometry": {
        "type": "Polygon",
        "coordinates": [
          [
            [
              108.1435096,
              16.0889435
            ],
            [
              108.1456123,
              16.0838965
            ],
            [
              108.1482717,
              16.0869987
            ],
            [
              108.1511584,
              16.0901755
            ],
            [
              108.151534,
              16.0905672
            ],
            [
              108.1497208,
              16.0919898
            ],
            [
              108.1492004,
              16.0923171
            ],
            [
              108.1472531,
              16.0902167
            ],
            [
              108.1475965,
              16.0899281
            ],
            [
              108.1472686,
              16.0896267
            ],
            [
              108.1468251,
              16.0899608
            ],
            [
              108.1464925,
              16.0896824
            ],
            [
              108.1444111,
              16.0914452
            ],
            [
              108.1441,
              16.0910328
            ],
            [
              108.1455316,
              16.0898513
            ],
            [
              108.145325,
              16.0897008
            ],
            [
              108.144668,
              16.0891503
            ],
            [
              108.1443809,
              16.0888864
            ],
            [
              108.1442066,
              16.0887432
            ],
            [
              108.1439732,
              16.089157
            ],
            [
              108.143477,
              16.089006
            ],
            [
              108.1435096,
              16.0889435
            ]
          ]
        ]
      }
    },
    {
      "type": "Feature",
      "id": "old_tdp_poly_223_0",
      "properties": {
        "name": "Đa giác 259",
        "description": "",
        "featureType": "zone",
        "area": 2.072,
        "source": "95_TDP_CU"
      },
      "geometry": {
        "type": "Polygon",
        "coordinates": [
          [
            [
              108.1454409,
              16.0873126
            ],
            [
              108.1454516,
              16.0861683
            ],
            [
              108.1469644,
              16.0861477
            ],
            [
              108.1469966,
              16.0872714
            ],
            [
              108.1454409,
              16.0873126
            ]
          ]
        ]
      }
    },
    {
      "type": "Feature",
      "id": "old_tdp_point_224_0",
      "properties": {
        "name": "TỔ 5: (595 hộ, 2754 khẩu) (KDC Quang Thành 4 A 1+ QT 4A2 + QT 4A3 + QT 4A 4 + 27 hộ Tổ 24 thuộc QT 4B1)",
        "description": "",
        "featureType": "poi",
        "source": "95_TDP_CU"
      },
      "geometry": {
        "type": "Point",
        "coordinates": [
          108.1460095,
          16.0868075
        ]
      }
    },
    {
      "type": "Feature",
      "id": "old_tdp_poly_225_0",
      "properties": {
        "name": "Đa giác 263",
        "description": "",
        "featureType": "zone",
        "area": 1.4452,
        "source": "95_TDP_CU"
      },
      "geometry": {
        "type": "Polygon",
        "coordinates": [
          [
            [
              108.1418896,
              16.0854193
            ],
            [
              108.1419218,
              16.0842338
            ],
            [
              108.1429196,
              16.0842441
            ],
            [
              108.1429303,
              16.0854399
            ],
            [
              108.1418896,
              16.0854193
            ]
          ]
        ]
      }
    },
    {
      "type": "Feature",
      "id": "old_tdp_point_226_0",
      "properties": {
        "name": "TỔ 9: 502 hộ (610 hộ ; 2452 khẩu); (KDC Quang Thành 4A5 + Quang Thành 4B1 và 26 hộ tổ 24).",
        "description": "",
        "featureType": "poi",
        "source": "95_TDP_CU"
      },
      "geometry": {
        "type": "Point",
        "coordinates": [
          108.142351,
          16.0847802
        ]
      }
    },
    {
      "type": "Feature",
      "id": "old_tdp_poly_227_0",
      "properties": {
        "name": "Đa giác 265",
        "description": "",
        "featureType": "zone",
        "area": 309.4302,
        "source": "95_TDP_CU"
      },
      "geometry": {
        "type": "Polygon",
        "coordinates": [
          [
            [
              108.0639663,
              16.113722
            ],
            [
              108.0631861,
              16.1130135
            ],
            [
              108.0634638,
              16.1128267
            ],
            [
              108.0638059,
              16.1126554
            ],
            [
              108.064383,
              16.1124031
            ],
            [
              108.0647174,
              16.1122641
            ],
            [
              108.064577,
              16.1119345
            ],
            [
              108.0642908,
              16.1112632
            ],
            [
              108.0642678,
              16.1110692
            ],
            [
              108.0643521,
              16.110906
            ],
            [
              108.0643328,
              16.1104663
            ],
            [
              108.0641159,
              16.1096967
            ],
            [
              108.0641302,
              16.1095705
            ],
            [
              108.0640788,
              16.1094636
            ],
            [
              108.0639035,
              16.1093943
            ],
            [
              108.0636012,
              16.1092427
            ],
            [
              108.0633334,
              16.1088994
            ],
            [
              108.0630683,
              16.1081658
            ],
            [
              108.063177,
              16.1079732
            ],
            [
              108.0629398,
              16.1070461
            ],
            [
              108.0627026,
              16.106052
            ],
            [
              108.0628989,
              16.1059515
            ],
            [
              108.0629644,
              16.1059177
            ],
            [
              108.0629999,
              16.1059126
            ],
            [
              108.0630658,
              16.1058788
            ],
            [
              108.0631627,
              16.1057785
            ],
            [
              108.0632911,
              16.1056984
            ],
            [
              108.0739839,
              16.1035313
            ],
            [
              108.0796703,
              16.1030366
            ],
            [
              108.0830498,
              16.1035829
            ],
            [
              108.0856679,
              16.1033426
            ],
            [
              108.0876949,
              16.1032633
            ],
            [
              108.0883842,
              16.1036833
            ],
            [
              108.0891138,
              16.1030907
            ],
            [
              108.0904442,
              16.1022197
            ],
            [
              108.0919899,
              16.1023096
            ],
            [
              108.0925049,
              16.1024179
            ],
            [
              108.0925696,
              16.1024077
            ],
            [
              108.0926125,
              16.102436
            ],
            [
              108.0926473,
              16.1024376
            ],
            [
              108.0926894,
              16.1024281
            ],
            [
              108.0927176,
              16.1024551
            ],
            [
              108.0947775,
              16.1020016
            ],
            [
              108.0952496,
              16.1010739
            ],
            [
              108.0931361,
              16.1003354
            ],
            [
              108.0935264,
              16.0998265
            ],
            [
              108.0934862,
              16.098458
            ],
            [
              108.09369,
              16.098391
            ],
            [
              108.0937919,
              16.0978911
            ],
            [
              108.0944811,
              16.0979256
            ],
            [
              108.0949694,
              16.0981771
            ],
            [
              108.0952591,
              16.0983832
            ],
            [
              108.096277,
              16.098056
            ],
            [
              108.0959699,
              16.0972609
            ],
            [
              108.0963602,
              16.0971424
            ],
            [
              108.0962153,
              16.0966013
            ],
            [
              108.0961363,
              16.0959111
            ],
            [
              108.0961072,
              16.0952272
            ],
            [
              108.0961268,
              16.0946826
            ],
            [
              108.0974975,
              16.0949781
            ],
            [
              108.0976584,
              16.0952255
            ],
            [
              108.0978193,
              16.0964007
            ],
            [
              108.0979695,
              16.0968439
            ],
            [
              108.0983665,
              16.0974212
            ],
            [
              108.099257,
              16.0982252
            ],
            [
              108.100042,
              16.0989639
            ],
            [
              108.1004067,
              16.0993762
            ],
            [
              108.1005981,
              16.0996787
            ],
            [
              108.1011395,
              16.1006542
            ],
            [
              108.100042,
              16.1015821
            ],
            [
              108.100254,
              16.101807
            ],
            [
              108.1010292,
              16.1021369
            ],
            [
              108.1008334,
              16.1031573
            ],
            [
              108.1012679,
              16.1044355
            ],
            [
              108.1018767,
              16.1048788
            ],
            [
              108.1023622,
              16.1053323
            ],
            [
              108.0990657,
              16.1068597
            ],
            [
              108.0977112,
              16.1080432
            ],
            [
              108.0964626,
              16.1092038
            ],
            [
              108.0960723,
              16.1086327
            ],
            [
              108.0948269,
              16.1077298
            ],
            [
              108.0937004,
              16.1070907
            ],
            [
              108.0924696,
              16.1067497
            ],
            [
              108.0914182,
              16.1066879
            ],
            [
              108.0893106,
              16.1072292
            ],
            [
              108.0879648,
              16.1078942
            ],
            [
              108.0857546,
              16.1089455
            ],
            [
              108.0834553,
              16.1098036
            ],
            [
              108.082125,
              16.1101129
            ],
            [
              108.0809234,
              16.1102176
            ],
            [
              108.0796895,
              16.110209
            ],
            [
              108.0772004,
              16.1101917
            ],
            [
              108.0758056,
              16.1103051
            ],
            [
              108.0736706,
              16.1103205
            ],
            [
              108.0719325,
              16.1105421
            ],
            [
              108.0712352,
              16.1106659
            ],
            [
              108.0706429,
              16.1107359
            ],
            [
              108.0692894,
              16.1109869
            ],
            [
              108.0680326,
              16.1115368
            ],
            [
              108.0665089,
              16.1121244
            ],
            [
              108.0647281,
              16.1131242
            ],
            [
              108.0639663,
              16.113722
            ]
          ]
        ]
      }
    },
    {
      "type": "Feature",
      "id": "old_tdp_poly_228_0",
      "properties": {
        "name": "Đa giác 266",
        "description": "",
        "featureType": "zone",
        "area": 9.0119,
        "source": "95_TDP_CU"
      },
      "geometry": {
        "type": "Polygon",
        "coordinates": [
          [
            [
              108.0793734,
              16.1091092
            ],
            [
              108.0793305,
              16.1064395
            ],
            [
              108.0821951,
              16.1065014
            ],
            [
              108.0822917,
              16.109068
            ],
            [
              108.0793734,
              16.1091092
            ]
          ]
        ]
      }
    },
    {
      "type": "Feature",
      "id": "old_tdp_point_229_0",
      "properties": {
        "name": "Tổ DP Quan Nam 3 mới : Ghép TDP Quang Nam 3 (337 hộ, 1230 khẩu) + TDP Quan Nam 6 (70 hộ, 269 khẩu) = 407 hộ, 1499 khẩu.",
        "description": "",
        "featureType": "poi",
        "source": "95_TDP_CU"
      },
      "geometry": {
        "type": "Point",
        "coordinates": [
          108.0805643,
          16.1079857
        ]
      }
    },
    {
      "type": "Feature",
      "id": "old_tdp_poly_230_0",
      "properties": {
        "name": "Đa giác 268",
        "description": "",
        "featureType": "zone",
        "area": 6.6332,
        "source": "95_TDP_CU"
      },
      "geometry": {
        "type": "Polygon",
        "coordinates": [
          [
            [
              108.0921885,
              16.0951035
            ],
            [
              108.0921885,
              16.0931449
            ],
            [
              108.0949566,
              16.0931037
            ],
            [
              108.0949351,
              16.0951859
            ],
            [
              108.0921885,
              16.0951035
            ]
          ]
        ]
      }
    },
    {
      "type": "Feature",
      "id": "old_tdp_point_231_0",
      "properties": {
        "name": "TDP Quan Nam 1:  736 hộ, 2736 khẩu. Giữ nguyên hiện trạng",
        "description": "",
        "featureType": "poi",
        "source": "95_TDP_CU"
      },
      "geometry": {
        "type": "Point",
        "coordinates": [
          108.0935432,
          16.0938919
        ]
      }
    },
    {
      "type": "Feature",
      "id": "old_tdp_poly_232_0",
      "properties": {
        "name": "Đa giác 270",
        "description": "",
        "featureType": "zone",
        "area": 2.4777,
        "source": "95_TDP_CU"
      },
      "geometry": {
        "type": "Polygon",
        "coordinates": [
          [
            [
              108.1032484,
              16.0895391
            ],
            [
              108.1029587,
              16.088199
            ],
            [
              108.1045252,
              16.0880134
            ],
            [
              108.104729,
              16.0893432
            ],
            [
              108.1032484,
              16.0895391
            ]
          ]
        ]
      }
    },
    {
      "type": "Feature",
      "id": "old_tdp_point_233_0",
      "properties": {
        "name": "TDP Vân Dương 1: 489 hộ, 1682 khẩu. Giữ nguyên hiện trạng",
        "description": "",
        "featureType": "poi",
        "source": "95_TDP_CU"
      },
      "geometry": {
        "type": "Point",
        "coordinates": [
          108.1037282,
          16.0886139
        ]
      }
    },
    {
      "type": "Feature",
      "id": "old_tdp_poly_234_0",
      "properties": {
        "name": "Đa giác 273",
        "description": "",
        "featureType": "zone",
        "area": 40.3758,
        "source": "95_TDP_CU"
      },
      "geometry": {
        "type": "Polygon",
        "coordinates": [
          [
            [
              108.1014315,
              16.0930574
            ],
            [
              108.1020055,
              16.0917978
            ],
            [
              108.1020028,
              16.0911835
            ],
            [
              108.1020551,
              16.0907424
            ],
            [
              108.1021081,
              16.090563
            ],
            [
              108.1022901,
              16.0904836
            ],
            [
              108.1023756,
              16.0905486
            ],
            [
              108.1054226,
              16.0939877
            ],
            [
              108.1069139,
              16.0955726
            ],
            [
              108.1065169,
              16.0962504
            ],
            [
              108.1019699,
              16.0999106
            ],
            [
              108.101133,
              16.0987355
            ],
            [
              108.1009184,
              16.0983026
            ],
            [
              108.1001889,
              16.0974779
            ],
            [
              108.099631,
              16.09688
            ],
            [
              108.0995666,
              16.0964883
            ],
            [
              108.1000816,
              16.0958904
            ],
            [
              108.100382,
              16.0954369
            ],
            [
              108.1014315,
              16.0930574
            ]
          ]
        ]
      }
    },
    {
      "type": "Feature",
      "id": "old_tdp_poly_235_0",
      "properties": {
        "name": "Đa giác 274",
        "description": "",
        "featureType": "zone",
        "area": 4.9635,
        "source": "95_TDP_CU"
      },
      "geometry": {
        "type": "Polygon",
        "coordinates": [
          [
            [
              108.1087078,
              16.10353
            ],
            [
              108.108579,
              16.1015096
            ],
            [
              108.1105961,
              16.1013859
            ],
            [
              108.1107248,
              16.1034887
            ],
            [
              108.1087078,
              16.10353
            ]
          ]
        ]
      }
    },
    {
      "type": "Feature",
      "id": "old_tdp_poly_236_0",
      "properties": {
        "name": "Đa giác 262",
        "description": "",
        "featureType": "zone",
        "area": 0.182,
        "source": "95_TDP_CU"
      },
      "geometry": {
        "type": "Polygon",
        "coordinates": [
          [
            [
              108.115063,
              16.0978462
            ],
            [
              108.1148417,
              16.097604
            ],
            [
              108.1151462,
              16.0973256
            ],
            [
              108.1153969,
              16.0976065
            ],
            [
              108.1150939,
              16.0978733
            ],
            [
              108.115063,
              16.0978462
            ]
          ]
        ]
      }
    },
    {
      "type": "Feature",
      "id": "old_tdp_poly_237_0",
      "properties": {
        "name": "Trung Sơn",
        "description": "",
        "featureType": "zone",
        "area": 304.8654,
        "source": "95_TDP_CU"
      },
      "geometry": {
        "type": "Polygon",
        "coordinates": [
          [
            [
              108.1190844,
              16.0910553
            ],
            [
              108.1200178,
              16.0921324
            ],
            [
              108.1158994,
              16.0953939
            ],
            [
              108.1180881,
              16.0982596
            ],
            [
              108.1152515,
              16.1013262
            ],
            [
              108.1145542,
              16.1021921
            ],
            [
              108.1141558,
              16.102652
            ],
            [
              108.1181248,
              16.1052034
            ],
            [
              108.1163509,
              16.1078661
            ],
            [
              108.1179173,
              16.1090102
            ],
            [
              108.11884,
              16.1097833
            ],
            [
              108.1206751,
              16.1115738
            ],
            [
              108.1196615,
              16.1144756
            ],
            [
              108.1172232,
              16.1134221
            ],
            [
              108.1150989,
              16.1131335
            ],
            [
              108.1136183,
              16.112515
            ],
            [
              108.1115154,
              16.1092991
            ],
            [
              108.1102709,
              16.1079385
            ],
            [
              108.1075135,
              16.1067118
            ],
            [
              108.1038872,
              16.1050007
            ],
            [
              108.1022993,
              16.1045884
            ],
            [
              108.1018219,
              16.1042225
            ],
            [
              108.1014732,
              16.1037329
            ],
            [
              108.1013015,
              16.1031145
            ],
            [
              108.1014303,
              16.102496
            ],
            [
              108.1018809,
              16.1014936
            ],
            [
              108.1020687,
              16.1009021
            ],
            [
              108.1020955,
              16.1003365
            ],
            [
              108.1040482,
              16.098414
            ],
            [
              108.1072455,
              16.0958885
            ],
            [
              108.1022565,
              16.0904405
            ],
            [
              108.1054421,
              16.0905305
            ],
            [
              108.1066388,
              16.0897768
            ],
            [
              108.1102065,
              16.0936516
            ],
            [
              108.116676,
              16.0882963
            ],
            [
              108.1190844,
              16.0910553
            ]
          ]
        ]
      }
    },
    {
      "type": "Feature",
      "id": "old_tdp_poly_238_0",
      "properties": {
        "name": "Đa giác 263",
        "description": "",
        "featureType": "zone",
        "area": 5.6735,
        "source": "95_TDP_CU"
      },
      "geometry": {
        "type": "Polygon",
        "coordinates": [
          [
            [
              108.1019485,
              16.0828495
            ],
            [
              108.1020558,
              16.0808289
            ],
            [
              108.1044162,
              16.080932
            ],
            [
              108.104266,
              16.0829732
            ],
            [
              108.1019485,
              16.0828495
            ]
          ]
        ]
      }
    },
    {
      "type": "Feature",
      "id": "old_tdp_poly_239_0",
      "properties": {
        "name": "Đa giác 264",
        "description": "",
        "featureType": "zone",
        "area": 0.0783,
        "source": "95_TDP_CU"
      },
      "geometry": {
        "type": "Polygon",
        "coordinates": [
          [
            [
              108.0980501,
              16.0770743
            ],
            [
              108.0980582,
              16.0768423
            ],
            [
              108.0983317,
              16.0768397
            ],
            [
              108.0983344,
              16.0770794
            ],
            [
              108.0980501,
              16.0770743
            ]
          ]
        ]
      }
    },
    {
      "type": "Feature",
      "id": "old_tdp_poly_240_0",
      "properties": {
        "name": "Đa giác 265",
        "description": "",
        "featureType": "zone",
        "area": 372.189,
        "source": "95_TDP_CU"
      },
      "geometry": {
        "type": "Polygon",
        "coordinates": [
          [
            [
              108.0953276,
              16.0794149
            ],
            [
              108.0953491,
              16.0794768
            ],
            [
              108.0934668,
              16.080001
            ],
            [
              108.0930356,
              16.0797389
            ],
            [
              108.0926544,
              16.079477
            ],
            [
              108.0923215,
              16.0790926
            ],
            [
              108.091799,
              16.0791584
            ],
            [
              108.088137,
              16.0775632
            ],
            [
              108.0867975,
              16.0773576
            ],
            [
              108.0836356,
              16.0760252
            ],
            [
              108.0828264,
              16.0757437
            ],
            [
              108.08206,
              16.0754208
            ],
            [
              108.0812615,
              16.0751341
            ],
            [
              108.0808515,
              16.0749598
            ],
            [
              108.0736609,
              16.0728577
            ],
            [
              108.0734664,
              16.072542
            ],
            [
              108.0741517,
              16.0698756
            ],
            [
              108.0765362,
              16.0626562
            ],
            [
              108.0792411,
              16.0620338
            ],
            [
              108.0821607,
              16.0620506
            ],
            [
              108.0876779,
              16.0627851
            ],
            [
              108.0902143,
              16.0637186
            ],
            [
              108.0918495,
              16.0665696
            ],
            [
              108.0923635,
              16.0691887
            ],
            [
              108.093082,
              16.06976
            ],
            [
              108.0934582,
              16.0700878
            ],
            [
              108.0937336,
              16.0700493
            ],
            [
              108.093941,
              16.0702012
            ],
            [
              108.0939267,
              16.0705364
            ],
            [
              108.0939624,
              16.0706445
            ],
            [
              108.0948655,
              16.0705493
            ],
            [
              108.0950973,
              16.0708878
            ],
            [
              108.0955072,
              16.0709594
            ],
            [
              108.0963284,
              16.0715888
            ],
            [
              108.0969024,
              16.0715901
            ],
            [
              108.0971136,
              16.0716985
            ],
            [
              108.0972064,
              16.0717038
            ],
            [
              108.0972913,
              16.0717731
            ],
            [
              108.0972681,
              16.0718675
            ],
            [
              108.0973978,
              16.0721607
            ],
            [
              108.097299,
              16.0722091
            ],
            [
              108.0974427,
              16.0725399
            ],
            [
              108.0976224,
              16.072478
            ],
            [
              108.0978512,
              16.0725424
            ],
            [
              108.0978911,
              16.0725766
            ],
            [
              108.097977,
              16.072574
            ],
            [
              108.0981339,
              16.0726397
            ],
            [
              108.0982549,
              16.0728186
            ],
            [
              108.0982683,
              16.0728547
            ],
            [
              108.0983489,
              16.0729649
            ],
            [
              108.098385,
              16.0730635
            ],
            [
              108.0983917,
              16.0731588
            ],
            [
              108.0984185,
              16.073222
            ],
            [
              108.0985003,
              16.0731846
            ],
            [
              108.0985526,
              16.0732374
            ],
            [
              108.0986921,
              16.0731859
            ],
            [
              108.0987512,
              16.0733838
            ],
            [
              108.0988166,
              16.0734816
            ],
            [
              108.098877,
              16.073546
            ],
            [
              108.0989789,
              16.0735383
            ],
            [
              108.0990272,
              16.0736105
            ],
            [
              108.0991117,
              16.0736195
            ],
            [
              108.0991613,
              16.0735976
            ],
            [
              108.0992069,
              16.0736659
            ],
            [
              108.0998038,
              16.0735471
            ],
            [
              108.1003224,
              16.0745688
            ],
            [
              108.1009733,
              16.0744074
            ],
            [
              108.1014295,
              16.0759628
            ],
            [
              108.1018239,
              16.075774
            ],
            [
              108.1021672,
              16.0765059
            ],
            [
              108.1030174,
              16.0762257
            ],
            [
              108.1032555,
              16.0767035
            ],
            [
              108.1037571,
              16.0771081
            ],
            [
              108.1050109,
              16.0773638
            ],
            [
              108.1047534,
              16.0788208
            ],
            [
              108.1053087,
              16.0790374
            ],
            [
              108.1010432,
              16.0801849
            ],
            [
              108.1008741,
              16.0804728
            ],
            [
              108.0983867,
              16.0801958
            ],
            [
              108.0979265,
              16.0797622
            ],
            [
              108.0977333,
              16.079886
            ],
            [
              108.0974544,
              16.0796334
            ],
            [
              108.0968804,
              16.0795715
            ],
            [
              108.096816,
              16.0797416
            ],
            [
              108.0964834,
              16.0796952
            ],
            [
              108.0962689,
              16.0796025
            ],
            [
              108.0959914,
              16.0799349
            ],
            [
              108.0953276,
              16.0794149
            ]
          ]
        ]
      }
    },
    {
      "type": "Feature",
      "id": "old_tdp_poly_241_0",
      "properties": {
        "name": "Đa giác 266",
        "description": "",
        "featureType": "zone",
        "area": 1.7052,
        "source": "95_TDP_CU"
      },
      "geometry": {
        "type": "Polygon",
        "coordinates": [
          [
            [
              108.0928976,
              16.0777757
            ],
            [
              108.0929083,
              16.076487
            ],
            [
              108.0940456,
              16.0765489
            ],
            [
              108.0940563,
              16.0777551
            ],
            [
              108.0928976,
              16.0777757
            ]
          ]
        ]
      }
    },
    {
      "type": "Feature",
      "id": "old_tdp_point_242_0",
      "properties": {
        "name": "TDP HƯỞNG PHƯỚC MỚI:  Ghép TDP Hưởng Phước (546 hộ, 1960 khẩu) + Hiền Phước (225 hộ, 675 khẩu) = 771 hộ, 2635 khẩu",
        "description": "",
        "featureType": "poi",
        "source": "95_TDP_CU"
      },
      "geometry": {
        "type": "Point",
        "coordinates": [
          108.0933911,
          16.0771159
        ]
      }
    },
    {
      "type": "Feature",
      "id": "old_tdp_poly_243_0",
      "properties": {
        "name": "Đa giác 269",
        "description": "",
        "featureType": "zone",
        "area": 0.5414,
        "source": "95_TDP_CU"
      },
      "geometry": {
        "type": "Polygon",
        "coordinates": [
          [
            [
              108.0910735,
              16.0875541
            ],
            [
              108.0910788,
              16.0869768
            ],
            [
              108.0918674,
              16.0869871
            ],
            [
              108.0918889,
              16.0875438
            ],
            [
              108.0910735,
              16.0875541
            ]
          ]
        ]
      }
    },
    {
      "type": "Feature",
      "id": "old_tdp_point_244_0",
      "properties": {
        "name": "TDP Tân Ninh mới:  Ghép TDP Quan Nam 4 (372 hộ, 1218 khẩu) + Tân Ninh 284 hộ, 1007 khẩu = 656 hộ, 2225 khẩu.",
        "description": "",
        "featureType": "poi",
        "source": "95_TDP_CU"
      },
      "geometry": {
        "type": "Point",
        "coordinates": [
          108.091449,
          16.0872087
        ]
      }
    },
    {
      "type": "Feature",
      "id": "old_tdp_poly_245_0",
      "properties": {
        "name": "Đa giác 268",
        "description": "",
        "featureType": "zone",
        "area": 39.8351,
        "source": "95_TDP_CU"
      },
      "geometry": {
        "type": "Polygon",
        "coordinates": [
          [
            [
              108.1015297,
              16.0930467
            ],
            [
              108.1016692,
              16.092624
            ],
            [
              108.1019053,
              16.0921808
            ],
            [
              108.1021091,
              16.0917066
            ],
            [
              108.1020662,
              16.0908922
            ],
            [
              108.1021627,
              16.0906139
            ],
            [
              108.1023559,
              16.0904799
            ],
            [
              108.1032034,
              16.090552
            ],
            [
              108.1040725,
              16.0905624
            ],
            [
              108.1054458,
              16.0906036
            ],
            [
              108.1066152,
              16.0899542
            ],
            [
              108.1081212,
              16.0916071
            ],
            [
              108.109713,
              16.0933836
            ],
            [
              108.1065169,
              16.0962504
            ],
            [
              108.1037918,
              16.0959257
            ],
            [
              108.1015297,
              16.0930467
            ]
          ]
        ]
      }
    },
    {
      "type": "Feature",
      "id": "old_tdp_poly_246_0",
      "properties": {
        "name": "Vân Dương 2",
        "description": "",
        "featureType": "zone",
        "area": 0.0007,
        "source": "95_TDP_CU"
      },
      "geometry": {
        "type": "Polygon",
        "coordinates": [
          [
            [
              108.0983625,
              16.080277
            ],
            [
              108.0983663,
              16.0802885
            ],
            [
              108.0985209,
              16.0804373
            ],
            [
              108.0983625,
              16.080277
            ]
          ]
        ]
      }
    },
    {
      "type": "Feature",
      "id": "old_tdp_poly_246_1",
      "properties": {
        "name": "Vân Dương 2",
        "description": "",
        "featureType": "zone",
        "area": 0.0001,
        "source": "95_TDP_CU"
      },
      "geometry": {
        "type": "Polygon",
        "coordinates": [
          [
            [
              108.0984822,
              16.0847349
            ],
            [
              108.0984882,
              16.0847688
            ],
            [
              108.0984873,
              16.0847928
            ],
            [
              108.0984822,
              16.0847349
            ]
          ]
        ]
      }
    },
    {
      "type": "Feature",
      "id": "old_tdp_poly_246_2",
      "properties": {
        "name": "Vân Dương 2",
        "description": "",
        "featureType": "zone",
        "area": 0.0001,
        "source": "95_TDP_CU"
      },
      "geometry": {
        "type": "Polygon",
        "coordinates": [
          [
            [
              108.098481,
              16.0846979
            ],
            [
              108.0984822,
              16.0847349
            ],
            [
              108.0984769,
              16.0846755
            ],
            [
              108.098481,
              16.0846979
            ]
          ]
        ]
      }
    },
    {
      "type": "Feature",
      "id": "old_tdp_poly_246_3",
      "properties": {
        "name": "Vân Dương 2",
        "description": "",
        "featureType": "zone",
        "area": 0.0003,
        "source": "95_TDP_CU"
      },
      "geometry": {
        "type": "Polygon",
        "coordinates": [
          [
            [
              108.0984769,
              16.0846755
            ],
            [
              108.0984645,
              16.0846073
            ],
            [
              108.0984706,
              16.0846044
            ],
            [
              108.0984769,
              16.0846755
            ]
          ]
        ]
      }
    },
    {
      "type": "Feature",
      "id": "old_tdp_poly_246_4",
      "properties": {
        "name": "Vân Dương 2",
        "description": "",
        "featureType": "zone",
        "area": 0.0027,
        "source": "95_TDP_CU"
      },
      "geometry": {
        "type": "Polygon",
        "coordinates": [
          [
            [
              108.0984706,
              16.0846044
            ],
            [
              108.0984588,
              16.0844714
            ],
            [
              108.0984819,
              16.0844216
            ],
            [
              108.0984753,
              16.0846021
            ],
            [
              108.0984706,
              16.0846044
            ]
          ]
        ]
      }
    },
    {
      "type": "Feature",
      "id": "old_tdp_poly_246_5",
      "properties": {
        "name": "Vân Dương 2",
        "description": "",
        "featureType": "zone",
        "area": 115.1582,
        "source": "95_TDP_CU"
      },
      "geometry": {
        "type": "Polygon",
        "coordinates": [
          [
            [
              108.1084462,
              16.0784827
            ],
            [
              108.1088865,
              16.0783021
            ],
            [
              108.1092781,
              16.0782583
            ],
            [
              108.1096639,
              16.0784037
            ],
            [
              108.1099576,
              16.0787207
            ],
            [
              108.110604,
              16.0793269
            ],
            [
              108.1106458,
              16.0793726
            ],
            [
              108.1106647,
              16.0793905
            ],
            [
              108.1107048,
              16.0794343
            ],
            [
              108.1107531,
              16.079455
            ],
            [
              108.1108122,
              16.079522
            ],
            [
              108.1109351,
              16.0796129
            ],
            [
              108.1112247,
              16.0796849
            ],
            [
              108.1120938,
              16.0803757
            ],
            [
              108.113341,
              16.0793087
            ],
            [
              108.1144043,
              16.0798403
            ],
            [
              108.1151881,
              16.0802479
            ],
            [
              108.11565,
              16.0800627
            ],
            [
              108.1108086,
              16.0838552
            ],
            [
              108.1092288,
              16.0851529
            ],
            [
              108.1083356,
              16.0859312
            ],
            [
              108.107134,
              16.0868822
            ],
            [
              108.1056375,
              16.088094
            ],
            [
              108.1027969,
              16.0848803
            ],
            [
              108.1023966,
              16.0844653
            ],
            [
              108.1020608,
              16.0840941
            ],
            [
              108.1003522,
              16.0857349
            ],
            [
              108.0998378,
              16.0867665
            ],
            [
              108.0994292,
              16.0874773
            ],
            [
              108.0990832,
              16.0872028
            ],
            [
              108.0988385,
              16.0870095
            ],
            [
              108.0987815,
              16.0868987
            ],
            [
              108.0987408,
              16.0866922
            ],
            [
              108.0988802,
              16.0859028
            ],
            [
              108.098865,
              16.0854212
            ],
            [
              108.0987319,
              16.0849163
            ],
            [
              108.0986284,
              16.0848346
            ],
            [
              108.0984927,
              16.084794
            ],
            [
              108.0984882,
              16.0847688
            ],
            [
              108.0984892,
              16.0847429
            ],
            [
              108.098481,
              16.0846979
            ],
            [
              108.09848,
              16.0846665
            ],
            [
              108.0984951,
              16.0846163
            ],
            [
              108.0984819,
              16.0844216
            ],
            [
              108.0988068,
              16.0844142
            ],
            [
              108.0990136,
              16.0844046
            ],
            [
              108.0993142,
              16.0843719
            ],
            [
              108.0993009,
              16.0840685
            ],
            [
              108.0993104,
              16.0838215
            ],
            [
              108.0991992,
              16.0837471
            ],
            [
              108.0991099,
              16.0836505
            ],
            [
              108.0989027,
              16.0836363
            ],
            [
              108.0988866,
              16.0839147
            ],
            [
              108.0984977,
              16.0840977
            ],
            [
              108.0984209,
              16.0837997
            ],
            [
              108.0979734,
              16.0839636
            ],
            [
              108.0977427,
              16.0840255
            ],
            [
              108.0976927,
              16.0838795
            ],
            [
              108.0974951,
              16.0840066
            ],
            [
              108.0972492,
              16.0840976
            ],
            [
              108.0969568,
              16.08359
            ],
            [
              108.0970248,
              16.0833184
            ],
            [
              108.0970704,
              16.0832179
            ],
            [
              108.097108,
              16.0831122
            ],
            [
              108.0970865,
              16.0829421
            ],
            [
              108.0970383,
              16.082821
            ],
            [
              108.0969658,
              16.0826509
            ],
            [
              108.0969015,
              16.0825401
            ],
            [
              108.0968398,
              16.0824627
            ],
            [
              108.0968049,
              16.0823313
            ],
            [
              108.0967571,
              16.0815179
            ],
            [
              108.0967491,
              16.0812215
            ],
            [
              108.096776,
              16.081139
            ],
            [
              108.0967438,
              16.081041
            ],
            [
              108.0967369,
              16.0809471
            ],
            [
              108.0966606,
              16.0807988
            ],
            [
              108.0965962,
              16.0806648
            ],
            [
              108.0964788,
              16.0804712
            ],
            [
              108.0963312,
              16.0803655
            ],
            [
              108.0960442,
              16.0802856
            ],
            [
              108.0959672,
              16.0800161
            ],
            [
              108.0962076,
              16.0796228
            ],
            [
              108.0964651,
              16.0797156
            ],
            [
              108.0966009,
              16.0797358
            ],
            [
              108.0967628,
              16.0797904
            ],
            [
              108.0968138,
              16.0796022
            ],
            [
              108.0974634,
              16.0796677
            ],
            [
              108.0975382,
              16.0797534
            ],
            [
              108.0977102,
              16.0799306
            ],
            [
              108.097914,
              16.0797656
            ],
            [
              108.0980099,
              16.0798833
            ],
            [
              108.0983625,
              16.080277
            ],
            [
              108.0989058,
              16.0803316
            ],
            [
              108.0992101,
              16.0803492
            ],
            [
              108.1002545,
              16.0805488
            ],
            [
              108.1005844,
              16.0805694
            ],
            [
              108.1008499,
              16.080554
            ],
            [
              108.1009656,
              16.080214
            ],
            [
              108.1052955,
              16.0790572
            ],
            [
              108.1058766,
              16.0793588
            ],
            [
              108.1065851,
              16.079382
            ],
            [
              108.1073684,
              16.0791758
            ],
            [
              108.1079799,
              16.0786758
            ],
            [
              108.1084462,
              16.0784827
            ]
          ]
        ]
      }
    },
    {
      "type": "Feature",
      "id": "old_tdp_poly_247_0",
      "properties": {
        "name": "tổ 22 mới lấy luôn trường CĐ kinh tế kế hoạch",
        "description": "",
        "featureType": "zone",
        "area": 5.5743,
        "source": "95_TDP_CU"
      },
      "geometry": {
        "type": "Polygon",
        "coordinates": [
          [
            [
              108.1459921,
              16.0763841
            ],
            [
              108.1464602,
              16.0749018
            ],
            [
              108.1471991,
              16.0751058
            ],
            [
              108.1473171,
              16.0748635
            ],
            [
              108.1483686,
              16.0746728
            ],
            [
              108.1490586,
              16.0748618
            ],
            [
              108.1481379,
              16.0770594
            ],
            [
              108.1459921,
              16.0763841
            ]
          ]
        ]
      }
    },
    {
      "type": "Feature",
      "id": "old_tdp_poly_248_0",
      "properties": {
        "name": "Đa giác 268",
        "description": "",
        "featureType": "zone",
        "area": 47.2216,
        "source": "95_TDP_CU"
      },
      "geometry": {
        "type": "Polygon",
        "coordinates": [
          [
            [
              108.1456543,
              16.0837646
            ],
            [
              108.1406624,
              16.0778731
            ],
            [
              108.1433017,
              16.0757907
            ],
            [
              108.1467349,
              16.0740793
            ],
            [
              108.1489245,
              16.0747844
            ],
            [
              108.1456543,
              16.0837646
            ]
          ]
        ]
      }
    },
    {
      "type": "Feature",
      "id": "old_tdp_poly_249_0",
      "properties": {
        "name": "Đa giác 270",
        "description": "",
        "featureType": "zone",
        "area": 16.4809,
        "source": "95_TDP_CU"
      },
      "geometry": {
        "type": "Polygon",
        "coordinates": [
          [
            [
              108.1351673,
              16.0740293
            ],
            [
              108.1355106,
              16.0746891
            ],
            [
              108.1349749,
              16.0749315
            ],
            [
              108.138199,
              16.0784737
            ],
            [
              108.1361866,
              16.0800602
            ],
            [
              108.1325892,
              16.0757859
            ],
            [
              108.1336621,
              16.0751622
            ],
            [
              108.1339665,
              16.0748968
            ],
            [
              108.1345526,
              16.0745024
            ],
            [
              108.1351673,
              16.0740293
            ]
          ]
        ]
      }
    },
    {
      "type": "Feature",
      "id": "old_tdp_poly_250_0",
      "properties": {
        "name": "Đa giác 271",
        "description": "",
        "featureType": "zone",
        "area": 136.3724,
        "source": "95_TDP_CU"
      },
      "geometry": {
        "type": "Polygon",
        "coordinates": [
          [
            [
              108.1209495,
              16.0928213
            ],
            [
              108.116894,
              16.0881618
            ],
            [
              108.1278159,
              16.0792343
            ],
            [
              108.1289103,
              16.0794405
            ],
            [
              108.1310936,
              16.0777653
            ],
            [
              108.132829,
              16.0764535
            ],
            [
              108.1341996,
              16.0781107
            ],
            [
              108.1359699,
              16.0802859
            ],
            [
              108.1209495,
              16.0928213
            ]
          ]
        ]
      }
    },
    {
      "type": "Feature",
      "id": "old_tdp_point_251_0",
      "properties": {
        "name": "TỔ 56",
        "description": "",
        "featureType": "poi",
        "source": "95_TDP_CU"
      },
      "geometry": {
        "type": "Point",
        "coordinates": [
          108.1423755,
          16.0678856
        ]
      }
    },
    {
      "type": "Feature",
      "id": "old_tdp_poly_252_0",
      "properties": {
        "name": "Đa giác 274",
        "description": "",
        "featureType": "zone",
        "area": 136.8905,
        "source": "95_TDP_CU"
      },
      "geometry": {
        "type": "Polygon",
        "coordinates": [
          [
            [
              108.1289159,
              16.079273
            ],
            [
              108.1271461,
              16.0788725
            ],
            [
              108.1263092,
              16.0788106
            ],
            [
              108.1260517,
              16.0785426
            ],
            [
              108.1261375,
              16.0776354
            ],
            [
              108.1257402,
              16.0772524
            ],
            [
              108.1257084,
              16.0767385
            ],
            [
              108.125923,
              16.0767075
            ],
            [
              108.1260839,
              16.0768622
            ],
            [
              108.1258413,
              16.0751387
            ],
            [
              108.1256053,
              16.0749737
            ],
            [
              108.1254507,
              16.0745169
            ],
            [
              108.1236965,
              16.0645733
            ],
            [
              108.1303122,
              16.0636687
            ],
            [
              108.1348285,
              16.0727143
            ],
            [
              108.1346461,
              16.0728071
            ],
            [
              108.1343725,
              16.0731421
            ],
            [
              108.1342928,
              16.0734215
            ],
            [
              108.1345334,
              16.0736318
            ],
            [
              108.1348185,
              16.0737771
            ],
            [
              108.1348994,
              16.0737461
            ],
            [
              108.1351354,
              16.0737667
            ],
            [
              108.1351718,
              16.0738999
            ],
            [
              108.1346926,
              16.074348
            ],
            [
              108.1344909,
              16.0744702
            ],
            [
              108.1339088,
              16.0748633
            ],
            [
              108.1335339,
              16.0751263
            ],
            [
              108.1332818,
              16.0753119
            ],
            [
              108.1330028,
              16.0755129
            ],
            [
              108.1327292,
              16.0756985
            ],
            [
              108.1325892,
              16.0757859
            ],
            [
              108.132801,
              16.0761572
            ],
            [
              108.1289159,
              16.079273
            ]
          ]
        ]
      }
    },
    {
      "type": "Feature",
      "id": "old_tdp_poly_253_0",
      "properties": {
        "name": "Đa giác 236",
        "description": "",
        "featureType": "zone",
        "area": 43.5199,
        "source": "95_TDP_CU"
      },
      "geometry": {
        "type": "Polygon",
        "coordinates": [
          [
            [
              108.1271657,
              16.0790461
            ],
            [
              108.1266663,
              16.0792886
            ],
            [
              108.1245371,
              16.0792936
            ],
            [
              108.1217632,
              16.0789587
            ],
            [
              108.1213877,
              16.07867
            ],
            [
              108.1211924,
              16.0784712
            ],
            [
              108.1167935,
              16.0775815
            ],
            [
              108.1169168,
              16.0771743
            ],
            [
              108.1167674,
              16.0768971
            ],
            [
              108.1167862,
              16.0765337
            ],
            [
              108.1167379,
              16.0763121
            ],
            [
              108.1167373,
              16.0760565
            ],
            [
              108.116923,
              16.0756342
            ],
            [
              108.1168962,
              16.0754848
            ],
            [
              108.1172046,
              16.0754229
            ],
            [
              108.1173173,
              16.0755157
            ],
            [
              108.117607,
              16.0755724
            ],
            [
              108.117674,
              16.0756497
            ],
            [
              108.1182658,
              16.0755065
            ],
            [
              108.1182336,
              16.0750322
            ],
            [
              108.1194138,
              16.0749292
            ],
            [
              108.1196984,
              16.07484
            ],
            [
              108.1197306,
              16.0744895
            ],
            [
              108.1198915,
              16.0742833
            ],
            [
              108.120267,
              16.0740461
            ],
            [
              108.1208357,
              16.0738297
            ],
            [
              108.1215277,
              16.0732936
            ],
            [
              108.1216135,
              16.0735101
            ],
            [
              108.1216936,
              16.0734762
            ],
            [
              108.1226381,
              16.0732729
            ],
            [
              108.1240807,
              16.0735638
            ],
            [
              108.1239037,
              16.0738679
            ],
            [
              108.1239734,
              16.0740071
            ],
            [
              108.1244241,
              16.0740535
            ],
            [
              108.1242953,
              16.0743009
            ],
            [
              108.1241616,
              16.0747678
            ],
            [
              108.1245654,
              16.0747106
            ],
            [
              108.1249282,
              16.0746494
            ],
            [
              108.1254217,
              16.0747525
            ],
            [
              108.1257972,
              16.0751855
            ],
            [
              108.1258938,
              16.0752061
            ],
            [
              108.1259474,
              16.0755773
            ],
            [
              108.1254022,
              16.0757828
            ],
            [
              108.1246814,
              16.0759381
            ],
            [
              108.124619,
              16.0763189
            ],
            [
              108.1250033,
              16.0768556
            ],
            [
              108.1248745,
              16.0771443
            ],
            [
              108.1248209,
              16.0775257
            ],
            [
              108.1246492,
              16.0776907
            ],
            [
              108.1253573,
              16.0780103
            ],
            [
              108.1263092,
              16.0788106
            ],
            [
              108.1271657,
              16.0790461
            ]
          ]
        ]
      }
    },
    {
      "type": "Feature",
      "id": "old_tdp_poly_254_0",
      "properties": {
        "name": "Đa giác 275",
        "description": "",
        "featureType": "zone",
        "area": 183.2504,
        "source": "95_TDP_CU"
      },
      "geometry": {
        "type": "Polygon",
        "coordinates": [
          [
            [
              108.1156284,
              16.0797557
            ],
            [
              108.1169168,
              16.0771743
            ],
            [
              108.1167228,
              16.0768743
            ],
            [
              108.1167862,
              16.0765337
            ],
            [
              108.1166959,
              16.0763176
            ],
            [
              108.1167373,
              16.0760565
            ],
            [
              108.116923,
              16.0756342
            ],
            [
              108.1168962,
              16.0754848
            ],
            [
              108.1172046,
              16.0754229
            ],
            [
              108.1159508,
              16.0650491
            ],
            [
              108.1236965,
              16.0645733
            ],
            [
              108.1254217,
              16.0747525
            ],
            [
              108.1257972,
              16.0751855
            ],
            [
              108.1260839,
              16.0768622
            ],
            [
              108.1258479,
              16.0767075
            ],
            [
              108.1257084,
              16.0767385
            ],
            [
              108.1256655,
              16.0772024
            ],
            [
              108.126121,
              16.0776498
            ],
            [
              108.1260144,
              16.0785137
            ],
            [
              108.1262558,
              16.0787869
            ],
            [
              108.1272349,
              16.0790309
            ],
            [
              108.1200574,
              16.0846749
            ],
            [
              108.1156284,
              16.0797557
            ]
          ]
        ]
      }
    },
    {
      "type": "Feature",
      "id": "old_tdp_poly_255_0",
      "properties": {
        "name": "Đa giác 276",
        "description": "",
        "featureType": "zone",
        "area": 116.7096,
        "source": "95_TDP_CU"
      },
      "geometry": {
        "type": "Polygon",
        "coordinates": [
          [
            [
              108.1431873,
              16.0887573
            ],
            [
              108.142079,
              16.0884128
            ],
            [
              108.1419556,
              16.0888303
            ],
            [
              108.139506,
              16.0879056
            ],
            [
              108.1397635,
              16.0877097
            ],
            [
              108.1407273,
              16.0875832
            ],
            [
              108.1409441,
              16.0874948
            ],
            [
              108.1415342,
              16.0875979
            ],
            [
              108.1415549,
              16.087442
            ],
            [
              108.141833,
              16.0872894
            ],
            [
              108.1414737,
              16.0869648
            ],
            [
              108.1413031,
              16.0870427
            ],
            [
              108.1411673,
              16.0869145
            ],
            [
              108.1413891,
              16.0867267
            ],
            [
              108.140994,
              16.0864178
            ],
            [
              108.1411357,
              16.0861571
            ],
            [
              108.1408085,
              16.0858323
            ],
            [
              108.1406851,
              16.0859818
            ],
            [
              108.1403518,
              16.086179
            ],
            [
              108.1399971,
              16.0863143
            ],
            [
              108.139401,
              16.086563
            ],
            [
              108.1392877,
              16.0864612
            ],
            [
              108.1379855,
              16.0881326
            ],
            [
              108.1365519,
              16.0895308
            ],
            [
              108.1351383,
              16.0885361
            ],
            [
              108.1363158,
              16.0870155
            ],
            [
              108.1355356,
              16.0865138
            ],
            [
              108.1344194,
              16.0878505
            ],
            [
              108.1324614,
              16.0865361
            ],
            [
              108.130659,
              16.0880206
            ],
            [
              108.1284703,
              16.0867011
            ],
            [
              108.1397785,
              16.0775673
            ],
            [
              108.1454004,
              16.0838559
            ],
            [
              108.1431873,
              16.0887573
            ]
          ]
        ]
      }
    },
    {
      "type": "Feature",
      "id": "old_tdp_poly_256_0",
      "properties": {
        "name": "Đa giác 277",
        "description": "",
        "featureType": "zone",
        "area": 13.5483,
        "source": "95_TDP_CU"
      },
      "geometry": {
        "type": "Polygon",
        "coordinates": [
          [
            [
              108.1486697,
              16.0803477
            ],
            [
              108.1484512,
              16.0803644
            ],
            [
              108.1479589,
              16.0800925
            ],
            [
              108.1473098,
              16.0798348
            ],
            [
              108.1483208,
              16.077408
            ],
            [
              108.1487559,
              16.0775498
            ],
            [
              108.1489953,
              16.0769841
            ],
            [
              108.1491904,
              16.0770344
            ],
            [
              108.149299,
              16.0770434
            ],
            [
              108.1494787,
              16.0769693
            ],
            [
              108.1495841,
              16.0769609
            ],
            [
              108.149708,
              16.077165
            ],
            [
              108.1498404,
              16.0772439
            ],
            [
              108.1502213,
              16.0775325
            ],
            [
              108.1505056,
              16.0778573
            ],
            [
              108.1507742,
              16.0789131
            ],
            [
              108.1509697,
              16.0797716
            ],
            [
              108.1509375,
              16.0801015
            ],
            [
              108.1514282,
              16.0804294
            ],
            [
              108.1519974,
              16.0805917
            ],
            [
              108.1514766,
              16.0816458
            ],
            [
              108.151144,
              16.0813675
            ],
            [
              108.149993,
              16.0814771
            ],
            [
              108.1499088,
              16.0811642
            ],
            [
              108.1496098,
              16.080883
            ],
            [
              108.1493093,
              16.0809655
            ],
            [
              108.1492222,
              16.0807828
            ],
            [
              108.1490559,
              16.0805641
            ],
            [
              108.1486697,
              16.0803477
            ]
          ]
        ]
      }
    },
    {
      "type": "Feature",
      "id": "old_tdp_poly_257_0",
      "properties": {
        "name": "Đa giác 278",
        "description": "",
        "featureType": "zone",
        "area": 2.4844,
        "source": "95_TDP_CU"
      },
      "geometry": {
        "type": "Polygon",
        "coordinates": [
          [
            [
              108.1493975,
              16.0823483
            ],
            [
              108.1493519,
              16.0823032
            ],
            [
              108.1492929,
              16.0822271
            ],
            [
              108.1491427,
              16.0822426
            ],
            [
              108.148578,
              16.0819436
            ],
            [
              108.1498997,
              16.0811724
            ],
            [
              108.1499624,
              16.0815147
            ],
            [
              108.151144,
              16.0813675
            ],
            [
              108.1514541,
              16.0816196
            ],
            [
              108.1510142,
              16.0823592
            ],
            [
              108.149539,
              16.0822974
            ],
            [
              108.1493975,
              16.0823483
            ]
          ]
        ]
      }
    },
    {
      "type": "Feature",
      "id": "old_tdp_point_258_0",
      "properties": {
        "name": "TỔ 17",
        "description": "",
        "featureType": "poi",
        "source": "95_TDP_CU"
      },
      "geometry": {
        "type": "Point",
        "coordinates": [
          108.1499287,
          16.0818998
        ]
      }
    },
    {
      "type": "Feature",
      "id": "old_tdp_poly_259_0",
      "properties": {
        "name": "Đa giác 281",
        "description": "",
        "featureType": "zone",
        "area": 1.6253,
        "source": "95_TDP_CU"
      },
      "geometry": {
        "type": "Polygon",
        "coordinates": [
          [
            [
              108.1441383,
              16.0790003
            ],
            [
              108.1440524,
              16.0790003
            ],
            [
              108.1439773,
              16.07799
            ],
            [
              108.1452541,
              16.0778973
            ],
            [
              108.1453828,
              16.0789694
            ],
            [
              108.1441383,
              16.0790003
            ]
          ]
        ]
      }
    },
    {
      "type": "Feature",
      "id": "old_tdp_point_260_0",
      "properties": {
        "name": "TỔ SỐ 8 (866 hộ, 2982 khẩu (Quang Thành 3A + 25 (Quang Thành 4B1) + 43 (Đa Phước)",
        "description": "",
        "featureType": "poi",
        "source": "95_TDP_CU"
      },
      "geometry": {
        "type": "Point",
        "coordinates": [
          108.1444494,
          16.078423
        ]
      }
    },
    {
      "type": "Feature",
      "id": "old_tdp_poly_261_0",
      "properties": {
        "name": "Đa giác 280",
        "description": "",
        "featureType": "zone",
        "area": 47.5247,
        "source": "95_TDP_CU"
      },
      "geometry": {
        "type": "Polygon",
        "coordinates": [
          [
            [
              108.1517744,
              16.0905484
            ],
            [
              108.1457951,
              16.0837986
            ],
            [
              108.1473098,
              16.0798348
            ],
            [
              108.1484512,
              16.0803644
            ],
            [
              108.1486697,
              16.0803477
            ],
            [
              108.1490559,
              16.0805641
            ],
            [
              108.1493093,
              16.0809655
            ],
            [
              108.1496575,
              16.080974
            ],
            [
              108.1499088,
              16.0811642
            ],
            [
              108.1499876,
              16.0814462
            ],
            [
              108.151144,
              16.0813675
            ],
            [
              108.1514766,
              16.0816458
            ],
            [
              108.1501746,
              16.0838692
            ],
            [
              108.1546282,
              16.0885691
            ],
            [
              108.1517744,
              16.0905484
            ]
          ]
        ]
      }
    },
    {
      "type": "Feature",
      "id": "old_tdp_poly_262_0",
      "properties": {
        "name": "Đa giác 267",
        "description": "",
        "featureType": "zone",
        "area": 1.5517,
        "source": "95_TDP_CU"
      },
      "geometry": {
        "type": "Polygon",
        "coordinates": [
          [
            [
              108.1479475,
              16.085593
            ],
            [
              108.148044,
              16.0845209
            ],
            [
              108.1492242,
              16.0845931
            ],
            [
              108.1492027,
              16.0856549
            ],
            [
              108.1479475,
              16.085593
            ]
          ]
        ]
      }
    },
    {
      "type": "Feature",
      "id": "old_tdp_point_263_0",
      "properties": {
        "name": "TỔ 14 (824 hộ ; 3348 khẩu)Quang Thành 4B1+ 4B2+ 4B3 + 16 hộ tổ 24 QT 4B1-và tổ 17 QT 3B2",
        "description": "",
        "featureType": "poi",
        "source": "95_TDP_CU"
      },
      "geometry": {
        "type": "Point",
        "coordinates": [
          108.1486341,
          16.0850467
        ]
      }
    },
    {
      "type": "Feature",
      "id": "old_tdp_point_264_0",
      "properties": {
        "name": "Tổ 12",
        "description": "",
        "featureType": "poi",
        "source": "95_TDP_CU"
      },
      "geometry": {
        "type": "Point",
        "coordinates": [
          108.1516,
          16.0790597
        ]
      }
    },
    {
      "type": "Feature",
      "id": "old_tdp_poly_265_0",
      "properties": {
        "name": "Đa giác 270",
        "description": "",
        "featureType": "zone",
        "area": 12.6083,
        "source": "95_TDP_CU"
      },
      "geometry": {
        "type": "Polygon",
        "coordinates": [
          [
            [
              108.1519288,
              16.0804998
            ],
            [
              108.1513816,
              16.080407
            ],
            [
              108.1509268,
              16.0801015
            ],
            [
              108.1510168,
              16.07984
            ],
            [
              108.1504959,
              16.0778893
            ],
            [
              108.1502926,
              16.077505
            ],
            [
              108.1497562,
              16.0771545
            ],
            [
              108.1495841,
              16.0769609
            ],
            [
              108.1495094,
              16.0768968
            ],
            [
              108.1493002,
              16.0769792
            ],
            [
              108.1491286,
              16.0769844
            ],
            [
              108.149032,
              16.0769535
            ],
            [
              108.1487262,
              16.0774844
            ],
            [
              108.1483883,
              16.0773813
            ],
            [
              108.149466,
              16.0745858
            ],
            [
              108.1510973,
              16.0752808
            ],
            [
              108.1505871,
              16.076743
            ],
            [
              108.1509346,
              16.0770639
            ],
            [
              108.1510669,
              16.0771092
            ],
            [
              108.1515855,
              16.0776803
            ],
            [
              108.151902,
              16.0779509
            ],
            [
              108.1526449,
              16.0784019
            ],
            [
              108.1528997,
              16.078554
            ],
            [
              108.153865,
              16.0770901
            ],
            [
              108.154621,
              16.075451
            ],
            [
              108.1548417,
              16.075639
            ],
            [
              108.1531981,
              16.0786199
            ],
            [
              108.1520736,
              16.0805771
            ],
            [
              108.1519288,
              16.0804998
            ]
          ]
        ]
      }
    },
    {
      "type": "Feature",
      "id": "old_tdp_poly_266_0",
      "properties": {
        "name": "Đa giác 223",
        "description": "",
        "featureType": "zone",
        "area": 0.8169,
        "source": "95_TDP_CU"
      },
      "geometry": {
        "type": "Polygon",
        "coordinates": [
          [
            [
              108.1442617,
              16.0743915
            ],
            [
              108.1442282,
              16.0736844
            ],
            [
              108.1451844,
              16.0736595
            ],
            [
              108.1453024,
              16.0743193
            ],
            [
              108.1442617,
              16.0743915
            ]
          ]
        ]
      }
    },
    {
      "type": "Feature",
      "id": "old_tdp_poly_267_0",
      "properties": {
        "name": "Đa giác 269",
        "description": "",
        "featureType": "zone",
        "area": 42.9604,
        "source": "95_TDP_CU"
      },
      "geometry": {
        "type": "Polygon",
        "coordinates": [
          [
            [
              108.1468312,
              16.0738261
            ],
            [
              108.1434954,
              16.0756873
            ],
            [
              108.1406624,
              16.0778113
            ],
            [
              108.1372506,
              16.0739712
            ],
            [
              108.1448896,
              16.0700863
            ],
            [
              108.1458552,
              16.0716515
            ],
            [
              108.1468312,
              16.0738261
            ]
          ]
        ]
      }
    },
    {
      "type": "Feature",
      "id": "old_tdp_point_268_0",
      "properties": {
        "name": "TỔ SỐ 10 (509 hộ, 2317 khẩu (KDC Đa Phước 1A + KDC Đa Phước 3 tổ 44).",
        "description": "",
        "featureType": "poi",
        "source": "95_TDP_CU"
      },
      "geometry": {
        "type": "Point",
        "coordinates": [
          108.1447066,
          16.0739769
        ]
      }
    },
    {
      "type": "Feature",
      "id": "old_tdp_poly_269_0",
      "properties": {
        "name": "Đa giác 273",
        "description": "",
        "featureType": "zone",
        "area": 85.5879,
        "source": "95_TDP_CU"
      },
      "geometry": {
        "type": "Polygon",
        "coordinates": [
          [
            [
              108.1351692,
              16.073838
            ],
            [
              108.1349787,
              16.0737194
            ],
            [
              108.1347695,
              16.0737298
            ],
            [
              108.1345334,
              16.0736318
            ],
            [
              108.1343457,
              16.0734205
            ],
            [
              108.1343725,
              16.0731421
            ],
            [
              108.1345791,
              16.0727968
            ],
            [
              108.1348285,
              16.0727143
            ],
            [
              108.1346139,
              16.0723483
            ],
            [
              108.1303122,
              16.0636687
            ],
            [
              108.1336488,
              16.0640089
            ],
            [
              108.1360414,
              16.0643595
            ],
            [
              108.1379404,
              16.0642048
            ],
            [
              108.1387557,
              16.0643492
            ],
            [
              108.1396279,
              16.0660864
            ],
            [
              108.1403468,
              16.0673931
            ],
            [
              108.141438,
              16.0685865
            ],
            [
              108.1426181,
              16.0696793
            ],
            [
              108.1436876,
              16.0707193
            ],
            [
              108.1419602,
              16.0716575
            ],
            [
              108.1399003,
              16.0718018
            ],
            [
              108.1379618,
              16.0725454
            ],
            [
              108.1351692,
              16.073838
            ]
          ]
        ]
      }
    }
  ]
}